id,model,trim,year,price_usd,mileage_km,fuel_type,transmission,engine_liters,horsepower,color,body_type,region,owner_count,condition,service_history
1,GLS,Avantgarde,2010,107035,150098,Petrol,Automatic,5.4,380,Red,SUV,Europe,4,Like New,No
2,CLA,AMG Line,2017,71392,37857,Plug-in Hybrid,Manual,3.6,189,Black,Coupe,Asia Pacific,3,New,Yes
3,C-Class,Sport,2020,83666,113954,Petrol,Automatic,4.6,544,Gray,Sedan,Latin America,3,New,Yes
4,A-Class,Base,2022,70616,126762,Petrol,Manual,3,452,Black,Hatchback,Asia Pacific,1,New,Yes
5,GLS,Premium Plus,2011,125586,54886,Diesel,Automatic,1.7,489,Blue,SUV,Latin America,2,New,No
6,GLB,Base,2022,73075,16321,Petrol,Manual,1.5,593,Black,Sedan,Asia Pacific,2,Fair,Yes
7,C-Class,Exclusive,2022,80316,109826,Diesel,Manual,4.6,498,Brown,Coupe,Europe,4,New,Yes
8,B-Class,Premium,2013,34252,185200,Petrol,Automatic,4.7,380,Silver,Hatchback,Latin America,4,Fair,Yes
9,EQC,Premium Plus,2008,77810,125173,Electric,Automatic,0,201,Red,SUV,Europe,2,Like New,No
10,B-Class,Sport,2010,44356,75097,Diesel,Manual,6,113,Gold,Coupe,Europe,4,New,Yes
11,S-Class,Premium,2019,103220,137059,Petrol,Automatic,2.3,124,White,SUV,Latin America,4,Like New,Yes
12,C-Class,AMG Line,2018,82623,128118,Hybrid,Manual,3.5,575,Red,Sedan,Middle East,2,Excellent,Yes
13,EQB,Avantgarde,2009,91584,60012,Electric,Automatic,0,594,White,Sedan,Middle East,2,Good,Yes
14,EQC,Sport,2011,80433,112599,Electric,Automatic,0,454,Gray,Sedan,Europe,4,Fair,Yes
15,EQB,AMG Line,2023,92715,130095,Electric,Automatic,0,309,Blue,Sedan,North America,4,Like New,Yes
16,EQA,Luxury,2025,83956,173257,Electric,Automatic,0,573,Green,Sedan,Europe,1,Fair,Yes
17,GLS,Base,2022,112977,76616,Hybrid,Manual,2.4,389,Black,SUV,Africa,3,Good,No
18,E-Class,AMG Line,2011,59068,104940,Diesel,Automatic,3.4,349,Beige,Liftback,Middle East,3,Good,Yes
19,C-Class,Sport,2018,74964,138310,Diesel,Automatic,4,575,Black,Liftback,Africa,4,Like New,Yes
20,GLC,Base,2024,93094,80967,Hybrid,Manual,3,607,Black,Wagon,Asia Pacific,1,Good,No
21,GLB,Exclusive,2014,81244,81332,Hybrid,Manual,3.1,461,Gold,Wagon,Europe,1,New,Yes
22,A-Class,Premium Plus,2014,35254,69979,Petrol,Automatic,6.7,204,Beige,Wagon,Asia Pacific,1,Very Good,Yes
23,GLE,Exclusive,2015,101584,73662,Plug-in Hybrid,Manual,4.4,465,Silver,SUV,Latin America,3,Excellent,Yes
24,GLC,Luxury,2020,67663,78108,Hybrid,Automatic,6.9,374,White,Roadster,Middle East,1,Fair,Yes
25,GLA,Base,2025,56748,86532,Diesel,Manual,3.7,159,Gold,SUV,Africa,4,Like New,Yes
26,E-Class,Sport,2023,78637,124519,Hybrid,Manual,3.2,142,Red,Roadster,Africa,4,New,Yes
27,CLA,Avantgarde,2014,33045,61702,Petrol,Manual,1.4,233,Red,Coupe,Middle East,4,Fair,Yes
28,AMG GT,AMG Line,2017,147547,40533,Petrol,Manual,1.8,390,Green,Coupe,Africa,3,Good,Yes
29,CLA,Exclusive,2023,87465,153626,Plug-in Hybrid,Manual,5.9,460,White,Coupe,Africa,4,New,Yes
30,EQC,Luxury,2022,100503,93895,Electric,Automatic,0,274,Gold,SUV,Asia Pacific,4,Like New,Yes
31,A-Class,Luxury,2014,49227,195012,Diesel,Manual,2.1,577,Green,Sedan,Asia Pacific,4,Very Good,No
32,B-Class,Avantgarde,2021,72242,38313,Petrol,Automatic,4.5,628,Green,SUV,Middle East,2,Good,Yes
33,A-Class,AMG Line,2023,54151,177329,Plug-in Hybrid,Automatic,2.7,325,Blue,Liftback,Latin America,4,Good,No
34,AMG GT,Sport,2012,125339,207056,Petrol,Manual,4.8,352,Gray,Coupe,Europe,2,Good,Yes
35,B-Class,Base,2016,46019,127332,Diesel,Manual,2.2,441,Gray,SUV,Africa,2,Good,Yes
36,S-Class,Exclusive,2017,116796,51324,Petrol,Manual,3.5,503,Beige,SUV,Middle East,2,Very Good,Yes
37,GLB,Avantgarde,2020,62666,191654,Petrol,Manual,3.5,396,Silver,Coupe,Asia Pacific,4,Excellent,No
38,GLB,AMG Line,2019,57003,74054,Petrol,Automatic,2,200,Beige,SUV,Middle East,1,Like New,Yes
39,GLA,Base,2023,91308,18147,Petrol,Manual,6.2,565,Black,Convertible,Africa,3,New,Yes
40,EQC,AMG Line,2010,81902,104481,Electric,Automatic,0,254,Blue,Sedan,Asia Pacific,1,Like New,Yes
41,GLB,Night Edition,2023,85416,112623,Diesel,Manual,1.5,610,Beige,SUV,Africa,3,Like New,No
42,EQB,AMG Line,2019,88786,129162,Electric,Automatic,0,210,Black,Sedan,Asia Pacific,1,New,Yes
43,EQA,Avantgarde,2023,96891,48738,Electric,Automatic,0,501,Blue,Sedan,Africa,1,Excellent,No
44,GLA,Exclusive,2008,38186,94970,Hybrid,Automatic,3.4,228,Black,Wagon,North America,2,Good,Yes
45,A-Class,Premium,2016,77857,209233,Plug-in Hybrid,Manual,4.8,555,Blue,Coupe,Middle East,1,New,No
46,S-Class,Luxury,2021,122992,90233,Petrol,Manual,1.3,570,Red,SUV,Latin America,1,Very Good,Yes
47,AMG GT,Sport,2011,152315,119054,Diesel,Automatic,5.3,455,Brown,Coupe,Latin America,3,New,Yes
48,B-Class,Premium Plus,2017,49213,145288,Plug-in Hybrid,Automatic,4.9,198,Red,Convertible,North America,4,Very Good,Yes
49,AMG GT,Exclusive,2017,156992,47320,Diesel,Automatic,1.9,588,Green,Coupe,Africa,4,Good,Yes
50,E-Class,Premium,2015,96224,52336,Plug-in Hybrid,Manual,5.1,615,Brown,Roadster,North America,1,Good,Yes
51,GLB,Base,2015,79666,58358,Hybrid,Automatic,3.7,454,Brown,Hatchback,Latin America,1,Like New,No
52,EQC,Premium,2020,83971,166610,Electric,Automatic,0,265,Black,SUV,Africa,2,Excellent,No
53,GLA,Night Edition,2008,62361,172385,Plug-in Hybrid,Automatic,3.1,571,White,Coupe,Asia Pacific,4,Very Good,Yes
54,AMG GT,Night Edition,2020,149030,155188,Petrol,Manual,2.6,523,Gray,Coupe,Africa,1,Very Good,No
55,GLS,Avantgarde,2012,103014,169560,Petrol,Manual,5.1,436,Blue,SUV,Middle East,1,Good,Yes
56,GLB,Premium Plus,2021,89546,60803,Plug-in Hybrid,Manual,4.7,377,Gold,Hatchback,Europe,4,New,No
57,GLB,Night Edition,2016,47308,214593,Diesel,Automatic,4.7,262,Black,Hatchback,North America,2,Excellent,Yes
58,A-Class,Luxury,2017,41322,100670,Diesel,Automatic,1.7,132,White,Roadster,Latin America,2,Like New,No
59,EQC,Premium,2020,103122,37312,Electric,Automatic,0,382,White,Sedan,Asia Pacific,2,Like New,No
60,GLA,Luxury,2015,71001,174927,Hybrid,Manual,1.5,626,White,Convertible,Latin America,4,Very Good,Yes
61,GLA,Night Edition,2024,79966,27056,Hybrid,Automatic,3.7,560,Brown,SUV,North America,1,Good,Yes
62,CLA,Night Edition,2010,46050,196607,Plug-in Hybrid,Automatic,4.8,359,Beige,Coupe,North America,3,Good,Yes
63,AMG GT,Base,2015,144380,51061,Plug-in Hybrid,Manual,4.6,227,Blue,Coupe,North America,3,Very Good,Yes
64,B-Class,Premium,2020,36386,159017,Diesel,Automatic,1.7,379,Silver,SUV,Latin America,1,Fair,Yes
65,GLC,Luxury,2012,79940,154696,Petrol,Manual,5,526,White,Sedan,North America,4,Like New,Yes
66,C-Class,Sport,2022,85971,18410,Diesel,Manual,1.5,582,Red,Coupe,Asia Pacific,1,Excellent,Yes
67,GLB,Base,2013,64615,67976,Plug-in Hybrid,Automatic,3.7,288,Blue,Wagon,Africa,2,Excellent,Yes
68,GLC,Avantgarde,2023,85324,176191,Plug-in Hybrid,Manual,5.7,584,Silver,Coupe,Middle East,3,Good,Yes
69,GLA,Avantgarde,2010,35180,227616,Plug-in Hybrid,Manual,1.4,215,Red,Liftback,Middle East,4,Fair,Yes
70,GLC,Base,2018,87970,132798,Plug-in Hybrid,Manual,4.7,499,Gray,Liftback,Middle East,4,Excellent,No
71,EQC,Sport,2011,78404,109830,Electric,Automatic,0,323,Gold,Sedan,Middle East,4,Very Good,Yes
72,GLS,Base,2008,80130,220280,Petrol,Automatic,6.6,205,White,SUV,Middle East,1,Good,Yes
73,GLB,Exclusive,2016,69686,188688,Hybrid,Manual,6.4,572,Green,Hatchback,Asia Pacific,2,Good,No
74,B-Class,Sport,2010,43905,212550,Plug-in Hybrid,Manual,5.5,436,Green,Sedan,Europe,1,Fair,Yes
75,C-Class,Luxury,2011,70659,113041,Plug-in Hybrid,Automatic,5.9,555,Silver,Hatchback,Europe,3,Good,Yes
76,EQB,Premium Plus,2012,75780,99080,Electric,Automatic,0,324,Gold,Sedan,Asia Pacific,3,Very Good,Yes
77,EQB,Sport,2017,90347,168892,Electric,Automatic,0,293,Silver,Sedan,Africa,3,New,Yes
78,GLS,Premium Plus,2009,96856,115061,Petrol,Automatic,3,278,White,SUV,Middle East,4,Very Good,No
79,A-Class,Exclusive,2017,50158,88477,Plug-in Hybrid,Manual,4.5,439,Red,Roadster,North America,2,Fair,Yes
80,GLE,Avantgarde,2023,79082,91563,Diesel,Manual,6.9,217,Green,SUV,Europe,2,Excellent,No
81,EQB,Luxury,2009,58492,163375,Electric,Automatic,0,272,Blue,Sedan,North America,1,Good,No
82,B-Class,Sport,2012,46136,223855,Petrol,Manual,2.7,573,Gray,Hatchback,Latin America,1,Good,Yes
83,E-Class,Avantgarde,2025,68768,130712,Diesel,Automatic,5.7,113,Gray,Hatchback,Middle East,2,Like New,Yes
84,B-Class,Night Edition,2008,20202,126803,Diesel,Manual,3.4,204,Black,Sedan,Europe,3,Fair,Yes
85,B-Class,Luxury,2011,53694,76105,Diesel,Automatic,3.8,617,Brown,Roadster,Europe,3,Fair,No
86,GLB,Exclusive,2023,100492,61035,Hybrid,Manual,3.7,547,Brown,SUV,Latin America,2,New,Yes
87,GLS,Base,2020,93290,80344,Petrol,Manual,3.8,231,Black,SUV,Europe,4,Fair,Yes
88,AMG GT,Luxury,2021,158262,134182,Diesel,Automatic,2,406,Gray,Coupe,North America,2,New,No
89,B-Class,Avantgarde,2025,57937,72591,Hybrid,Automatic,4.9,369,White,Liftback,North America,3,Fair,No
90,GLB,Night Edition,2010,47635,223402,Plug-in Hybrid,Automatic,4.3,209,Black,Sedan,North America,2,Excellent,Yes
91,B-Class,Sport,2011,62539,68353,Petrol,Manual,4.5,418,Beige,Wagon,Europe,1,New,No
92,C-Class,Exclusive,2025,67320,111937,Diesel,Automatic,2.5,319,Gold,Wagon,Latin America,4,Like New,Yes
93,C-Class,Base,2017,63593,59310,Plug-in Hybrid,Automatic,1.3,112,Beige,Convertible,Asia Pacific,4,Like New,No
94,EQC,Sport,2020,102483,42998,Electric,Automatic,0,577,Black,Sedan,Latin America,3,Fair,Yes
95,AMG GT,Luxury,2013,167199,225330,Plug-in Hybrid,Manual,2,588,Blue,Coupe,North America,3,New,No
96,CLA,Sport,2014,53986,172041,Diesel,Manual,3.2,434,Brown,Coupe,Latin America,4,Excellent,No
97,S-Class,Premium,2025,115113,87929,Plug-in Hybrid,Manual,2.7,215,Blue,SUV,Asia Pacific,2,Good,Yes
98,GLE,Exclusive,2022,110665,129579,Hybrid,Automatic,4.4,589,Blue,SUV,Middle East,4,Like New,No
99,GLB,Exclusive,2025,77919,50197,Plug-in Hybrid,Manual,4.8,436,White,Convertible,Africa,1,Good,Yes
100,B-Class,Sport,2024,67290,23958,Diesel,Manual,1.9,307,Gray,Liftback,Middle East,3,New,No
101,S-Class,AMG Line,2014,108403,54059,Hybrid,Automatic,2.9,404,Brown,SUV,North America,4,Good,No
102,GLA,Sport,2013,64552,117038,Hybrid,Manual,2.9,312,Green,Hatchback,Middle East,1,New,Yes
103,S-Class,Premium Plus,2012,95973,99694,Hybrid,Automatic,6.6,272,Gray,SUV,Latin America,2,Good,No
104,E-Class,Base,2024,81932,47101,Petrol,Automatic,2.8,432,Gold,Liftback,North America,1,Good,No
105,EQB,AMG Line,2024,95993,128111,Electric,Automatic,0,379,Green,Sedan,Europe,1,Like New,Yes
106,GLE,Premium,2025,88037,107279,Diesel,Manual,1.7,191,Green,SUV,Middle East,2,New,No
107,A-Class,Sport,2017,75634,47668,Diesel,Manual,1.4,602,Brown,SUV,North America,1,Like New,No
108,EQA,Avantgarde,2008,67499,119649,Electric,Automatic,0,368,Blue,Sedan,Africa,3,Good,No
109,AMG GT,Avantgarde,2018,144436,202012,Hybrid,Automatic,2.5,336,Silver,Coupe,Latin America,3,Excellent,Yes
110,GLE,Premium Plus,2022,95469,91637,Petrol,Manual,3.1,231,White,SUV,North America,1,New,No
111,E-Class,AMG Line,2014,85012,84966,Plug-in Hybrid,Automatic,5.9,299,Gray,SUV,Latin America,3,Like New,No
112,CLA,Premium,2011,56665,59131,Petrol,Manual,2.3,548,Red,Coupe,Asia Pacific,3,Good,Yes
113,GLA,Night Edition,2017,37374,192616,Diesel,Automatic,2.7,337,Silver,Hatchback,Latin America,4,Fair,No
114,EQB,Avantgarde,2022,88211,193147,Electric,Automatic,0,527,Gold,SUV,North America,1,Very Good,Yes
115,GLB,Premium Plus,2018,85257,39185,Plug-in Hybrid,Manual,6.5,378,Red,Wagon,North America,1,New,No
116,B-Class,Exclusive,2012,66592,180420,Plug-in Hybrid,Automatic,6.4,368,Beige,Liftback,Europe,3,New,Yes
117,GLC,Night Edition,2017,92499,45453,Hybrid,Manual,5.8,587,Beige,Wagon,North America,1,Very Good,No
118,GLB,Luxury,2010,82472,178102,Hybrid,Manual,3.6,632,Black,Wagon,North America,1,New,Yes
119,AMG GT,Exclusive,2009,100574,212867,Diesel,Automatic,5.7,151,Gray,Coupe,Asia Pacific,2,Fair,No
120,EQB,Premium Plus,2010,79460,72626,Electric,Automatic,0,416,Gold,Sedan,Europe,3,Good,Yes
121,CLA,Premium Plus,2024,73199,60939,Plug-in Hybrid,Manual,5.7,438,Gray,Coupe,Europe,3,Good,No
122,AMG GT,Night Edition,2010,142156,96317,Diesel,Automatic,3.6,260,Red,Coupe,Asia Pacific,3,New,No
123,GLB,Base,2022,52915,156162,Plug-in Hybrid,Automatic,2.5,190,Brown,Wagon,Latin America,3,Good,Yes
124,C-Class,Exclusive,2024,48377,148265,Petrol,Automatic,4.7,320,Blue,Roadster,North America,4,Fair,Yes
125,E-Class,Exclusive,2010,62590,107926,Petrol,Manual,3.9,291,Blue,Roadster,Asia Pacific,2,Very Good,Yes
126,AMG GT,Exclusive,2020,162161,200098,Plug-in Hybrid,Automatic,2.2,544,Blue,Coupe,Middle East,3,Very Good,Yes
127,A-Class,AMG Line,2008,40208,204405,Plug-in Hybrid,Automatic,3.7,370,Red,SUV,Africa,2,Very Good,No
128,GLC,AMG Line,2015,63504,61848,Hybrid,Automatic,5.5,148,Red,Hatchback,Asia Pacific,1,Excellent,No
129,GLC,Exclusive,2016,64640,150776,Diesel,Automatic,5.7,557,Black,Coupe,Africa,3,Fair,No
130,GLS,AMG Line,2018,95451,147112,Petrol,Automatic,1.9,271,Gold,SUV,Asia Pacific,3,Good,Yes
131,GLB,Exclusive,2019,63466,184182,Plug-in Hybrid,Automatic,5.9,252,Red,Sedan,Middle East,4,Like New,No
132,B-Class,Luxury,2019,63427,146290,Hybrid,Manual,4,565,Brown,Roadster,North America,1,Very Good,Yes
133,AMG GT,Luxury,2017,127845,108105,Diesel,Manual,6.6,345,Gold,Coupe,Africa,1,Fair,Yes
134,EQB,Sport,2008,72717,160349,Electric,Automatic,0,452,Red,Sedan,Middle East,4,Good,Yes
135,EQC,Night Edition,2014,84245,194208,Electric,Automatic,0,230,Red,Sedan,Africa,1,New,Yes
136,E-Class,Premium Plus,2011,65184,130100,Hybrid,Automatic,6.3,121,Gold,Wagon,North America,1,Like New,Yes
137,C-Class,AMG Line,2023,63352,184108,Petrol,Manual,4.9,191,Beige,Roadster,Europe,1,New,Yes
138,AMG GT,Luxury,2014,134271,221506,Diesel,Manual,3.7,264,Blue,Coupe,Latin America,1,Like New,No
139,AMG GT,Night Edition,2022,164870,114973,Petrol,Manual,6.5,472,Gold,Coupe,Middle East,2,New,No
140,CLA,Premium Plus,2009,32112,232186,Petrol,Automatic,3.8,180,Brown,Coupe,Europe,1,Like New,Yes
141,GLE,Night Edition,2009,73898,84897,Diesel,Manual,3.5,274,Beige,SUV,Africa,4,Like New,No
142,EQB,Sport,2022,70573,172561,Electric,Automatic,0,362,Green,SUV,North America,3,Fair,No
143,S-Class,Premium Plus,2017,138419,167240,Plug-in Hybrid,Manual,2.3,583,White,SUV,North America,2,New,No
144,GLE,Base,2014,94652,68338,Plug-in Hybrid,Automatic,3.9,305,Red,SUV,Latin America,2,Like New,No
145,B-Class,Base,2019,51978,185008,Diesel,Manual,5.6,525,Gold,Sedan,Latin America,1,Very Good,No
146,GLC,Premium Plus,2021,95859,154293,Hybrid,Manual,2.6,621,Gray,Roadster,Africa,3,Like New,Yes
147,GLB,Avantgarde,2015,75920,192964,Plug-in Hybrid,Manual,3.8,419,Beige,Liftback,Europe,2,New,Yes
148,EQB,AMG Line,2017,95985,91839,Electric,Automatic,0,462,White,SUV,Asia Pacific,1,Excellent,Yes
149,GLE,Premium Plus,2023,71431,71576,Hybrid,Automatic,4.4,115,Black,SUV,North America,3,Fair,Yes
150,E-Class,Avantgarde,2021,91162,61721,Plug-in Hybrid,Automatic,6.3,332,Green,Wagon,Asia Pacific,1,Like New,Yes
151,C-Class,Premium,2013,51904,161755,Petrol,Manual,5.4,474,White,Liftback,Latin America,2,Good,Yes
152,CLA,Exclusive,2012,43981,191197,Diesel,Automatic,2.9,448,Silver,Coupe,Latin America,3,Good,Yes
153,B-Class,Base,2021,72380,182975,Plug-in Hybrid,Automatic,4.8,354,Black,Roadster,Middle East,4,New,Yes
154,CLA,Sport,2018,36267,151395,Diesel,Manual,5.8,295,Beige,Coupe,Africa,1,Fair,Yes
155,B-Class,Premium Plus,2011,47776,156258,Petrol,Manual,5.4,531,Gold,Convertible,Latin America,2,Good,Yes
156,EQB,Base,2023,84993,52571,Electric,Automatic,0,309,Green,Sedan,Africa,4,Very Good,No
157,GLS,Sport,2021,124634,58771,Plug-in Hybrid,Automatic,6.9,288,Blue,SUV,Europe,3,Excellent,Yes
158,GLS,Avantgarde,2021,88060,66449,Diesel,Automatic,6.1,171,Brown,SUV,Asia Pacific,1,Fair,Yes
159,GLC,Night Edition,2009,47997,174054,Hybrid,Manual,5.8,144,Green,Hatchback,Latin America,2,Very Good,Yes
160,B-Class,Avantgarde,2018,57500,164946,Diesel,Automatic,1.8,549,Gold,Convertible,Asia Pacific,3,Very Good,Yes
161,CLA,AMG Line,2018,45720,143201,Plug-in Hybrid,Manual,4.9,213,Black,Coupe,Africa,1,Good,Yes
162,AMG GT,Premium Plus,2014,122923,79868,Diesel,Manual,6.9,287,Green,Coupe,North America,2,Fair,Yes
163,A-Class,Sport,2021,63844,87474,Plug-in Hybrid,Automatic,2.5,148,Gold,Convertible,Middle East,4,New,No
164,GLC,Premium Plus,2020,80248,89220,Plug-in Hybrid,Manual,2.3,256,Blue,Sedan,Africa,1,Like New,Yes
165,EQA,Night Edition,2025,101744,69855,Electric,Automatic,0,529,Beige,Sedan,Asia Pacific,2,Excellent,No
166,GLC,Avantgarde,2015,91884,51999,Diesel,Manual,3.2,496,Black,Sedan,Europe,3,New,Yes
167,GLB,Base,2022,49513,182551,Diesel,Manual,2.8,165,Black,Roadster,Africa,1,Like New,Yes
168,GLS,Luxury,2008,84950,151939,Diesel,Manual,6.4,238,Red,SUV,North America,3,Good,Yes
169,A-Class,AMG Line,2010,58437,86366,Plug-in Hybrid,Automatic,2.5,440,Silver,Liftback,Africa,4,Very Good,Yes
170,E-Class,Avantgarde,2018,85990,75313,Hybrid,Manual,5.4,487,White,SUV,Latin America,4,Very Good,Yes
171,EQB,Night Edition,2012,82635,127728,Electric,Automatic,0,618,Beige,Sedan,North America,3,Fair,No
172,C-Class,Exclusive,2020,45112,138928,Petrol,Automatic,3.8,303,White,Convertible,Middle East,4,Fair,Yes
173,GLA,Premium Plus,2010,43770,128252,Hybrid,Automatic,5.8,159,Silver,Sedan,Africa,2,Excellent,No
174,GLC,Avantgarde,2020,72308,186016,Hybrid,Automatic,6.7,514,Gold,Coupe,Africa,2,Fair,Yes
175,S-Class,Sport,2025,128749,88761,Hybrid,Automatic,6.2,466,Green,SUV,Asia Pacific,2,Excellent,Yes
176,GLC,Exclusive,2017,85205,59155,Plug-in Hybrid,Manual,3.1,391,Gray,Coupe,Asia Pacific,1,Excellent,Yes
177,B-Class,Exclusive,2012,33747,201064,Petrol,Manual,2.4,308,Gray,Hatchback,Asia Pacific,3,Good,Yes
178,AMG GT,Night Edition,2014,145752,182638,Petrol,Manual,6.3,385,Blue,Coupe,Africa,3,Like New,No
179,E-Class,Base,2016,81832,118532,Diesel,Manual,5.1,512,White,Coupe,Europe,4,Excellent,No
180,S-Class,Premium Plus,2010,81826,231966,Plug-in Hybrid,Manual,4.2,142,Gold,SUV,Europe,1,Good,Yes
181,E-Class,Base,2012,71475,57768,Hybrid,Manual,1.6,230,Gold,Sedan,North America,1,Like New,Yes
182,EQB,Avantgarde,2014,82044,168311,Electric,Automatic,0,587,Gold,Sedan,Middle East,1,Fair,Yes
183,A-Class,Premium Plus,2012,31674,119754,Petrol,Manual,4.4,283,Green,Sedan,North America,1,Good,Yes
184,GLA,Luxury,2024,56471,71242,Hybrid,Automatic,1.4,142,Silver,Convertible,North America,3,Very Good,Yes
185,E-Class,Premium Plus,2020,61445,85551,Hybrid,Manual,6.2,118,Black,SUV,Latin America,3,Very Good,Yes
186,AMG GT,Premium Plus,2016,137083,160991,Hybrid,Automatic,1.8,172,Silver,Coupe,Asia Pacific,1,Excellent,Yes
187,GLC,AMG Line,2016,65269,88500,Diesel,Automatic,6.4,480,Beige,SUV,North America,4,Fair,Yes
188,A-Class,Avantgarde,2014,43359,208994,Plug-in Hybrid,Manual,3,339,Gray,Roadster,Middle East,4,Very Good,No
189,AMG GT,Luxury,2021,133919,197120,Diesel,Automatic,1.5,166,Gold,Coupe,Africa,3,Like New,Yes
190,EQA,Avantgarde,2011,86849,87671,Electric,Automatic,0,344,Black,Sedan,Europe,3,New,Yes
191,EQC,Base,2019,102717,127391,Electric,Automatic,0,616,Green,Sedan,Africa,3,Very Good,No
192,GLA,Premium,2008,58577,71533,Petrol,Automatic,6.6,598,Gold,Coupe,Asia Pacific,3,Good,Yes
193,EQC,Avantgarde,2010,93968,82858,Electric,Automatic,0,584,Brown,Sedan,Middle East,2,Good,Yes
194,GLS,AMG Line,2015,120119,86707,Plug-in Hybrid,Automatic,2.2,521,Gray,SUV,Asia Pacific,2,Fair,Yes
195,C-Class,Night Edition,2011,60223,144484,Petrol,Automatic,6.4,439,White,Liftback,Europe,1,Excellent,Yes
196,B-Class,Base,2018,55209,79261,Petrol,Manual,4.2,392,White,Convertible,Europe,1,Very Good,Yes
197,C-Class,Premium Plus,2022,61804,107528,Plug-in Hybrid,Automatic,4.1,307,Black,Sedan,Asia Pacific,4,Good,Yes
198,C-Class,AMG Line,2009,55008,87618,Plug-in Hybrid,Automatic,2.8,262,Gold,Coupe,Asia Pacific,2,Excellent,No
199,GLB,Avantgarde,2020,55716,25547,Diesel,Automatic,5.1,285,Blue,SUV,Europe,4,Very Good,Yes
200,EQB,Base,2017,98393,91704,Electric,Automatic,0,555,Brown,Sedan,Europe,1,Excellent,Yes
201,GLB,Avantgarde,2012,75970,193260,Hybrid,Automatic,2.9,487,White,Convertible,Latin America,3,New,Yes
202,GLS,Premium Plus,2023,114451,160291,Petrol,Manual,2,408,White,SUV,Asia Pacific,3,Excellent,No
203,C-Class,AMG Line,2022,78308,110072,Petrol,Manual,1.6,522,Blue,Convertible,Europe,4,Excellent,Yes
204,CLA,Night Edition,2018,61482,80106,Diesel,Manual,3.9,385,Red,Coupe,Middle East,3,Excellent,Yes
205,B-Class,AMG Line,2008,32936,101571,Petrol,Manual,6.1,220,Brown,Convertible,Asia Pacific,3,Very Good,No
206,EQB,Exclusive,2018,63840,151035,Electric,Automatic,0,241,Blue,SUV,Africa,3,Fair,No
207,AMG GT,Exclusive,2008,156642,160254,Petrol,Manual,2.9,483,Beige,Coupe,North America,4,New,Yes
208,GLB,Premium Plus,2025,79342,121961,Petrol,Manual,1.5,404,Green,Sedan,Latin America,4,New,Yes
209,GLB,Luxury,2014,49574,177086,Plug-in Hybrid,Automatic,2.4,156,Gray,Sedan,North America,1,Very Good,Yes
210,AMG GT,Premium,2022,152402,176355,Hybrid,Automatic,5.6,411,Beige,Coupe,Latin America,2,Very Good,No
211,GLC,Exclusive,2012,68655,160347,Hybrid,Automatic,2.9,251,Beige,Convertible,Middle East,4,New,No
212,C-Class,Premium Plus,2018,85262,151583,Hybrid,Automatic,6.4,550,Green,Coupe,Europe,3,New,Yes
213,EQB,AMG Line,2020,67808,70471,Electric,Automatic,0,222,Brown,Sedan,Latin America,4,Fair,Yes
214,S-Class,Night Edition,2025,108858,104335,Petrol,Manual,3.7,367,Red,SUV,North America,2,Good,No
215,GLB,Exclusive,2017,52222,190099,Plug-in Hybrid,Manual,6.7,233,Black,Liftback,Europe,2,Very Good,No
216,EQB,Base,2025,95231,164190,Electric,Automatic,0,259,Gold,SUV,Latin America,4,New,Yes
217,E-Class,Premium,2014,82580,78027,Hybrid,Automatic,4.4,356,Gold,Wagon,Latin America,3,Like New,Yes
218,GLB,AMG Line,2011,61961,220565,Hybrid,Automatic,6.6,315,Gray,Coupe,Africa,2,New,Yes
219,A-Class,Avantgarde,2024,72573,28571,Diesel,Manual,4,551,Green,SUV,Latin America,4,Excellent,Yes
220,A-Class,Base,2024,53775,153738,Hybrid,Automatic,5.6,300,Black,Convertible,Africa,1,Excellent,Yes
221,EQC,Premium,2011,70490,220984,Electric,Automatic,0,367,Green,Sedan,Africa,3,Fair,Yes
222,CLA,Premium,2020,45444,167787,Diesel,Automatic,6.6,133,Gold,Coupe,Latin America,4,Like New,No
223,GLA,Premium Plus,2019,67132,90153,Plug-in Hybrid,Automatic,4.6,335,Black,Liftback,Middle East,2,Excellent,Yes
224,CLA,Exclusive,2023,71990,12425,Hybrid,Manual,2.5,470,Black,Coupe,North America,3,Very Good,No
225,C-Class,Exclusive,2015,49712,210504,Diesel,Automatic,1.6,199,White,Liftback,Latin America,3,New,Yes
226,GLA,Premium,2022,84221,170104,Plug-in Hybrid,Automatic,2.7,501,Black,Roadster,Africa,4,Like New,No
227,GLB,Sport,2013,50161,139641,Diesel,Manual,6.6,151,Brown,Liftback,Europe,3,New,No
228,E-Class,Avantgarde,2009,59948,122839,Petrol,Manual,2.2,154,Green,Hatchback,Latin America,3,Like New,No
229,GLS,Premium,2008,86166,146114,Hybrid,Manual,2.2,250,Brown,SUV,Asia Pacific,2,Fair,Yes
230,S-Class,Premium,2011,83760,143312,Diesel,Automatic,5.2,188,Brown,SUV,Africa,4,Very Good,Yes
231,S-Class,Premium,2022,111039,62232,Diesel,Automatic,3.5,173,Black,SUV,Asia Pacific,4,Like New,No
232,E-Class,Sport,2020,79340,140435,Plug-in Hybrid,Manual,5.1,378,Red,SUV,Africa,2,Very Good,Yes
233,E-Class,Sport,2019,78011,195899,Plug-in Hybrid,Automatic,4.7,236,Silver,Liftback,Europe,1,Like New,Yes
234,CLA,Luxury,2025,86212,147989,Plug-in Hybrid,Manual,2.1,562,Black,Coupe,Asia Pacific,2,Like New,Yes
235,EQC,Premium Plus,2018,75655,177072,Electric,Automatic,0,202,Gold,Sedan,Europe,2,Good,Yes
236,CLA,Exclusive,2015,43204,138476,Petrol,Manual,3.4,134,Green,Coupe,North America,3,Like New,Yes
237,B-Class,Base,2015,34234,139095,Diesel,Automatic,3.9,245,Silver,Coupe,North America,3,Good,Yes
238,EQA,Avantgarde,2022,65891,172033,Electric,Automatic,0,266,Beige,SUV,Middle East,2,Good,Yes
239,EQC,Luxury,2016,77233,197872,Electric,Automatic,0,257,White,Sedan,North America,4,Very Good,Yes
240,GLE,Night Edition,2024,111291,40356,Hybrid,Manual,3.9,391,Gold,SUV,Middle East,2,New,No
241,AMG GT,AMG Line,2015,138526,150908,Plug-in Hybrid,Automatic,4.8,111,White,Coupe,Latin America,3,Like New,Yes
242,GLA,AMG Line,2024,47691,167891,Petrol,Automatic,2.3,243,Gray,Sedan,Africa,3,Very Good,Yes
243,GLC,Premium Plus,2009,44339,237171,Diesel,Automatic,4.3,160,Blue,SUV,Asia Pacific,4,Like New,No
244,GLA,Sport,2021,53678,27737,Petrol,Automatic,3.7,310,Gold,Roadster,North America,4,Fair,Yes
245,A-Class,AMG Line,2013,45264,193619,Hybrid,Manual,5.7,593,Green,Sedan,Latin America,1,Fair,Yes
246,A-Class,Premium Plus,2020,38903,183151,Petrol,Manual,6.3,214,White,Roadster,Latin America,1,Excellent,No
247,EQB,Exclusive,2019,88647,62799,Electric,Automatic,0,491,Brown,Sedan,Middle East,4,Good,Yes
248,EQB,Base,2009,88312,236981,Electric,Automatic,0,534,White,SUV,Africa,4,Like New,Yes
249,B-Class,Base,2014,51785,61401,Diesel,Manual,6.9,439,Green,Convertible,North America,1,Very Good,Yes
250,CLA,AMG Line,2022,43542,163541,Hybrid,Automatic,4.7,194,Gray,Coupe,Middle East,1,Good,Yes
251,S-Class,Sport,2024,121885,46545,Plug-in Hybrid,Automatic,2.5,293,Brown,SUV,Middle East,2,Very Good,No
252,C-Class,Luxury,2014,66991,189615,Petrol,Manual,4.7,399,Beige,SUV,Asia Pacific,3,New,Yes
253,EQC,Base,2008,69723,161348,Electric,Automatic,0,320,Red,Sedan,Middle East,2,Good,Yes
254,A-Class,Premium Plus,2015,58544,128944,Petrol,Automatic,6.8,610,Blue,Wagon,Africa,3,Good,Yes
255,CLA,Luxury,2019,71340,96990,Hybrid,Automatic,5.9,474,Silver,Coupe,North America,2,Excellent,Yes
256,GLC,Luxury,2016,71253,126077,Petrol,Automatic,1.9,414,Red,Liftback,Africa,4,Excellent,Yes
257,GLA,Premium,2019,69444,41472,Hybrid,Automatic,6,605,Black,SUV,Africa,4,Fair,No
258,C-Class,Premium,2021,66261,111740,Diesel,Automatic,6.8,479,White,Liftback,Europe,3,Very Good,No
259,B-Class,Exclusive,2012,73496,137075,Plug-in Hybrid,Automatic,1.7,465,Red,Wagon,Asia Pacific,1,New,No
260,GLS,Avantgarde,2008,100516,130560,Diesel,Automatic,5.3,307,Gold,SUV,Asia Pacific,2,Like New,No
261,EQA,Avantgarde,2011,85802,169378,Electric,Automatic,0,535,Blue,Sedan,North America,4,Excellent,Yes
262,GLA,Base,2016,78673,77051,Plug-in Hybrid,Automatic,3.2,584,Gray,Convertible,Africa,1,Very Good,Yes
263,A-Class,Sport,2011,45953,169765,Petrol,Manual,5.7,604,Gold,Coupe,Latin America,2,Fair,No
264,AMG GT,Sport,2024,180791,80839,Plug-in Hybrid,Manual,6.5,636,Green,Coupe,Asia Pacific,3,Excellent,No
265,EQC,Exclusive,2021,90018,18999,Electric,Automatic,0,342,Red,Sedan,Europe,1,Fair,Yes
266,S-Class,Premium,2013,89243,125980,Diesel,Manual,3.4,214,Blue,SUV,Middle East,1,Good,Yes
267,C-Class,Base,2020,83189,185765,Plug-in Hybrid,Manual,3.6,635,Green,Roadster,Middle East,3,Very Good,No
268,GLC,Premium,2019,54459,185319,Petrol,Automatic,5.1,116,Green,Coupe,Middle East,3,Excellent,No
269,CLA,AMG Line,2018,65182,136054,Petrol,Manual,4.1,395,Red,Coupe,Africa,3,Like New,Yes
270,EQB,Avantgarde,2011,63499,191591,Electric,Automatic,0,274,Red,Sedan,Middle East,2,Good,Yes
271,CLA,Night Edition,2017,68325,93804,Hybrid,Manual,5.8,269,Gray,Coupe,Latin America,2,New,Yes
272,B-Class,Sport,2013,51039,71802,Petrol,Manual,6.4,216,Blue,Coupe,Africa,2,Like New,Yes
273,B-Class,Night Edition,2012,71856,63085,Diesel,Manual,1.4,631,Green,Wagon,Europe,2,Like New,No
274,GLB,Exclusive,2014,53224,180085,Petrol,Automatic,3.8,211,Silver,Roadster,Asia Pacific,4,Like New,Yes
275,B-Class,Premium Plus,2014,79198,109234,Petrol,Automatic,5.3,595,Gold,Wagon,Europe,2,New,Yes
276,E-Class,Premium Plus,2013,82594,179204,Plug-in Hybrid,Automatic,2.2,266,Gold,Liftback,North America,1,New,No
277,E-Class,AMG Line,2021,81660,24999,Petrol,Manual,6.1,391,Green,Roadster,Middle East,1,Good,Yes
278,EQA,Night Edition,2016,83931,111661,Electric,Automatic,0,278,Black,SUV,Africa,4,New,Yes
279,B-Class,AMG Line,2008,39300,131667,Diesel,Automatic,6.2,119,Blue,Roadster,Africa,2,New,Yes
280,AMG GT,Sport,2019,143400,71051,Hybrid,Automatic,4,230,Blue,Coupe,Africa,4,Excellent,Yes
281,GLB,AMG Line,2009,41257,74792,Diesel,Manual,4.3,337,Beige,Wagon,Latin America,4,Fair,No
282,GLA,Premium Plus,2016,63927,131010,Diesel,Manual,6.2,485,Green,SUV,North America,4,Excellent,Yes
283,GLE,Luxury,2024,94472,148700,Diesel,Manual,2.4,506,Blue,SUV,Europe,3,Very Good,No
284,CLA,Premium,2019,44195,146121,Diesel,Manual,1.9,211,Blue,Coupe,Latin America,1,Excellent,Yes
285,GLE,Exclusive,2009,77584,160518,Plug-in Hybrid,Manual,2.5,133,Silver,SUV,Africa,1,Like New,No
286,EQB,Luxury,2011,75418,78814,Electric,Automatic,0,235,Red,Sedan,Africa,4,Excellent,No
287,GLB,Premium,2016,47524,197613,Petrol,Automatic,6.1,154,Green,Roadster,Middle East,3,Like New,Yes
288,S-Class,Avantgarde,2018,112720,95319,Hybrid,Manual,2.5,310,Gray,SUV,Middle East,4,Very Good,Yes
289,GLS,Base,2011,115235,57466,Petrol,Automatic,5.5,414,Gray,SUV,Middle East,4,Excellent,Yes
290,GLC,Avantgarde,2017,78549,176237,Hybrid,Automatic,5.7,503,Black,Convertible,Europe,4,Very Good,Yes
291,B-Class,Premium,2016,82646,52221,Plug-in Hybrid,Automatic,3.9,443,Beige,SUV,Latin America,2,New,Yes
292,EQA,Avantgarde,2013,85541,113656,Electric,Automatic,0,386,Gold,SUV,Latin America,3,Like New,Yes
293,S-Class,Premium Plus,2010,98214,93677,Petrol,Manual,5.4,250,Blue,SUV,Asia Pacific,1,Excellent,Yes
294,GLS,Luxury,2019,100791,80560,Hybrid,Automatic,6.5,163,Silver,SUV,Africa,4,Very Good,Yes
295,AMG GT,Luxury,2021,169469,75110,Plug-in Hybrid,Automatic,6.5,551,Black,Coupe,North America,4,Very Good,No
296,E-Class,Luxury,2022,77674,149837,Plug-in Hybrid,Manual,3.7,154,White,SUV,North America,1,Excellent,Yes
297,CLA,Premium,2010,50324,128157,Diesel,Manual,4.7,259,Beige,Coupe,Middle East,3,New,Yes
298,GLS,Sport,2018,115267,88884,Diesel,Manual,6,612,Gray,SUV,Asia Pacific,4,Fair,Yes
299,CLA,AMG Line,2013,58974,126714,Hybrid,Manual,2.2,321,Green,Coupe,North America,3,Like New,Yes
300,AMG GT,Base,2025,165512,5930,Plug-in Hybrid,Automatic,3.4,314,White,Coupe,Europe,1,Excellent,Yes
301,GLE,Avantgarde,2018,93434,149971,Petrol,Manual,6.5,506,Silver,SUV,Africa,3,Excellent,Yes
302,EQB,Luxury,2019,89039,63885,Electric,Automatic,0,302,Brown,Sedan,Latin America,4,Like New,Yes
303,CLA,Sport,2023,75688,23073,Hybrid,Automatic,5.4,508,Gold,Coupe,North America,1,Good,No
304,GLE,Base,2021,71101,102444,Diesel,Manual,6.1,132,Black,SUV,Middle East,3,Very Good,Yes
305,E-Class,Luxury,2011,93732,199007,Plug-in Hybrid,Manual,6.7,583,Blue,Roadster,Europe,4,Like New,Yes
306,AMG GT,Night Edition,2019,127893,75185,Diesel,Manual,2.3,137,Gray,Coupe,Middle East,3,Very Good,Yes
307,S-Class,Premium,2012,131668,98810,Plug-in Hybrid,Manual,6.9,567,Brown,SUV,Europe,1,Like New,No
308,GLB,Night Edition,2024,87827,130261,Diesel,Manual,6.2,628,Brown,Convertible,North America,3,Like New,No
309,S-Class,Avantgarde,2015,126034,79153,Hybrid,Manual,5.9,377,Gold,SUV,Asia Pacific,2,New,Yes
310,GLC,Avantgarde,2012,54536,214762,Petrol,Manual,4.8,156,Blue,Convertible,Middle East,4,New,Yes
311,GLE,Premium Plus,2016,82212,76420,Petrol,Automatic,6.2,455,White,SUV,Latin America,1,Fair,Yes
312,S-Class,Premium,2025,106124,165018,Diesel,Automatic,7,296,Green,SUV,Africa,1,Excellent,No
313,CLA,Exclusive,2025,78913,40591,Diesel,Automatic,3.7,544,Brown,Coupe,Middle East,2,Excellent,Yes
314,S-Class,Night Edition,2017,99405,186320,Hybrid,Manual,5.9,416,Black,SUV,North America,3,Fair,Yes
315,E-Class,Premium,2008,56871,125828,Diesel,Automatic,4.5,223,Blue,Roadster,Middle East,2,Like New,Yes
316,GLE,Avantgarde,2010,77695,182628,Diesel,Automatic,4.6,355,Brown,SUV,Europe,1,Like New,Yes
317,E-Class,AMG Line,2012,75755,119768,Petrol,Manual,3,297,Red,Convertible,Latin America,4,New,No
318,GLB,Luxury,2015,53990,103261,Hybrid,Manual,5.8,306,Brown,Hatchback,Africa,1,Very Good,Yes
319,GLA,Premium,2016,42159,214788,Plug-in Hybrid,Automatic,3.3,249,White,Sedan,Africa,1,Fair,No
320,C-Class,Exclusive,2008,61281,102023,Plug-in Hybrid,Automatic,6.6,228,Brown,SUV,Africa,3,Like New,Yes
321,EQA,Sport,2018,77406,74029,Electric,Automatic,0,385,Gray,Sedan,Europe,3,Good,Yes
322,C-Class,Premium,2017,68808,197434,Hybrid,Manual,3.9,559,Gold,Wagon,Latin America,4,Very Good,Yes
323,S-Class,Night Edition,2011,127942,149503,Diesel,Manual,3.4,625,Gray,SUV,Asia Pacific,3,New,Yes
324,GLS,Premium,2025,133081,94227,Plug-in Hybrid,Automatic,3.8,474,Gray,SUV,Europe,1,Excellent,Yes
325,S-Class,Avantgarde,2021,103750,116143,Hybrid,Manual,4.1,126,Brown,SUV,Africa,3,Excellent,No
326,GLB,Avantgarde,2009,63960,83461,Diesel,Automatic,2.3,529,Red,Sedan,North America,4,Excellent,Yes
327,C-Class,Night Edition,2008,20639,108301,Diesel,Manual,7,127,Black,Wagon,Asia Pacific,2,Fair,Yes
328,GLA,Sport,2018,78061,197260,Petrol,Manual,5.1,623,Gray,Hatchback,Middle East,4,Like New,No
329,A-Class,Luxury,2024,49710,144626,Petrol,Automatic,5.1,347,Silver,Liftback,North America,3,Good,No
330,C-Class,Premium,2009,68086,148615,Plug-in Hybrid,Automatic,2.3,317,Gold,Roadster,North America,1,New,No
331,GLE,Exclusive,2019,96478,79464,Plug-in Hybrid,Manual,6.9,570,White,SUV,Europe,2,Fair,No
332,GLB,Base,2025,88391,85176,Petrol,Automatic,1.3,599,Red,Hatchback,Asia Pacific,4,Excellent,No
333,B-Class,Luxury,2008,57714,188803,Plug-in Hybrid,Automatic,4.6,503,White,Hatchback,Latin America,1,Excellent,No
334,GLC,Premium Plus,2023,93094,16386,Plug-in Hybrid,Automatic,4.8,604,White,Sedan,Middle East,1,Fair,Yes
335,EQB,Base,2016,93036,63921,Electric,Automatic,0,389,Silver,SUV,Africa,3,Like New,No
336,E-Class,Avantgarde,2023,78456,183422,Hybrid,Manual,6.3,274,Beige,Roadster,Latin America,3,Like New,Yes
337,B-Class,Luxury,2023,54723,113826,Plug-in Hybrid,Automatic,4.1,215,Silver,SUV,Latin America,3,Good,Yes
338,GLS,Base,2019,131551,131274,Plug-in Hybrid,Automatic,1.7,577,White,SUV,Europe,4,Very Good,Yes
339,GLA,Luxury,2016,48411,203565,Petrol,Manual,2.9,313,Green,Hatchback,Asia Pacific,1,Excellent,Yes
340,B-Class,Exclusive,2009,16232,162965,Diesel,Automatic,6.9,152,Gray,SUV,Africa,4,Fair,No
341,B-Class,Avantgarde,2011,58876,199228,Hybrid,Automatic,3.9,366,Silver,Liftback,Latin America,1,New,Yes
342,B-Class,Luxury,2015,61742,151930,Diesel,Manual,5.3,519,Black,SUV,Middle East,4,Like New,Yes
343,C-Class,Night Edition,2024,77736,116953,Diesel,Manual,5.9,596,Blue,Liftback,Asia Pacific,1,Excellent,Yes
344,A-Class,Luxury,2021,83388,108429,Plug-in Hybrid,Manual,3.2,623,Red,Liftback,Middle East,2,Excellent,Yes
345,A-Class,Premium Plus,2015,67244,48168,Plug-in Hybrid,Manual,1.7,577,Silver,SUV,Asia Pacific,2,Good,No
346,GLA,Base,2012,42518,167418,Petrol,Automatic,6.4,258,Silver,Hatchback,Africa,3,Very Good,Yes
347,GLA,AMG Line,2012,48564,75679,Diesel,Manual,4.4,356,Beige,SUV,Africa,3,Very Good,Yes
348,EQB,Avantgarde,2009,82260,182121,Electric,Automatic,0,398,Gold,SUV,Asia Pacific,4,Like New,Yes
349,B-Class,Premium,2016,41940,39621,Hybrid,Automatic,2.8,179,Beige,Roadster,Latin America,2,Good,Yes
350,AMG GT,Sport,2020,155693,95550,Petrol,Automatic,6.5,468,Gray,Coupe,Europe,2,Excellent,No
351,GLB,Luxury,2017,56097,89763,Hybrid,Automatic,1.3,444,Silver,SUV,Asia Pacific,4,Fair,Yes
352,AMG GT,Avantgarde,2023,163039,37602,Petrol,Automatic,5.7,447,Beige,Coupe,Europe,4,Like New,Yes
353,GLS,AMG Line,2019,126315,147879,Plug-in Hybrid,Manual,6.7,545,Brown,SUV,Middle East,1,Very Good,Yes
354,AMG GT,Premium,2013,134316,143639,Hybrid,Manual,5,223,Brown,Coupe,Africa,1,Excellent,No
355,S-Class,Premium,2009,120344,106622,Petrol,Manual,6.8,492,Black,SUV,Asia Pacific,1,Like New,Yes
356,GLB,Night Edition,2021,82526,126096,Hybrid,Manual,5.1,375,Blue,SUV,Middle East,3,New,No
357,GLC,Exclusive,2009,51386,216405,Hybrid,Automatic,1.3,170,Silver,SUV,North America,4,Like New,Yes
358,EQC,Base,2018,104871,154964,Electric,Automatic,0,481,Gray,SUV,Middle East,3,Like New,No
359,EQC,Base,2021,80309,194944,Electric,Automatic,0,406,Brown,Sedan,Middle East,3,Fair,Yes
360,GLA,Exclusive,2021,57479,135754,Diesel,Manual,6.2,305,Brown,Wagon,Asia Pacific,1,Excellent,Yes
361,C-Class,AMG Line,2019,48646,168279,Hybrid,Manual,2,111,White,Coupe,Africa,2,Excellent,No
362,CLA,Premium,2013,60358,79308,Diesel,Automatic,6.6,450,Silver,Coupe,Middle East,3,Excellent,Yes
363,EQA,AMG Line,2014,84425,186347,Electric,Automatic,0,519,Black,SUV,Europe,1,Excellent,Yes
364,S-Class,Night Edition,2013,103619,63666,Diesel,Automatic,5.6,507,Blue,SUV,Middle East,3,Fair,No
365,E-Class,Premium Plus,2012,68761,92984,Petrol,Manual,4,170,Gray,Liftback,North America,4,New,Yes
366,C-Class,Luxury,2009,60767,92464,Hybrid,Automatic,3.3,248,Green,Sedan,Asia Pacific,2,New,Yes
367,C-Class,Sport,2014,57537,94617,Hybrid,Manual,3.7,141,Silver,Roadster,Asia Pacific,1,New,Yes
368,EQA,Sport,2015,95916,138032,Electric,Automatic,0,520,Black,SUV,Middle East,2,New,Yes
369,A-Class,Base,2024,49653,36364,Petrol,Manual,6.3,112,Silver,Roadster,Middle East,4,Like New,Yes
370,A-Class,Base,2019,60303,65811,Hybrid,Automatic,2.9,286,White,Hatchback,Asia Pacific,4,Like New,Yes
371,GLC,Luxury,2017,46967,130187,Plug-in Hybrid,Automatic,6.7,121,Green,Coupe,Europe,4,Fair,No
372,GLE,Avantgarde,2017,89219,96268,Plug-in Hybrid,Automatic,2.1,212,Red,SUV,Latin America,1,Excellent,Yes
373,A-Class,Sport,2013,52774,171912,Diesel,Manual,2.8,556,Green,Convertible,North America,1,Excellent,Yes
374,AMG GT,Luxury,2023,152536,115865,Diesel,Manual,6,305,Green,Coupe,Middle East,1,New,Yes
375,GLA,Sport,2017,52407,142547,Petrol,Automatic,4.1,445,Gray,Liftback,Middle East,1,Good,No
376,S-Class,Base,2009,97870,156472,Plug-in Hybrid,Manual,3.1,138,Red,SUV,Europe,2,Like New,No
377,GLB,Sport,2010,55686,114352,Petrol,Automatic,4.5,246,White,SUV,Europe,3,New,No
378,GLB,Avantgarde,2015,62451,130187,Diesel,Automatic,3.4,583,Silver,Roadster,Africa,2,Good,No
379,A-Class,Night Edition,2016,28448,94673,Petrol,Manual,5.6,172,Black,Liftback,Latin America,3,Fair,Yes
380,AMG GT,Premium,2010,149546,234153,Hybrid,Automatic,5.3,480,Silver,Coupe,Asia Pacific,2,Like New,No
381,EQA,AMG Line,2018,86449,77718,Electric,Automatic,0,613,White,SUV,North America,3,Fair,Yes
382,GLA,AMG Line,2019,59899,141718,Petrol,Automatic,6.9,600,Silver,Coupe,Asia Pacific,4,Fair,Yes
383,B-Class,Avantgarde,2008,49387,209177,Diesel,Automatic,2.6,422,Black,Wagon,North America,2,New,Yes
384,GLB,Avantgarde,2022,72370,45037,Hybrid,Automatic,4.9,180,Black,SUV,Latin America,2,New,No
385,GLS,Night Edition,2020,98600,141447,Plug-in Hybrid,Automatic,6.3,213,Black,SUV,North America,4,Fair,No
386,GLS,Exclusive,2011,98605,213266,Plug-in Hybrid,Automatic,5.9,154,Red,SUV,Africa,3,Excellent,Yes
387,AMG GT,Base,2014,164700,123744,Petrol,Automatic,3.5,489,Green,Coupe,Asia Pacific,2,New,No
388,EQC,AMG Line,2015,83285,107953,Electric,Automatic,0,207,Beige,Sedan,Middle East,3,Excellent,No
389,GLC,Premium Plus,2014,67732,75846,Plug-in Hybrid,Manual,6.8,326,Brown,Roadster,Latin America,3,Good,Yes
390,EQC,AMG Line,2022,95287,117735,Electric,Automatic,0,493,Red,Sedan,North America,1,Fair,No
391,GLC,Premium,2011,91035,60119,Plug-in Hybrid,Manual,5.2,538,Brown,Convertible,Asia Pacific,4,Excellent,Yes
392,GLC,AMG Line,2020,76644,121241,Hybrid,Manual,3.9,284,Green,Coupe,Africa,4,Like New,Yes
393,E-Class,Base,2013,71882,200981,Diesel,Automatic,5.3,425,Green,SUV,Middle East,2,Like New,No
394,C-Class,Base,2016,70841,41828,Diesel,Automatic,4.6,607,Brown,Roadster,Africa,3,Very Good,No
395,EQA,Premium Plus,2008,86966,122640,Electric,Automatic,0,590,Gray,Sedan,Europe,3,Excellent,Yes
396,B-Class,AMG Line,2012,63795,84770,Diesel,Automatic,1.8,527,Beige,Roadster,Asia Pacific,4,Like New,Yes
397,CLA,AMG Line,2019,45479,110564,Diesel,Manual,4,273,Gray,Coupe,Asia Pacific,1,Good,No
398,CLA,Base,2023,71954,11419,Diesel,Automatic,2.8,461,Brown,Coupe,Latin America,1,Excellent,No
399,GLS,Premium Plus,2019,95582,154168,Diesel,Automatic,1.4,340,Green,SUV,Asia Pacific,3,Good,Yes
400,GLC,Avantgarde,2015,62711,95280,Hybrid,Automatic,2,141,Green,Coupe,Europe,2,Excellent,Yes
401,GLA,AMG Line,2017,59250,67144,Petrol,Automatic,3.8,287,Gray,Convertible,Africa,4,Like New,Yes
402,A-Class,Night Edition,2019,43615,72132,Petrol,Manual,6.3,178,Silver,Coupe,Asia Pacific,4,Excellent,Yes
403,GLS,AMG Line,2014,93680,155102,Diesel,Automatic,3.7,329,Black,SUV,Latin America,2,Very Good,Yes
404,AMG GT,Premium,2016,151699,168279,Plug-in Hybrid,Automatic,4.4,591,Blue,Coupe,Asia Pacific,3,Fair,Yes
405,AMG GT,Avantgarde,2025,158481,88900,Petrol,Manual,4.5,431,Green,Coupe,Latin America,2,Excellent,No
406,C-Class,Luxury,2018,52586,142663,Plug-in Hybrid,Automatic,6.8,329,Brown,Roadster,Africa,3,Fair,Yes
407,AMG GT,Avantgarde,2020,149948,197242,Petrol,Manual,3,348,White,Coupe,Asia Pacific,3,New,No
408,C-Class,Premium Plus,2010,53798,177452,Petrol,Automatic,7,564,Brown,Roadster,Latin America,3,Good,No
409,AMG GT,Avantgarde,2025,138766,141413,Diesel,Manual,2.3,312,Gray,Coupe,Africa,3,Good,Yes
410,B-Class,Premium Plus,2013,51202,71237,Plug-in Hybrid,Automatic,4.6,267,Silver,Hatchback,Latin America,1,Good,No
411,CLA,Sport,2023,42887,99940,Diesel,Automatic,3.2,221,Silver,Coupe,North America,4,Good,No
412,A-Class,Premium Plus,2024,54471,131634,Diesel,Automatic,3,604,Beige,Wagon,Europe,3,Fair,Yes
413,AMG GT,Sport,2025,159731,164521,Diesel,Automatic,5.4,530,Gray,Coupe,Latin America,1,Excellent,No
414,E-Class,Premium Plus,2011,66058,224039,Diesel,Automatic,1.7,413,Gold,Coupe,North America,3,Like New,Yes
415,EQA,Premium,2009,72870,140343,Electric,Automatic,0,612,Beige,SUV,Latin America,2,Fair,No
416,AMG GT,Premium Plus,2019,171221,50518,Plug-in Hybrid,Manual,5.4,493,Green,Coupe,Africa,2,Like New,Yes
417,GLS,Exclusive,2019,134708,89892,Plug-in Hybrid,Automatic,5.4,519,Blue,SUV,Middle East,3,Excellent,No
418,E-Class,AMG Line,2008,88898,93071,Diesel,Automatic,4.1,597,Silver,Liftback,Middle East,3,Like New,Yes
419,GLB,Premium,2010,77248,203857,Plug-in Hybrid,Manual,5.4,519,White,Coupe,Africa,3,New,Yes
420,EQA,Premium Plus,2014,91986,63766,Electric,Automatic,0,566,Brown,Sedan,Latin America,4,Excellent,Yes
421,GLB,Premium,2022,67071,172024,Plug-in Hybrid,Manual,6.5,114,Brown,SUV,Europe,3,New,Yes
422,S-Class,Avantgarde,2022,92192,71624,Diesel,Automatic,6,246,Gold,SUV,Latin America,3,Fair,No
423,AMG GT,Premium Plus,2010,168206,57946,Petrol,Automatic,2.9,631,Silver,Coupe,North America,3,New,No
424,EQB,Base,2020,94386,171689,Electric,Automatic,0,315,Blue,SUV,Middle East,3,New,Yes
425,GLE,Avantgarde,2023,113603,70461,Hybrid,Manual,6.8,510,White,SUV,Asia Pacific,2,Like New,Yes
426,S-Class,AMG Line,2008,114080,112589,Petrol,Automatic,1.7,505,Black,SUV,Middle East,4,Excellent,Yes
427,B-Class,Avantgarde,2024,46611,140392,Hybrid,Automatic,1.8,189,Blue,Hatchback,North America,4,Good,Yes
428,CLA,Night Edition,2008,50441,184679,Petrol,Manual,5.9,413,Gold,Coupe,Latin America,1,Excellent,No
429,EQC,Premium,2014,105671,146988,Electric,Automatic,0,485,Gold,Sedan,North America,3,New,Yes
430,E-Class,Avantgarde,2012,68486,133254,Hybrid,Manual,6.3,134,Green,Hatchback,North America,4,New,Yes
431,GLE,Premium,2017,79381,116950,Diesel,Automatic,3.1,194,Beige,SUV,Latin America,2,Like New,Yes
432,AMG GT,Base,2025,139151,141068,Hybrid,Manual,5.1,292,Black,Coupe,Europe,3,Fair,Yes
433,EQB,Night Edition,2019,90061,120891,Electric,Automatic,0,370,Blue,SUV,Asia Pacific,1,Excellent,No
434,EQA,Sport,2024,88847,8414,Electric,Automatic,0,368,Beige,SUV,North America,1,Good,No
435,CLA,Sport,2018,47718,77273,Diesel,Automatic,4.5,215,Beige,Coupe,Asia Pacific,3,Excellent,No
436,C-Class,Exclusive,2015,72012,158250,Plug-in Hybrid,Automatic,6.1,578,Blue,SUV,Latin America,2,Good,Yes
437,EQC,Premium,2022,77344,171934,Electric,Automatic,0,272,White,SUV,Asia Pacific,4,Good,No
438,S-Class,Exclusive,2013,95128,165608,Diesel,Automatic,3.7,232,Gray,SUV,North America,3,Excellent,Yes
439,GLB,Base,2024,78625,158347,Hybrid,Automatic,5.4,339,White,Coupe,Europe,3,New,Yes
440,GLC,AMG Line,2008,48856,215022,Diesel,Automatic,4.7,127,White,Sedan,Europe,4,New,No
441,EQB,Night Edition,2016,72738,213301,Electric,Automatic,0,480,Gold,SUV,Latin America,2,Fair,No
442,A-Class,Avantgarde,2010,40187,151573,Plug-in Hybrid,Manual,5.9,265,White,Hatchback,Asia Pacific,2,Very Good,Yes
443,EQB,Night Edition,2021,100835,189224,Electric,Automatic,0,458,White,SUV,Europe,2,New,Yes
444,EQB,Premium Plus,2008,74611,228634,Electric,Automatic,0,391,Green,Sedan,Africa,2,Excellent,Yes
445,B-Class,Premium,2013,56381,61759,Diesel,Automatic,3.3,416,Beige,SUV,Middle East,1,Like New,Yes
446,EQA,Sport,2023,90222,67983,Electric,Automatic,0,534,Green,Sedan,Europe,4,Good,No
447,GLB,Avantgarde,2020,66296,193383,Plug-in Hybrid,Manual,6.3,275,Brown,Sedan,Middle East,4,Excellent,Yes
448,EQA,Premium Plus,2018,73999,104146,Electric,Automatic,0,253,Red,Sedan,Asia Pacific,3,Excellent,Yes
449,A-Class,Exclusive,2018,37355,46048,Plug-in Hybrid,Automatic,6.8,197,Blue,Wagon,Asia Pacific,2,Fair,No
450,AMG GT,Premium Plus,2008,151170,221191,Plug-in Hybrid,Automatic,6.7,554,White,Coupe,North America,3,Excellent,Yes
451,GLE,AMG Line,2014,102077,117859,Hybrid,Manual,4.3,503,Beige,SUV,Europe,1,Like New,No
452,A-Class,AMG Line,2016,33803,196773,Petrol,Manual,6.8,335,Blue,Hatchback,North America,3,Good,Yes
453,GLB,Sport,2018,78491,34078,Plug-in Hybrid,Manual,6.7,465,Gray,Convertible,North America,3,Good,Yes
454,GLC,Premium Plus,2019,90152,74113,Plug-in Hybrid,Automatic,6.7,634,Green,Sedan,Africa,3,Fair,Yes
455,EQB,Luxury,2008,59139,162538,Electric,Automatic,0,267,Blue,SUV,North America,2,Good,No
456,AMG GT,Base,2018,147419,150101,Hybrid,Manual,4.5,200,Black,Coupe,Latin America,1,New,Yes
457,A-Class,Premium Plus,2009,68420,97530,Plug-in Hybrid,Automatic,6.6,624,Green,Wagon,Asia Pacific,2,Very Good,Yes
458,S-Class,Premium Plus,2010,116273,113000,Plug-in Hybrid,Automatic,6.2,315,Blue,SUV,Europe,1,Like New,No
459,GLE,Avantgarde,2014,60031,128447,Diesel,Automatic,2.4,211,Beige,SUV,North America,2,Good,Yes
460,EQC,AMG Line,2008,82724,68812,Electric,Automatic,0,355,Silver,SUV,Middle East,3,Good,Yes
461,C-Class,Avantgarde,2022,70858,39853,Plug-in Hybrid,Manual,3,296,Red,SUV,North America,1,Very Good,No
462,B-Class,Luxury,2023,60726,109644,Plug-in Hybrid,Manual,3.6,126,Beige,Convertible,North America,1,New,Yes
463,GLB,Sport,2011,51254,149309,Petrol,Automatic,5.1,340,Blue,Sedan,Latin America,1,Excellent,Yes
464,A-Class,Sport,2014,50670,185715,Hybrid,Manual,6.1,361,White,Wagon,Latin America,2,Excellent,Yes
465,A-Class,Luxury,2015,47154,93957,Petrol,Manual,4.6,362,Silver,Hatchback,Middle East,3,Very Good,No
466,EQC,Sport,2024,95895,164268,Electric,Automatic,0,234,Brown,Sedan,Europe,2,New,No
467,GLS,Avantgarde,2019,116721,70569,Hybrid,Manual,4.9,282,Black,SUV,Middle East,1,Like New,Yes
468,CLA,Sport,2012,63559,220461,Hybrid,Automatic,4.9,538,Black,Coupe,Africa,2,Excellent,Yes
469,A-Class,Premium,2012,53358,228725,Diesel,Automatic,3.9,559,Beige,Sedan,Latin America,1,Like New,Yes
470,EQB,Premium,2016,100504,188236,Electric,Automatic,0,521,Blue,SUV,Latin America,1,New,No
471,EQA,Night Edition,2011,60205,128245,Electric,Automatic,0,397,Blue,SUV,Africa,2,Fair,Yes
472,A-Class,Avantgarde,2023,79336,20849,Plug-in Hybrid,Manual,4.2,508,Black,Liftback,Middle East,3,Excellent,Yes
473,EQA,Sport,2017,92730,37413,Electric,Automatic,0,575,Beige,Sedan,Asia Pacific,1,Very Good,Yes
474,C-Class,Luxury,2017,66035,128552,Plug-in Hybrid,Automatic,6.1,479,Beige,Sedan,Middle East,1,Fair,No
475,AMG GT,Premium,2009,156925,117332,Petrol,Manual,2.6,637,Silver,Coupe,Europe,2,Excellent,Yes
476,EQC,Avantgarde,2015,98871,45914,Electric,Automatic,0,535,Beige,Sedan,Asia Pacific,1,Very Good,Yes
477,C-Class,Premium,2008,50481,215408,Diesel,Automatic,1.3,527,Red,Wagon,Latin America,3,Good,No
478,EQA,Avantgarde,2012,71054,72943,Electric,Automatic,0,216,Black,SUV,Asia Pacific,3,Excellent,Yes
479,A-Class,AMG Line,2017,39624,123204,Diesel,Automatic,4.4,467,Brown,SUV,North America,3,Fair,Yes
480,GLS,AMG Line,2015,134937,57367,Petrol,Manual,6.4,508,Gold,SUV,Africa,3,New,Yes
481,EQB,AMG Line,2011,75122,112616,Electric,Automatic,0,374,Beige,SUV,Europe,2,Good,No
482,A-Class,AMG Line,2024,59959,105126,Diesel,Automatic,5.9,466,Beige,Liftback,Africa,2,Excellent,Yes
483,GLB,Premium,2022,73733,171926,Hybrid,Manual,6.2,463,Blue,Sedan,Middle East,3,Excellent,No
484,A-Class,Base,2013,49864,121566,Plug-in Hybrid,Manual,4.3,290,Gray,Wagon,North America,4,Very Good,No
485,GLS,Premium,2009,101744,116769,Diesel,Manual,3.5,335,Silver,SUV,Middle East,3,Like New,No
486,AMG GT,Night Edition,2021,144169,74068,Petrol,Automatic,2.7,235,Gold,Coupe,Latin America,4,Excellent,Yes
487,CLA,Premium Plus,2023,64437,112624,Hybrid,Manual,5.1,148,Green,Coupe,Asia Pacific,1,New,No
488,EQC,Night Edition,2018,92953,80108,Electric,Automatic,0,340,Gold,Sedan,Africa,4,Very Good,No
489,GLS,Premium,2009,139393,97219,Plug-in Hybrid,Manual,6.2,590,Beige,SUV,Latin America,3,New,Yes
490,GLB,Night Edition,2018,47652,156132,Petrol,Manual,4.5,235,Red,Convertible,North America,2,Good,No
491,GLC,Premium,2008,88575,181333,Hybrid,Automatic,1.3,610,Red,Sedan,Latin America,3,New,Yes
492,EQB,Luxury,2015,101784,44107,Electric,Automatic,0,553,White,SUV,Europe,2,Like New,Yes
493,E-Class,AMG Line,2024,60865,135955,Diesel,Manual,4.4,183,Silver,Coupe,Middle East,1,Good,No
494,GLE,Premium Plus,2015,94326,187027,Petrol,Manual,6.3,596,Black,SUV,Latin America,3,Excellent,No
495,B-Class,AMG Line,2014,59258,126042,Plug-in Hybrid,Manual,1.5,340,Silver,Sedan,North America,2,Like New,Yes
496,GLS,Avantgarde,2018,107298,125631,Petrol,Manual,6.3,298,Blue,SUV,Middle East,1,Excellent,No
497,EQC,Exclusive,2017,71097,195555,Electric,Automatic,0,220,Silver,Sedan,Asia Pacific,4,Very Good,Yes
498,GLE,Avantgarde,2011,89861,114155,Petrol,Manual,5.1,594,Gold,SUV,Europe,3,Good,Yes
499,C-Class,Sport,2023,63068,72078,Plug-in Hybrid,Automatic,4.6,346,White,Wagon,Latin America,4,Fair,Yes
500,EQC,Exclusive,2008,95244,107754,Electric,Automatic,0,611,Silver,Sedan,Africa,1,Good,No
501,GLB,Night Edition,2015,42740,187928,Diesel,Manual,6.3,457,Brown,Liftback,Asia Pacific,2,Fair,Yes
502,GLS,Exclusive,2015,124819,109104,Petrol,Manual,4,534,Brown,SUV,Latin America,3,Like New,Yes
503,AMG GT,Night Edition,2016,149733,131261,Plug-in Hybrid,Manual,6.3,117,Silver,Coupe,Europe,3,New,Yes
504,A-Class,Sport,2012,49021,161070,Diesel,Automatic,5.7,499,Beige,Liftback,North America,1,Excellent,No
505,S-Class,Exclusive,2010,118381,192970,Diesel,Manual,2.4,628,Green,SUV,North America,3,Like New,Yes
506,EQB,Premium,2022,106420,59164,Electric,Automatic,0,517,Brown,SUV,Middle East,2,Like New,No
507,EQC,Sport,2025,99713,80268,Electric,Automatic,0,526,Brown,SUV,Europe,4,Fair,Yes
508,EQB,Luxury,2023,106735,182947,Electric,Automatic,0,617,Gold,SUV,Middle East,4,Excellent,Yes
509,S-Class,Sport,2013,107660,69762,Petrol,Automatic,1.7,497,Black,SUV,Europe,1,Fair,Yes
510,AMG GT,Avantgarde,2011,131568,215425,Hybrid,Manual,5.8,264,Gray,Coupe,Europe,4,Excellent,Yes
511,EQC,Base,2024,100455,110592,Electric,Automatic,0,193,Brown,Sedan,Africa,4,New,Yes
512,B-Class,Sport,2018,54208,159538,Plug-in Hybrid,Manual,2.2,219,Silver,Wagon,Latin America,3,Like New,Yes
513,EQC,Premium,2017,94027,71289,Electric,Automatic,0,490,Gray,SUV,Europe,3,Good,Yes
514,EQC,Night Edition,2023,79927,136959,Electric,Automatic,0,270,Green,Sedan,Latin America,3,Fair,Yes
515,S-Class,AMG Line,2010,116248,78474,Hybrid,Automatic,3.6,546,Gold,SUV,Middle East,4,Good,No
516,EQC,Sport,2014,92807,84272,Electric,Automatic,0,432,Gray,SUV,Middle East,2,Very Good,Yes
517,S-Class,Exclusive,2022,105782,146412,Diesel,Automatic,5.7,478,Black,SUV,Asia Pacific,2,Fair,Yes
518,AMG GT,Premium,2014,159750,71446,Hybrid,Automatic,5.7,483,White,Coupe,Asia Pacific,4,Like New,No
519,C-Class,Luxury,2014,61280,161164,Plug-in Hybrid,Automatic,1.7,130,Silver,Sedan,Latin America,2,New,Yes
520,GLB,Premium,2021,69288,50493,Petrol,Automatic,2,533,White,Roadster,Asia Pacific,4,Fair,Yes
521,GLC,Luxury,2010,66189,171486,Hybrid,Automatic,6.3,561,Silver,Hatchback,Middle East,2,Fair,Yes
522,GLE,Night Edition,2017,103629,35181,Hybrid,Manual,3.6,316,Red,SUV,Latin America,2,New,No
523,AMG GT,AMG Line,2017,163564,204874,Petrol,Automatic,5.1,510,Red,Coupe,Middle East,3,New,Yes
524,E-Class,Premium,2009,59334,176081,Plug-in Hybrid,Automatic,3,252,Blue,Sedan,North America,2,Very Good,No
525,S-Class,Exclusive,2016,120404,132741,Petrol,Automatic,4.9,637,Beige,SUV,North America,1,Good,Yes
526,EQB,Premium,2013,62261,219541,Electric,Automatic,0,252,Blue,Sedan,Africa,1,Very Good,Yes
527,GLB,Base,2024,92040,111941,Plug-in Hybrid,Automatic,5.4,504,Beige,Coupe,Middle East,1,Like New,Yes
528,GLB,Exclusive,2015,58647,45298,Petrol,Manual,3.9,159,Blue,Convertible,Europe,2,New,Yes
529,A-Class,Premium Plus,2009,34963,217557,Hybrid,Automatic,2.2,264,Red,Convertible,Africa,4,Excellent,No
530,GLA,Premium Plus,2020,51929,116667,Petrol,Automatic,5.9,314,Red,Liftback,Africa,4,Good,Yes
531,GLE,Base,2012,80662,172131,Diesel,Automatic,5.8,364,White,SUV,Europe,1,Like New,Yes
532,S-Class,Exclusive,2021,125213,187750,Hybrid,Manual,5.3,624,Beige,SUV,Africa,2,Good,No
533,A-Class,Luxury,2008,66687,102606,Hybrid,Manual,5.6,588,White,Wagon,Asia Pacific,1,Like New,Yes
534,GLB,Premium Plus,2020,78435,184369,Petrol,Automatic,1.5,441,Silver,Sedan,Latin America,4,New,Yes
535,GLB,AMG Line,2019,70775,38879,Diesel,Manual,2.7,405,Red,SUV,Middle East,4,Excellent,Yes
536,EQB,Sport,2018,100237,117529,Electric,Automatic,0,549,Green,Sedan,Asia Pacific,1,Excellent,Yes
537,CLA,Base,2021,52866,150863,Petrol,Automatic,1.8,480,Black,Coupe,Latin America,2,Fair,Yes
538,CLA,Avantgarde,2016,82096,122791,Hybrid,Manual,4,586,Black,Coupe,Europe,4,Like New,No
539,A-Class,AMG Line,2009,56458,143046,Plug-in Hybrid,Manual,2.2,525,Beige,Wagon,Middle East,3,Good,No
540,GLC,Exclusive,2023,82054,89200,Hybrid,Automatic,4.8,160,Brown,SUV,Middle East,3,New,No
541,GLA,Sport,2014,81209,60658,Hybrid,Automatic,1.9,587,Brown,Wagon,Middle East,4,Excellent,No
542,GLA,Premium Plus,2019,70150,39751,Plug-in Hybrid,Automatic,5.6,324,Gray,SUV,Africa,3,Excellent,Yes
543,CLA,Base,2014,40575,204055,Diesel,Manual,5.3,252,Gold,Coupe,Europe,1,Like New,No
544,GLS,AMG Line,2008,106855,219601,Petrol,Manual,1.3,460,White,SUV,Africa,4,Excellent,Yes
545,GLE,Base,2009,87905,104321,Hybrid,Manual,1.5,562,Brown,SUV,North America,2,Good,Yes
546,GLA,Sport,2016,56107,65313,Diesel,Manual,2.3,420,Brown,Wagon,Europe,3,Good,Yes
547,CLA,Premium,2014,53500,139833,Hybrid,Manual,1.9,150,Beige,Coupe,North America,3,New,No
548,GLE,Exclusive,2009,82907,216129,Hybrid,Automatic,4,390,Blue,SUV,Europe,2,Like New,Yes
549,S-Class,Premium,2025,145745,101056,Diesel,Automatic,3.7,610,Gray,SUV,Latin America,3,New,No
550,CLA,Premium Plus,2012,50274,177985,Plug-in Hybrid,Manual,6.9,278,Silver,Coupe,Middle East,4,Very Good,Yes
551,E-Class,Sport,2009,64005,136135,Petrol,Manual,4.4,440,Green,Wagon,North America,3,Good,Yes
552,GLB,Luxury,2025,71400,160446,Hybrid,Manual,2.7,492,Gold,Hatchback,Africa,4,Very Good,Yes
553,A-Class,Luxury,2025,52140,106844,Hybrid,Manual,4.7,366,Red,Hatchback,Africa,1,Good,Yes
554,B-Class,Premium Plus,2013,40514,221917,Petrol,Manual,4.9,428,Gold,Sedan,Middle East,3,Good,Yes
555,B-Class,Night Edition,2019,86279,125581,Hybrid,Manual,4.1,617,White,Liftback,Middle East,4,New,No
556,S-Class,Night Edition,2021,89644,143724,Diesel,Automatic,2.4,118,Gray,SUV,Europe,1,Good,Yes
557,B-Class,Premium,2010,36097,177635,Petrol,Automatic,2.4,320,Gray,Convertible,North America,1,Good,Yes
558,C-Class,Luxury,2009,54784,143469,Petrol,Manual,6.5,467,Beige,SUV,Latin America,2,Very Good,Yes
559,E-Class,Night Edition,2014,74886,153148,Plug-in Hybrid,Manual,4.5,346,Gold,Convertible,Europe,1,Very Good,No
560,A-Class,Sport,2022,58360,46544,Hybrid,Automatic,5.4,252,White,Hatchback,Middle East,1,Excellent,Yes
561,GLE,Premium Plus,2013,81004,198533,Hybrid,Automatic,1.5,383,Green,SUV,Europe,1,Very Good,No
562,EQC,AMG Line,2018,94575,207612,Electric,Automatic,0,411,Gray,Sedan,Europe,1,Excellent,Yes
563,EQC,Base,2010,84495,163550,Electric,Automatic,0,370,Beige,SUV,Asia Pacific,4,Excellent,Yes
564,CLA,Base,2025,73442,88630,Diesel,Manual,3.3,619,Green,Coupe,Europe,4,Good,No
565,S-Class,Premium Plus,2014,113508,135520,Petrol,Automatic,4.2,491,Silver,SUV,Africa,4,Very Good,Yes
566,EQB,Luxury,2025,83778,68736,Electric,Automatic,0,245,Brown,Sedan,Africa,1,Very Good,Yes
567,EQA,Exclusive,2010,75870,78386,Electric,Automatic,0,577,Gray,SUV,Latin America,2,Fair,No
568,GLC,Night Edition,2024,90242,117899,Hybrid,Automatic,3.6,464,Gold,Sedan,Africa,1,Excellent,Yes
569,GLB,Sport,2013,45507,63070,Diesel,Automatic,2.3,176,Gold,Wagon,Middle East,2,Very Good,No
570,AMG GT,Base,2016,138239,128801,Plug-in Hybrid,Manual,2.4,132,Gold,Coupe,Middle East,3,Excellent,Yes
571,E-Class,AMG Line,2012,57554,187898,Petrol,Automatic,5.9,474,Beige,SUV,Asia Pacific,3,Fair,No
572,E-Class,Luxury,2018,89065,103101,Hybrid,Automatic,3.4,305,Beige,Wagon,Africa,1,New,No
573,GLS,AMG Line,2015,114338,176640,Plug-in Hybrid,Automatic,2.1,342,Gray,SUV,Africa,3,Excellent,Yes
574,EQB,Premium Plus,2011,64114,118951,Electric,Automatic,0,282,Green,Sedan,Europe,1,Good,Yes
575,EQA,Luxury,2018,74897,39583,Electric,Automatic,0,377,Brown,Sedan,Middle East,1,Fair,No
576,EQA,Night Edition,2009,95144,127005,Electric,Automatic,0,554,Red,Sedan,Latin America,4,New,Yes
577,EQA,Sport,2024,88346,123567,Electric,Automatic,0,417,Blue,SUV,Latin America,1,Excellent,No
578,EQB,AMG Line,2017,83538,55886,Electric,Automatic,0,294,Blue,Sedan,Middle East,2,Excellent,Yes
579,C-Class,AMG Line,2025,76089,28159,Petrol,Automatic,2,273,Silver,Liftback,Asia Pacific,1,New,No
580,GLE,Base,2016,70262,161955,Petrol,Automatic,5.8,397,Red,SUV,Latin America,2,Fair,No
581,B-Class,Premium Plus,2016,58592,130814,Hybrid,Manual,4.6,213,Gold,Convertible,Europe,1,New,Yes
582,B-Class,Exclusive,2018,65931,160866,Petrol,Automatic,3.9,473,Black,Wagon,Latin America,1,Like New,No
583,A-Class,Avantgarde,2023,64745,145082,Petrol,Manual,4.5,626,Gray,Convertible,Africa,3,Good,No
584,AMG GT,Sport,2022,173213,161063,Plug-in Hybrid,Manual,3.7,633,Beige,Coupe,North America,3,Excellent,Yes
585,GLB,Avantgarde,2022,62080,114846,Diesel,Manual,4.4,398,Green,Hatchback,Africa,1,Good,Yes
586,GLA,Premium Plus,2017,80825,53752,Petrol,Automatic,4.2,615,Gray,SUV,Europe,4,Like New,Yes
587,GLA,Exclusive,2023,69288,64494,Diesel,Manual,4.3,346,Black,Convertible,Middle East,3,Like New,No
588,CLA,Base,2022,76456,19900,Petrol,Automatic,2.5,635,Beige,Coupe,Asia Pacific,4,Good,Yes
589,GLC,Premium,2020,90870,52288,Diesel,Manual,4.4,398,Black,Coupe,North America,2,New,Yes
590,GLB,AMG Line,2020,57487,104252,Diesel,Manual,5.8,207,Silver,Roadster,Middle East,1,Like New,No
591,B-Class,Sport,2025,85997,34339,Plug-in Hybrid,Manual,1.7,625,Green,Wagon,Asia Pacific,4,Good,Yes
592,GLB,Luxury,2010,54432,66810,Petrol,Manual,2.4,382,Beige,Convertible,Asia Pacific,4,Very Good,Yes
593,B-Class,Exclusive,2014,49683,45507,Petrol,Manual,6.7,205,Brown,SUV,Latin America,3,Like New,No
594,EQC,Avantgarde,2010,91871,145082,Electric,Automatic,0,278,Blue,SUV,North America,2,New,No
595,GLA,Premium Plus,2009,41985,224047,Diesel,Manual,5,372,Beige,Hatchback,Europe,3,Very Good,Yes
596,EQC,Luxury,2019,105474,87125,Electric,Automatic,0,385,Black,SUV,Asia Pacific,3,New,Yes
597,C-Class,Sport,2025,73119,61852,Petrol,Manual,2.2,271,Black,Convertible,Africa,2,New,No
598,EQC,Premium,2020,115552,102448,Electric,Automatic,0,593,Green,Sedan,Middle East,1,Like New,Yes
599,S-Class,Exclusive,2009,92336,154808,Diesel,Automatic,2,354,Black,SUV,Asia Pacific,3,Good,No
600,GLS,Premium Plus,2023,119785,85334,Diesel,Automatic,6.4,303,Beige,SUV,Europe,1,New,Yes
601,EQA,Luxury,2015,72546,207115,Electric,Automatic,0,256,Black,Sedan,Asia Pacific,3,Like New,No
602,EQA,Premium Plus,2015,69694,124895,Electric,Automatic,0,268,Silver,Sedan,Asia Pacific,2,Excellent,No
603,EQC,AMG Line,2017,75775,202465,Electric,Automatic,0,207,Red,Sedan,Africa,1,Very Good,Yes
604,B-Class,AMG Line,2010,31416,221696,Diesel,Automatic,3.1,290,Red,Liftback,Africa,2,Very Good,No
605,GLS,Luxury,2014,134049,206421,Petrol,Manual,2.7,637,White,SUV,Middle East,3,New,No
606,EQC,AMG Line,2023,112048,19486,Electric,Automatic,0,352,Silver,Sedan,North America,1,New,Yes
607,EQC,Luxury,2013,91036,190189,Electric,Automatic,0,617,White,Sedan,Europe,2,Good,Yes
608,CLA,Exclusive,2023,74930,54284,Petrol,Automatic,1.7,460,Green,Coupe,Europe,2,Like New,Yes
609,GLA,Avantgarde,2020,61077,139688,Diesel,Manual,1.4,404,Gray,Coupe,Europe,3,Excellent,No
610,EQA,Sport,2019,95114,54605,Electric,Automatic,0,495,White,SUV,Africa,3,Like New,Yes
611,GLC,Sport,2017,80014,110215,Plug-in Hybrid,Automatic,4.6,446,Gray,Hatchback,Africa,2,Very Good,Yes
612,AMG GT,Premium,2017,146598,175062,Plug-in Hybrid,Manual,2.2,311,Red,Coupe,Latin America,4,Excellent,No
613,GLS,Luxury,2020,87926,54823,Diesel,Automatic,1.6,115,Brown,SUV,Europe,3,Fair,No
614,S-Class,Night Edition,2019,103219,81751,Diesel,Automatic,3.6,144,Blue,SUV,Europe,1,Like New,No
615,B-Class,Night Edition,2023,62079,78643,Hybrid,Manual,5.5,426,Brown,Coupe,Europe,3,Good,No
616,EQB,Night Edition,2020,69452,193463,Electric,Automatic,0,236,White,Sedan,Middle East,1,Good,Yes
617,GLE,Premium Plus,2017,113587,35347,Petrol,Manual,4,599,Gray,SUV,Latin America,4,Like New,Yes
618,GLC,Base,2022,70274,150893,Petrol,Manual,4.7,327,Blue,Hatchback,North America,2,Excellent,No
619,GLC,Base,2025,93517,85087,Hybrid,Automatic,1.8,524,White,Coupe,Africa,2,Very Good,Yes
620,A-Class,Base,2018,35100,93164,Hybrid,Automatic,1.7,221,Black,Wagon,Europe,1,Fair,No
621,GLS,Premium Plus,2008,90723,173719,Plug-in Hybrid,Manual,5.4,236,Black,SUV,Africa,3,Good,Yes
622,GLS,Exclusive,2022,118554,89977,Diesel,Automatic,3.7,510,Gold,SUV,Europe,4,Good,Yes
623,GLB,Exclusive,2014,69960,212676,Petrol,Manual,6.4,521,Brown,Hatchback,Europe,2,Like New,No
624,EQB,Avantgarde,2020,87356,66553,Electric,Automatic,0,418,Green,SUV,Latin America,2,Very Good,Yes
625,EQA,Luxury,2009,69619,239359,Electric,Automatic,0,588,Blue,Sedan,Europe,4,Fair,Yes
626,EQB,Exclusive,2022,84543,116099,Electric,Automatic,0,191,Gold,Sedan,North America,1,Like New,Yes
627,EQA,Sport,2009,52021,102791,Electric,Automatic,0,194,Gold,SUV,North America,1,Good,Yes
628,GLS,AMG Line,2024,113415,44715,Diesel,Automatic,3.1,437,Brown,SUV,Middle East,4,Good,Yes
629,EQB,Premium Plus,2016,86046,120018,Electric,Automatic,0,582,Beige,Sedan,Asia Pacific,2,Fair,No
630,EQC,Exclusive,2015,101036,88527,Electric,Automatic,0,527,Black,Sedan,Europe,3,Excellent,Yes
631,AMG GT,Premium Plus,2020,157873,81235,Petrol,Automatic,4.6,413,Green,Coupe,Europe,4,Excellent,No
632,GLC,Base,2011,35322,110705,Petrol,Automatic,5.1,147,Green,SUV,Europe,1,Fair,Yes
633,A-Class,Avantgarde,2017,52886,119969,Diesel,Manual,2.4,399,Silver,Wagon,Europe,4,Like New,Yes
634,E-Class,AMG Line,2018,55667,121906,Petrol,Manual,4.5,195,Beige,SUV,Asia Pacific,3,Good,No
635,GLE,Luxury,2025,100134,96267,Diesel,Manual,4.9,474,Green,SUV,Latin America,2,Like New,Yes
636,C-Class,Premium,2009,73384,141786,Plug-in Hybrid,Manual,6.1,509,Gray,Wagon,Asia Pacific,3,Excellent,Yes
637,GLS,Premium Plus,2014,114806,109162,Diesel,Manual,1.8,629,Red,SUV,Asia Pacific,3,Good,Yes
638,E-Class,Premium Plus,2019,79093,193943,Hybrid,Automatic,5,455,White,Liftback,Latin America,1,Very Good,No
639,EQA,Base,2025,85241,52497,Electric,Automatic,0,432,Silver,SUV,Europe,2,Good,Yes
640,GLB,AMG Line,2021,86123,70293,Petrol,Manual,4.2,522,Red,SUV,Middle East,2,New,No
641,EQC,Night Edition,2011,107189,89046,Electric,Automatic,0,613,Gray,SUV,Asia Pacific,4,Excellent,Yes
642,AMG GT,Premium Plus,2013,156087,78166,Hybrid,Automatic,6.3,496,Beige,Coupe,North America,4,Excellent,Yes
643,GLE,Luxury,2023,91450,110044,Plug-in Hybrid,Manual,3.1,376,Gray,SUV,North America,3,Good,No
644,B-Class,Exclusive,2009,41166,176718,Hybrid,Manual,6.6,362,Beige,Wagon,Asia Pacific,4,Good,Yes
645,A-Class,AMG Line,2008,26779,132452,Hybrid,Manual,1.3,164,Beige,SUV,Europe,2,Good,Yes
646,EQA,Night Edition,2025,93783,139057,Electric,Automatic,0,582,Blue,SUV,North America,3,Good,Yes
647,S-Class,Base,2021,128641,41137,Diesel,Automatic,5.8,485,Brown,SUV,Asia Pacific,1,Like New,Yes
648,GLA,Sport,2024,89767,48476,Diesel,Automatic,5.8,584,Beige,SUV,Europe,4,New,Yes
649,GLE,Premium Plus,2013,77727,84146,Hybrid,Automatic,6.7,282,White,SUV,Middle East,1,Very Good,Yes
650,GLS,Base,2014,125746,45579,Petrol,Automatic,6,534,Red,SUV,Asia Pacific,4,Like New,Yes
651,GLS,AMG Line,2018,130869,75877,Plug-in Hybrid,Automatic,5.3,454,Blue,SUV,North America,2,Excellent,No
652,S-Class,Avantgarde,2016,144025,39373,Plug-in Hybrid,Automatic,2.4,635,Gray,SUV,Europe,4,Excellent,Yes
653,S-Class,Premium,2011,102632,78127,Plug-in Hybrid,Manual,4.8,260,Green,SUV,Asia Pacific,3,Very Good,Yes
654,GLS,Sport,2025,117249,21931,Petrol,Automatic,4.1,169,Gold,SUV,North America,4,Like New,Yes
655,EQB,Luxury,2013,98094,164243,Electric,Automatic,0,576,Gray,Sedan,Africa,4,Like New,No
656,A-Class,Base,2018,39115,173808,Hybrid,Manual,2,248,Silver,Coupe,Europe,4,Very Good,Yes
657,E-Class,AMG Line,2012,84921,148599,Hybrid,Manual,3.7,485,Brown,Roadster,Latin America,4,Excellent,Yes
658,AMG GT,Avantgarde,2022,152817,75983,Petrol,Automatic,4.3,369,Blue,Coupe,Africa,1,Excellent,No
659,B-Class,Exclusive,2014,40121,201584,Hybrid,Manual,6.6,281,Beige,Sedan,Asia Pacific,4,Very Good,No
660,GLS,Luxury,2025,92769,72530,Diesel,Manual,4.9,145,Brown,SUV,Latin America,1,Fair,Yes
661,S-Class,Exclusive,2025,117408,87017,Petrol,Manual,6.6,361,Beige,SUV,Middle East,1,Very Good,Yes
662,E-Class,Premium,2008,62190,222225,Hybrid,Manual,3.6,314,Gray,Sedan,Middle East,1,Excellent,Yes
663,EQB,Night Edition,2015,72520,190167,Electric,Automatic,0,193,Silver,Sedan,Asia Pacific,4,Like New,Yes
664,E-Class,Avantgarde,2021,90016,151360,Petrol,Manual,6.1,349,Black,Liftback,Latin America,4,New,No
665,EQC,Premium,2014,106484,122522,Electric,Automatic,0,435,Blue,Sedan,Europe,4,New,Yes
666,AMG GT,Base,2019,153992,87076,Diesel,Automatic,4.1,390,Brown,Coupe,North America,3,Like New,Yes
667,GLB,Sport,2021,52697,167415,Diesel,Automatic,1.8,219,Gold,Hatchback,North America,2,Like New,No
668,CLA,Exclusive,2017,61741,125745,Petrol,Automatic,5.9,537,Red,Coupe,Europe,3,Good,Yes
669,CLA,Luxury,2013,38713,177300,Hybrid,Automatic,2,166,Green,Coupe,Asia Pacific,4,Very Good,Yes
670,S-Class,Base,2012,104550,120845,Hybrid,Automatic,6.1,245,Brown,SUV,Asia Pacific,3,Like New,Yes
671,EQC,AMG Line,2021,81508,180218,Electric,Automatic,0,353,Blue,Sedan,Middle East,3,Fair,No
672,A-Class,AMG Line,2021,48799,138100,Petrol,Automatic,6.9,369,White,Convertible,Latin America,2,Good,No
673,B-Class,Premium Plus,2020,67476,61822,Petrol,Manual,1.9,285,Gold,Coupe,Europe,2,New,No
674,A-Class,Sport,2025,42728,112566,Diesel,Automatic,4.3,320,Gray,Convertible,Asia Pacific,1,Fair,Yes
675,GLC,Avantgarde,2015,64659,129923,Hybrid,Automatic,2,291,Red,Liftback,Middle East,1,Very Good,No
676,GLC,Base,2025,98292,129070,Hybrid,Automatic,1.9,512,Gray,SUV,Europe,3,Like New,No
677,GLE,Exclusive,2022,109162,84625,Hybrid,Automatic,4.7,538,Green,SUV,Latin America,4,Like New,Yes
678,CLA,Exclusive,2008,41876,231326,Hybrid,Automatic,2.2,488,Black,Coupe,Middle East,3,Fair,Yes
679,E-Class,Base,2023,93629,186008,Plug-in Hybrid,Manual,5.2,291,Silver,SUV,Africa,1,New,Yes
680,EQB,Sport,2018,73556,132492,Electric,Automatic,0,371,Gold,Sedan,Asia Pacific,3,Fair,No
681,EQA,Exclusive,2010,44811,206791,Electric,Automatic,0,263,Brown,Sedan,North America,3,Fair,No
682,C-Class,Avantgarde,2019,74877,42390,Plug-in Hybrid,Automatic,3.4,599,Brown,Roadster,Africa,1,Fair,Yes
683,E-Class,Exclusive,2016,69299,159922,Diesel,Manual,6.9,268,Black,Roadster,Europe,1,Like New,Yes
684,GLB,Night Edition,2010,57906,160602,Diesel,Manual,5.5,433,Gold,Liftback,Latin America,2,Like New,Yes
685,CLA,Luxury,2015,61118,61947,Hybrid,Automatic,5.4,294,Gray,Coupe,North America,1,Excellent,Yes
686,AMG GT,Sport,2025,162524,60690,Diesel,Automatic,3.4,446,Green,Coupe,Middle East,2,Excellent,No
687,GLA,Sport,2011,59959,220864,Petrol,Manual,3.3,372,Blue,Sedan,Latin America,2,New,Yes
688,CLA,Sport,2021,72616,93321,Plug-in Hybrid,Manual,3.3,321,Brown,Coupe,Africa,3,Like New,Yes
689,A-Class,Sport,2011,65954,155573,Plug-in Hybrid,Automatic,1.4,376,Blue,Liftback,Middle East,2,New,Yes
690,EQC,Luxury,2019,76409,193081,Electric,Automatic,0,191,Black,SUV,Latin America,2,Excellent,No
691,GLC,Luxury,2015,59864,140072,Petrol,Manual,3.8,186,Silver,Hatchback,Middle East,4,Like New,Yes
692,GLA,Premium Plus,2010,37887,212884,Diesel,Manual,3.4,459,Green,Liftback,Middle East,4,Fair,Yes
693,B-Class,Luxury,2022,48955,174618,Plug-in Hybrid,Automatic,4.5,193,Brown,Hatchback,Latin America,3,Good,No
694,GLS,Premium,2019,131922,139024,Plug-in Hybrid,Manual,6.7,584,Brown,SUV,Asia Pacific,1,Very Good,Yes
695,C-Class,Exclusive,2015,60389,178348,Hybrid,Automatic,2.2,418,Gold,Sedan,North America,1,Excellent,Yes
696,EQB,Sport,2023,76411,124672,Electric,Automatic,0,260,Beige,SUV,Latin America,1,Very Good,Yes
697,EQA,Avantgarde,2021,67870,176757,Electric,Automatic,0,330,Silver,SUV,Europe,4,Good,Yes
698,GLE,Sport,2017,76080,189100,Diesel,Automatic,4.5,484,White,SUV,Europe,4,Fair,Yes
699,B-Class,Premium Plus,2020,36950,64750,Hybrid,Manual,6.5,186,Black,Sedan,Asia Pacific,4,Fair,Yes
700,EQC,Premium Plus,2020,100344,143142,Electric,Automatic,0,610,Blue,SUV,Africa,3,Good,Yes
701,B-Class,Avantgarde,2009,48313,136993,Hybrid,Manual,2.6,248,Blue,Roadster,Europe,1,Like New,Yes
702,AMG GT,Premium Plus,2008,129140,201266,Plug-in Hybrid,Manual,4,112,Beige,Coupe,Middle East,1,Like New,Yes
703,EQA,Base,2014,80161,65174,Electric,Automatic,0,442,Brown,SUV,Middle East,1,Good,Yes
704,EQB,Sport,2020,93569,92957,Electric,Automatic,0,405,Red,Sedan,North America,1,Like New,Yes
705,GLC,Premium Plus,2019,84612,55405,Plug-in Hybrid,Manual,3.4,579,Blue,Coupe,Latin America,2,Fair,No
706,EQB,Base,2020,89762,27758,Electric,Automatic,0,203,Beige,SUV,Europe,3,New,Yes
707,A-Class,Base,2019,39174,106822,Plug-in Hybrid,Automatic,4.3,228,Blue,SUV,Europe,3,Fair,No
708,EQA,Sport,2019,94492,109347,Electric,Automatic,0,440,Black,Sedan,Europe,2,Like New,No
709,B-Class,Premium Plus,2025,75948,30494,Plug-in Hybrid,Automatic,6.3,254,Red,Liftback,Latin America,2,Like New,Yes
710,B-Class,Sport,2016,59105,111816,Plug-in Hybrid,Manual,1.9,504,Beige,Coupe,Middle East,4,Fair,No
711,GLA,AMG Line,2022,75852,118041,Petrol,Automatic,5.8,479,Green,Liftback,North America,4,Like New,Yes
712,B-Class,Night Edition,2008,24454,176595,Petrol,Manual,5.8,209,Silver,Convertible,Europe,2,Very Good,Yes
713,GLS,Sport,2008,95620,175199,Plug-in Hybrid,Automatic,5.4,202,Brown,SUV,North America,4,Excellent,Yes
714,EQC,Night Edition,2018,116052,103927,Electric,Automatic,0,513,White,Sedan,Latin America,2,New,Yes
715,GLA,Premium Plus,2025,53597,145831,Diesel,Manual,5.1,453,Blue,Sedan,Africa,3,Fair,Yes
716,GLC,Premium Plus,2019,70721,82670,Diesel,Manual,2.4,556,Gold,Sedan,Asia Pacific,1,Fair,No
717,B-Class,AMG Line,2017,52927,56194,Hybrid,Automatic,4.6,374,Black,Sedan,Middle East,3,Good,No
718,B-Class,Premium,2022,67912,77420,Hybrid,Automatic,3.7,485,Gold,Convertible,North America,4,Very Good,Yes
719,A-Class,Sport,2021,81682,61410,Plug-in Hybrid,Manual,5.6,490,Red,Coupe,North America,2,Like New,No
720,EQC,AMG Line,2010,93514,167184,Electric,Automatic,0,408,Gold,SUV,Latin America,1,Like New,No
721,AMG GT,Premium,2024,150734,135180,Petrol,Manual,1.6,464,Gold,Coupe,North America,2,Very Good,No
722,AMG GT,Base,2009,154402,103110,Hybrid,Automatic,6,597,Silver,Coupe,Asia Pacific,3,Good,No
723,EQB,Luxury,2016,88648,118338,Electric,Automatic,0,370,Silver,SUV,Asia Pacific,2,Like New,Yes
724,B-Class,Sport,2010,59758,170273,Petrol,Manual,4.7,488,Beige,Sedan,Europe,1,New,No
725,EQA,Luxury,2014,84711,125013,Electric,Automatic,0,357,Brown,Sedan,Africa,4,New,Yes
726,GLC,Sport,2017,85418,76728,Hybrid,Automatic,6.7,587,Beige,Liftback,Europe,1,Good,Yes
727,E-Class,Night Edition,2020,77616,88550,Petrol,Automatic,3,358,Gold,Sedan,North America,1,Excellent,Yes
728,S-Class,Luxury,2013,110412,193215,Petrol,Manual,2.3,592,White,SUV,Africa,1,Very Good,No
729,GLS,Luxury,2011,95684,178069,Plug-in Hybrid,Manual,2.3,168,Green,SUV,North America,3,Excellent,No
730,AMG GT,Exclusive,2012,153924,53882,Plug-in Hybrid,Manual,3.8,261,Black,Coupe,North America,2,Like New,Yes
731,B-Class,AMG Line,2009,69502,83066,Diesel,Manual,4.9,579,Silver,Hatchback,Africa,2,New,No
732,AMG GT,Night Edition,2025,173711,172183,Petrol,Automatic,2.4,559,Blue,Coupe,Asia Pacific,4,New,No
733,AMG GT,Sport,2021,128041,169293,Diesel,Manual,2.5,325,White,Coupe,Europe,4,Fair,Yes
734,E-Class,Night Edition,2024,102944,172076,Petrol,Automatic,5.4,517,Blue,Liftback,Africa,4,New,Yes
735,C-Class,Sport,2017,51895,91931,Petrol,Automatic,4.7,235,Brown,Sedan,Middle East,1,Excellent,No
736,GLA,Luxury,2025,71758,126750,Hybrid,Automatic,3.5,344,Green,SUV,Europe,1,Excellent,No
737,AMG GT,Base,2022,188031,88452,Plug-in Hybrid,Manual,6.8,622,Green,Coupe,North America,2,New,No
738,EQC,Luxury,2009,92657,237305,Electric,Automatic,0,463,Red,SUV,Latin America,3,New,No
739,GLE,Base,2024,74074,173961,Petrol,Manual,6.7,281,Gold,SUV,Africa,1,Good,No
740,GLB,Luxury,2023,64780,58760,Diesel,Automatic,6.7,345,Black,Coupe,Asia Pacific,1,Very Good,No
741,B-Class,Luxury,2025,56098,150339,Hybrid,Manual,1.7,209,Brown,Coupe,Europe,2,Excellent,No
742,GLC,Avantgarde,2009,65945,139607,Petrol,Manual,6.8,303,Gray,Coupe,Asia Pacific,3,Like New,Yes
743,EQA,Exclusive,2024,91071,102008,Electric,Automatic,0,325,Green,Sedan,Africa,1,Like New,No
744,GLE,Luxury,2010,84783,74886,Petrol,Automatic,4.7,635,Red,SUV,Africa,1,Fair,No
745,EQA,Premium Plus,2016,73331,47934,Electric,Automatic,0,294,Silver,SUV,Africa,2,Good,Yes
746,B-Class,Premium,2012,59322,52846,Plug-in Hybrid,Manual,4.2,205,Blue,Convertible,Asia Pacific,1,New,No
747,CLA,Base,2024,54819,58777,Petrol,Automatic,3.2,346,Gray,Coupe,Europe,3,Good,No
748,CLA,Exclusive,2011,42508,209550,Diesel,Automatic,1.7,507,Black,Coupe,Europe,1,Good,Yes
749,AMG GT,Exclusive,2013,124360,136785,Petrol,Automatic,3.6,218,Brown,Coupe,Latin America,3,Very Good,No
750,GLB,Exclusive,2022,53247,49114,Petrol,Manual,5.4,118,Red,SUV,Africa,2,Excellent,No
751,EQB,Night Edition,2021,97014,196125,Electric,Automatic,0,484,White,Sedan,North America,2,Like New,Yes
752,C-Class,Luxury,2018,63694,157739,Hybrid,Manual,2.6,347,Silver,Coupe,Asia Pacific,2,Like New,No
753,CLA,Sport,2012,41510,205934,Petrol,Manual,6.9,516,Blue,Coupe,Asia Pacific,2,Fair,Yes
754,A-Class,Avantgarde,2009,53530,60615,Plug-in Hybrid,Manual,3.9,438,Brown,Wagon,Middle East,1,Good,Yes
755,CLA,Premium Plus,2016,55868,205951,Hybrid,Manual,3.7,297,Black,Coupe,Europe,4,Like New,Yes
756,S-Class,Night Edition,2021,116860,121759,Petrol,Automatic,1.8,261,Gold,SUV,North America,3,New,Yes
757,GLB,Luxury,2012,49614,131268,Petrol,Manual,5.8,287,Beige,Coupe,Asia Pacific,4,Very Good,No
758,B-Class,Base,2015,56923,194116,Plug-in Hybrid,Automatic,3,328,Blue,Coupe,North America,2,Excellent,Yes
759,S-Class,Premium,2008,117096,82490,Plug-in Hybrid,Automatic,5.3,290,Gray,SUV,Asia Pacific,4,New,No
760,EQB,Night Edition,2022,78694,57769,Electric,Automatic,0,221,Black,Sedan,North America,1,Very Good,No
761,GLC,Luxury,2010,66443,207170,Plug-in Hybrid,Automatic,4.3,279,Blue,Convertible,Africa,1,Like New,Yes
762,GLS,Exclusive,2009,100274,199254,Hybrid,Manual,2.2,423,Gray,SUV,Asia Pacific,3,Very Good,No
763,A-Class,AMG Line,2025,37579,19271,Diesel,Manual,2.6,195,Beige,Roadster,Africa,3,Fair,No
764,GLC,Exclusive,2012,61121,226513,Hybrid,Manual,2.3,271,Red,Roadster,Europe,3,Like New,Yes
765,GLS,Sport,2024,108705,62791,Diesel,Automatic,2.8,323,Silver,SUV,Asia Pacific,3,Very Good,Yes
766,E-Class,Premium,2023,84039,74426,Petrol,Automatic,6.4,446,Green,Sedan,North America,2,Good,No
767,AMG GT,Premium,2019,145997,146451,Plug-in Hybrid,Automatic,4.9,265,Gold,Coupe,Europe,3,Very Good,Yes
768,CLA,Avantgarde,2014,83769,139127,Plug-in Hybrid,Automatic,5.6,563,Beige,Coupe,North America,1,New,Yes
769,E-Class,Sport,2008,69210,236853,Hybrid,Manual,2.2,566,Silver,Convertible,Asia Pacific,2,Good,Yes
770,EQB,Premium,2020,79194,67145,Electric,Automatic,0,302,Red,Sedan,North America,1,Very Good,Yes
771,EQA,Exclusive,2015,82812,64333,Electric,Automatic,0,357,Red,SUV,Asia Pacific,1,Excellent,Yes
772,CLA,Base,2011,53275,111393,Hybrid,Automatic,1.4,352,Beige,Coupe,Latin America,3,Very Good,No
773,GLS,Sport,2021,96180,187732,Diesel,Manual,1.4,382,Green,SUV,Latin America,3,Fair,Yes
774,E-Class,Avantgarde,2021,81618,65182,Plug-in Hybrid,Manual,2,133,White,Sedan,North America,2,Like New,Yes
775,CLA,Avantgarde,2020,58976,78777,Plug-in Hybrid,Manual,3.5,286,Beige,Coupe,Latin America,2,Very Good,Yes
776,GLB,Sport,2023,75929,89609,Diesel,Automatic,5.7,618,Gold,Hatchback,Asia Pacific,4,Good,Yes
777,GLB,Night Edition,2023,58038,171511,Plug-in Hybrid,Manual,5.3,300,White,SUV,Latin America,4,Good,Yes
778,E-Class,Exclusive,2009,56638,234174,Hybrid,Manual,2.2,429,Gold,Coupe,Europe,1,Fair,Yes
779,EQA,Avantgarde,2015,69410,180280,Electric,Automatic,0,434,Gold,Sedan,Asia Pacific,4,Good,Yes
780,GLB,Premium Plus,2017,53199,99727,Hybrid,Manual,4.6,354,Beige,Wagon,Europe,3,Fair,Yes
781,S-Class,Sport,2021,115925,179167,Diesel,Manual,6.1,602,Blue,SUV,Africa,2,Good,No
782,GLC,Avantgarde,2013,54918,165792,Petrol,Manual,1.6,383,Black,Hatchback,Europe,4,Good,No
783,GLB,Base,2017,71613,89069,Petrol,Manual,1.9,506,Brown,Convertible,Latin America,2,Very Good,Yes
784,GLB,Night Edition,2017,60458,58449,Plug-in Hybrid,Automatic,5.3,215,Black,Wagon,Middle East,4,Good,No
785,B-Class,Premium,2022,39935,177160,Petrol,Manual,5,323,Black,SUV,Asia Pacific,4,Fair,No
786,GLB,Luxury,2012,41319,150726,Petrol,Manual,2.3,188,Green,Coupe,Europe,1,Excellent,No
787,S-Class,AMG Line,2008,105097,208447,Hybrid,Manual,6.1,517,White,SUV,North America,3,Very Good,Yes
788,B-Class,Premium,2020,61599,131626,Hybrid,Automatic,6.6,594,Green,Hatchback,Europe,3,Fair,No
789,EQC,Base,2011,98104,56221,Electric,Automatic,0,443,Brown,Sedan,Asia Pacific,1,Excellent,Yes
790,B-Class,Night Edition,2025,71038,53567,Petrol,Manual,1.5,538,Gold,Convertible,Middle East,3,Very Good,Yes
791,CLA,Avantgarde,2010,55278,89525,Hybrid,Automatic,2.6,401,Green,Coupe,Latin America,3,Very Good,No
792,GLB,Sport,2008,55756,205944,Hybrid,Automatic,6.6,409,Brown,Sedan,Asia Pacific,3,Excellent,Yes
793,S-Class,Exclusive,2018,117158,111760,Petrol,Automatic,6.2,437,White,SUV,Africa,1,Excellent,Yes
794,GLC,AMG Line,2023,82802,59612,Diesel,Manual,5.3,630,Green,Coupe,Middle East,4,Fair,No
795,GLB,AMG Line,2018,57745,118186,Petrol,Automatic,3.7,259,Green,Hatchback,Europe,3,Excellent,Yes
796,A-Class,Avantgarde,2008,33604,148262,Petrol,Manual,1.9,231,Green,Hatchback,Middle East,4,Excellent,Yes
797,A-Class,Premium Plus,2011,42113,212051,Plug-in Hybrid,Manual,3.4,153,Beige,Liftback,Asia Pacific,2,Like New,Yes
798,GLS,AMG Line,2009,122946,115655,Plug-in Hybrid,Manual,2.1,632,Gray,SUV,North America,3,Very Good,Yes
799,E-Class,Premium Plus,2022,71645,152161,Hybrid,Manual,3.7,340,Gold,SUV,Latin America,4,Good,No
800,AMG GT,Exclusive,2012,153566,100229,Diesel,Manual,4.7,400,Green,Coupe,Africa,4,New,Yes
801,S-Class,AMG Line,2021,123650,118480,Diesel,Manual,4.7,345,Silver,SUV,Africa,4,New,Yes
802,CLA,Premium,2021,44369,176148,Petrol,Manual,6.3,207,Green,Coupe,Middle East,4,Excellent,Yes
803,GLS,Sport,2022,122643,109016,Diesel,Manual,1.9,365,Green,SUV,North America,3,New,Yes
804,S-Class,AMG Line,2023,128040,93451,Diesel,Manual,2.5,436,Brown,SUV,Africa,1,New,Yes
805,EQB,Sport,2018,76788,195171,Electric,Automatic,0,418,Green,Sedan,Africa,1,Good,No
806,GLS,Luxury,2016,103480,64796,Diesel,Automatic,1.8,421,Beige,SUV,Middle East,1,Fair,Yes
807,EQB,Base,2025,100616,140103,Electric,Automatic,0,341,Gold,SUV,North America,4,New,Yes
808,EQB,Avantgarde,2017,98894,80924,Electric,Automatic,0,619,White,Sedan,Middle East,1,Good,No
809,GLS,Premium Plus,2022,114826,36370,Diesel,Manual,6.7,170,White,SUV,Latin America,2,New,Yes
810,A-Class,AMG Line,2013,23513,183328,Petrol,Automatic,5.5,244,Gold,SUV,Africa,1,Fair,Yes
811,EQB,Luxury,2016,71872,205125,Electric,Automatic,0,224,Gold,Sedan,Latin America,3,Like New,Yes
812,EQB,Premium,2016,61938,114897,Electric,Automatic,0,262,Silver,SUV,Latin America,4,Fair,Yes
813,GLS,Night Edition,2024,127907,67970,Plug-in Hybrid,Automatic,5.3,523,White,SUV,Asia Pacific,2,Fair,No
814,A-Class,AMG Line,2022,47584,155791,Diesel,Automatic,2.6,292,Blue,Sedan,Europe,4,Like New,Yes
815,A-Class,Avantgarde,2009,48178,157993,Diesel,Automatic,2.1,584,White,Hatchback,Europe,4,Very Good,Yes
816,S-Class,Sport,2012,119658,62231,Petrol,Manual,2.1,481,Gray,SUV,Middle East,1,Excellent,Yes
817,GLC,Exclusive,2023,51589,62089,Hybrid,Automatic,2.3,116,Gold,Liftback,North America,3,Fair,Yes
818,GLA,Avantgarde,2025,73759,13458,Plug-in Hybrid,Manual,2.8,191,Green,Liftback,Asia Pacific,3,Like New,Yes
819,S-Class,Night Edition,2009,107313,130091,Diesel,Automatic,1.8,473,Beige,SUV,North America,1,Excellent,No
820,GLC,Premium,2015,71334,77841,Hybrid,Automatic,1.3,344,Green,Liftback,North America,4,Excellent,Yes
821,C-Class,Base,2020,75611,107997,Hybrid,Manual,4.5,508,Blue,Convertible,Middle East,4,Very Good,No
822,GLS,Luxury,2025,113290,160906,Hybrid,Manual,2,458,Silver,SUV,Europe,3,Fair,No
823,GLC,Night Edition,2011,79591,125638,Hybrid,Automatic,4.1,440,Green,Coupe,Africa,4,Like New,Yes
824,GLS,Premium Plus,2019,129928,115855,Hybrid,Manual,1.5,465,Blue,SUV,North America,1,Like New,No
825,AMG GT,Exclusive,2012,138866,148446,Plug-in Hybrid,Automatic,6.4,456,Silver,Coupe,Latin America,3,Fair,No
826,AMG GT,Base,2024,125761,159433,Diesel,Automatic,2.6,155,Red,Coupe,Africa,4,Very Good,Yes
827,EQC,Exclusive,2016,88725,85189,Electric,Automatic,0,495,Black,SUV,North America,4,Fair,Yes
828,AMG GT,Base,2020,141259,181412,Diesel,Manual,4.1,563,Red,Coupe,Middle East,1,Fair,No
829,GLC,Night Edition,2020,85082,101255,Plug-in Hybrid,Manual,6.3,475,Red,Liftback,North America,2,Very Good,Yes
830,EQA,Premium,2021,86736,166596,Electric,Automatic,0,300,Beige,Sedan,Middle East,2,New,Yes
831,GLE,Base,2022,89664,51441,Petrol,Manual,2.7,191,Black,SUV,Europe,1,Like New,No
832,EQA,Exclusive,2010,68268,163639,Electric,Automatic,0,525,Gray,Sedan,Latin America,3,Fair,No
833,GLC,Avantgarde,2015,58230,91366,Plug-in Hybrid,Automatic,4.2,114,White,Liftback,Europe,4,Good,Yes
834,CLA,Avantgarde,2020,48075,87396,Diesel,Manual,2.7,313,Black,Coupe,North America,2,Good,No
835,B-Class,Base,2010,62370,203700,Hybrid,Automatic,5.7,584,Brown,Hatchback,Asia Pacific,1,Like New,No
836,GLB,Night Edition,2014,47300,90704,Plug-in Hybrid,Automatic,3.5,273,Red,Wagon,Latin America,4,Fair,No
837,AMG GT,Sport,2025,163002,7460,Plug-in Hybrid,Manual,5.7,400,Silver,Coupe,Asia Pacific,1,Good,Yes
838,E-Class,AMG Line,2012,90262,136004,Diesel,Automatic,5.8,503,Beige,Coupe,Asia Pacific,4,New,Yes
839,AMG GT,Luxury,2013,142766,76892,Plug-in Hybrid,Manual,2.3,243,Silver,Coupe,Latin America,4,Very Good,No
840,E-Class,AMG Line,2008,92635,99058,Plug-in Hybrid,Manual,4.4,538,Silver,Sedan,Africa,2,Excellent,Yes
841,C-Class,Avantgarde,2009,49548,235132,Hybrid,Automatic,3.7,326,Brown,Liftback,Africa,4,Excellent,No
842,EQC,Premium Plus,2013,95311,64743,Electric,Automatic,0,554,Silver,Sedan,Latin America,2,Good,Yes
843,A-Class,Luxury,2024,78139,61658,Hybrid,Automatic,3.3,467,White,Liftback,Latin America,3,Like New,Yes
844,GLE,Luxury,2009,80272,65119,Hybrid,Manual,2.4,361,Black,SUV,Latin America,2,Very Good,Yes
845,GLS,Exclusive,2012,129151,126560,Plug-in Hybrid,Automatic,4.6,374,Gray,SUV,Asia Pacific,2,New,No
846,AMG GT,Sport,2020,148770,87996,Diesel,Automatic,2.3,460,Beige,Coupe,Middle East,3,Very Good,Yes
847,S-Class,Base,2020,123482,61566,Diesel,Manual,6.8,533,Silver,SUV,North America,1,Excellent,Yes
848,AMG GT,Night Edition,2024,161844,24557,Hybrid,Automatic,5.3,482,White,Coupe,North America,2,Very Good,Yes
849,EQB,Premium Plus,2024,91483,79270,Electric,Automatic,0,279,Gray,Sedan,Africa,1,Like New,Yes
850,EQC,Sport,2016,80753,139808,Electric,Automatic,0,336,Brown,Sedan,Africa,1,Good,Yes
851,EQB,Premium Plus,2019,69577,128613,Electric,Automatic,0,274,Black,Sedan,Africa,2,Fair,Yes
852,E-Class,Premium Plus,2022,113126,22201,Plug-in Hybrid,Automatic,1.7,521,Gold,Wagon,Europe,2,New,Yes
853,A-Class,AMG Line,2010,53354,81479,Plug-in Hybrid,Manual,4.5,443,Black,Roadster,Middle East,3,Very Good,Yes
854,GLB,Base,2025,58232,105038,Diesel,Manual,5.4,176,Green,Roadster,Asia Pacific,4,Like New,Yes
855,EQC,Exclusive,2017,75100,49098,Electric,Automatic,0,192,Green,SUV,North America,4,Good,No
856,C-Class,Premium,2012,48297,81655,Hybrid,Manual,4.9,254,Blue,Sedan,Europe,3,Good,Yes
857,A-Class,Sport,2009,57503,81363,Plug-in Hybrid,Automatic,4.8,269,Beige,Liftback,North America,2,New,No
858,EQA,Premium,2020,58230,161776,Electric,Automatic,0,285,Beige,Sedan,Asia Pacific,4,Fair,No
859,A-Class,Avantgarde,2019,82129,190444,Plug-in Hybrid,Automatic,5.1,540,Beige,Coupe,North America,4,New,Yes
860,EQC,Avantgarde,2011,100199,216393,Electric,Automatic,0,526,Red,SUV,Africa,4,New,No
861,S-Class,Avantgarde,2025,109906,147332,Diesel,Automatic,6.1,286,Brown,SUV,Asia Pacific,3,Excellent,No
862,C-Class,Exclusive,2023,79784,101940,Plug-in Hybrid,Manual,3.2,573,Silver,Wagon,Europe,1,Fair,Yes
863,S-Class,Premium,2008,119213,115824,Petrol,Automatic,4.2,547,Blue,SUV,Europe,2,Like New,Yes
864,S-Class,Base,2019,91962,45124,Petrol,Manual,4.7,115,Gold,SUV,Asia Pacific,4,Good,Yes
865,C-Class,Night Edition,2022,58186,160090,Hybrid,Automatic,2.4,146,Green,Coupe,Latin America,3,Like New,Yes
866,A-Class,Avantgarde,2013,72402,48553,Plug-in Hybrid,Manual,3.8,425,Brown,Convertible,Europe,3,New,Yes
867,GLA,Premium Plus,2010,77581,94943,Hybrid,Manual,6.6,499,Gray,SUV,Africa,2,New,No
868,GLS,Sport,2008,122422,132061,Hybrid,Manual,4.4,432,White,SUV,Europe,3,New,No
869,EQA,Sport,2022,84121,92432,Electric,Automatic,0,558,White,SUV,Africa,2,Fair,Yes
870,S-Class,Premium Plus,2023,100638,98155,Diesel,Manual,1.8,142,White,SUV,Africa,4,Excellent,Yes
871,EQA,Sport,2008,65879,149738,Electric,Automatic,0,272,Red,Sedan,North America,1,Excellent,Yes
872,A-Class,Premium,2017,31307,102066,Diesel,Automatic,3,323,Blue,Sedan,Europe,3,Fair,Yes
873,B-Class,AMG Line,2010,39195,165474,Plug-in Hybrid,Manual,6.9,115,Beige,Coupe,Africa,4,Like New,Yes
874,AMG GT,Night Edition,2024,152300,136511,Plug-in Hybrid,Manual,4.3,129,Black,Coupe,Latin America,2,Like New,Yes
875,E-Class,Exclusive,2010,64978,218452,Plug-in Hybrid,Manual,5.2,401,Red,Coupe,Asia Pacific,2,Good,Yes
876,GLA,Premium,2013,50739,124113,Diesel,Automatic,5.5,425,Beige,Hatchback,Europe,3,Very Good,Yes
877,E-Class,Premium,2016,104569,47571,Plug-in Hybrid,Manual,5,622,Silver,Liftback,North America,1,Excellent,No
878,CLA,Base,2025,57326,166806,Plug-in Hybrid,Manual,3.4,302,Red,Coupe,Asia Pacific,3,Good,No
879,CLA,Night Edition,2020,38880,177642,Petrol,Automatic,6,109,Beige,Coupe,Asia Pacific,4,Excellent,No
880,EQC,Avantgarde,2010,81528,210165,Electric,Automatic,0,293,Gold,Sedan,Europe,3,Like New,Yes
881,EQB,Avantgarde,2022,89974,78050,Electric,Automatic,0,298,Blue,Sedan,Latin America,2,Like New,Yes
882,EQC,Night Edition,2017,84780,96548,Electric,Automatic,0,286,Blue,SUV,North America,2,Very Good,Yes
883,GLC,Exclusive,2010,73969,114474,Petrol,Automatic,3.4,603,Black,Roadster,Europe,3,Very Good,Yes
884,EQC,Exclusive,2017,89460,158569,Electric,Automatic,0,509,Beige,Sedan,Latin America,4,Fair,Yes
885,CLA,Premium Plus,2020,82158,146543,Plug-in Hybrid,Manual,2.9,519,Beige,Coupe,Europe,1,Like New,Yes
886,B-Class,AMG Line,2012,55953,63861,Plug-in Hybrid,Manual,1.3,467,Brown,Hatchback,Europe,2,Fair,No
887,GLA,Exclusive,2018,77896,61005,Plug-in Hybrid,Manual,2.8,618,Black,Wagon,Europe,4,Fair,Yes
888,GLA,AMG Line,2023,72439,122641,Hybrid,Manual,5.2,562,Brown,Wagon,Africa,2,Good,Yes
889,GLB,Premium,2017,77189,54423,Hybrid,Automatic,1.9,638,Silver,Roadster,Europe,2,Fair,No
890,E-Class,AMG Line,2025,52212,148754,Diesel,Automatic,4.7,165,Blue,Sedan,Latin America,4,Fair,Yes
891,CLA,Night Edition,2016,48203,144622,Diesel,Automatic,3.6,206,Beige,Coupe,North America,1,Like New,No
892,S-Class,Premium Plus,2014,119085,123934,Plug-in Hybrid,Automatic,2.1,338,Gold,SUV,North America,2,Like New,No
893,C-Class,Sport,2009,50347,162723,Hybrid,Automatic,5.1,391,Black,Convertible,Latin America,4,Good,Yes
894,GLS,Exclusive,2025,131414,114461,Plug-in Hybrid,Manual,3.1,354,Gold,SUV,Europe,4,Like New,Yes
895,C-Class,Exclusive,2014,61083,121914,Petrol,Automatic,1.4,389,White,Sedan,Asia Pacific,2,Excellent,No
896,GLC,Exclusive,2020,96598,36686,Plug-in Hybrid,Manual,2.8,316,Beige,SUV,Middle East,3,New,Yes
897,GLS,Avantgarde,2017,91669,58121,Diesel,Automatic,4.2,166,Beige,SUV,Latin America,1,Good,No
898,S-Class,Premium,2011,117992,86979,Plug-in Hybrid,Manual,4,268,Black,SUV,Europe,1,Like New,No
899,S-Class,Exclusive,2011,78380,217194,Petrol,Manual,5.9,179,Black,SUV,Europe,2,Good,Yes
900,EQB,Base,2017,100478,175970,Electric,Automatic,0,521,Green,Sedan,Asia Pacific,3,New,Yes
901,E-Class,Exclusive,2025,98457,79073,Petrol,Automatic,4.3,535,Black,Hatchback,Asia Pacific,4,Excellent,No
902,C-Class,Night Edition,2021,56179,94666,Hybrid,Automatic,3.9,203,Beige,Convertible,Europe,1,Very Good,No
903,A-Class,Premium Plus,2013,35554,205045,Hybrid,Automatic,3.2,297,Blue,SUV,Middle East,1,Very Good,Yes
904,C-Class,AMG Line,2009,47174,74243,Plug-in Hybrid,Manual,2.5,159,Beige,Liftback,Latin America,1,Good,Yes
905,A-Class,Sport,2020,61130,45818,Diesel,Automatic,5,382,Beige,Coupe,Middle East,4,Like New,Yes
906,EQC,Night Edition,2008,103630,229918,Electric,Automatic,0,610,Blue,Sedan,Latin America,1,New,Yes
907,C-Class,Avantgarde,2016,32375,125855,Diesel,Automatic,4.8,180,White,Convertible,Africa,2,Fair,No
908,GLC,Luxury,2025,60518,86948,Petrol,Manual,5.5,253,Gold,SUV,Africa,4,Fair,Yes
909,AMG GT,Exclusive,2024,160358,168840,Plug-in Hybrid,Automatic,1.5,509,Gray,Coupe,Europe,4,Very Good,Yes
910,GLA,Sport,2024,65698,58882,Diesel,Automatic,6.7,276,Silver,Convertible,Middle East,4,Like New,Yes
911,GLC,Base,2018,59306,147083,Diesel,Manual,2.2,161,Blue,Hatchback,North America,1,Like New,Yes
912,S-Class,Avantgarde,2012,97385,162089,Plug-in Hybrid,Automatic,6.5,170,Black,SUV,Latin America,2,Very Good,No
913,EQC,AMG Line,2008,88200,210128,Electric,Automatic,0,615,Gold,Sedan,Africa,2,Good,Yes
914,AMG GT,Luxury,2008,135148,108868,Petrol,Automatic,4.3,513,Gray,Coupe,Latin America,3,Fair,No
915,GLE,Sport,2009,87697,101721,Petrol,Automatic,6.5,332,Beige,SUV,Latin America,4,New,No
916,AMG GT,Sport,2020,149964,83801,Hybrid,Automatic,2.8,153,Silver,Coupe,Africa,2,New,Yes
917,EQB,Avantgarde,2025,103323,44356,Electric,Automatic,0,445,Green,Sedan,Europe,4,Excellent,No
918,GLC,AMG Line,2020,47557,39983,Petrol,Automatic,1.8,117,Black,Coupe,North America,1,Fair,Yes
919,GLC,Sport,2022,75134,161294,Diesel,Manual,4.5,598,Black,Sedan,Europe,4,Fair,No
920,AMG GT,Exclusive,2020,188716,25944,Hybrid,Manual,3.6,620,Silver,Coupe,Europe,1,New,Yes
921,C-Class,Sport,2009,49003,119011,Diesel,Manual,3.8,362,Brown,Roadster,Latin America,3,Excellent,Yes
922,S-Class,Base,2010,104012,234582,Petrol,Automatic,5,276,Gold,SUV,Europe,2,New,Yes
923,GLS,Sport,2022,121168,80788,Hybrid,Manual,7,519,Gray,SUV,North America,1,Fair,No
924,S-Class,Exclusive,2021,113993,45618,Hybrid,Manual,5.6,140,Red,SUV,Africa,1,Like New,No
925,EQC,Sport,2023,96170,118213,Electric,Automatic,0,498,White,SUV,Asia Pacific,2,Good,Yes
926,C-Class,Premium,2009,73356,82964,Hybrid,Manual,5.6,637,White,Sedan,Asia Pacific,3,Good,No
927,GLE,Premium Plus,2019,91037,58694,Hybrid,Automatic,3.2,543,Red,SUV,North America,1,Fair,Yes
928,EQB,Premium Plus,2011,82616,226896,Electric,Automatic,0,491,White,SUV,Asia Pacific,4,Like New,No
929,AMG GT,Premium Plus,2012,167818,110913,Hybrid,Automatic,6,509,Blue,Coupe,Middle East,4,New,No
930,AMG GT,Night Edition,2009,154513,235406,Plug-in Hybrid,Manual,2.5,423,Gold,Coupe,Europe,1,New,Yes
931,AMG GT,Night Edition,2016,153707,47213,Petrol,Manual,3.9,464,Silver,Coupe,Asia Pacific,3,Very Good,Yes
932,A-Class,Base,2016,74215,173498,Hybrid,Manual,4,560,White,Roadster,Latin America,3,New,No
933,E-Class,Sport,2014,60404,70233,Diesel,Automatic,3.3,156,White,Sedan,North America,4,Excellent,No
934,GLA,AMG Line,2019,86372,91976,Hybrid,Manual,5.2,515,Gray,Sedan,Africa,3,New,No
935,EQB,Luxury,2013,105540,70506,Electric,Automatic,0,510,Green,Sedan,Africa,3,New,Yes
936,GLA,Exclusive,2020,59300,113332,Plug-in Hybrid,Automatic,5.3,284,Green,Coupe,Middle East,2,Very Good,Yes
937,GLC,Base,2023,107074,139889,Hybrid,Manual,4.2,604,Gray,Sedan,Latin America,4,New,Yes
938,AMG GT,Premium,2024,148053,80705,Petrol,Automatic,1.6,403,White,Coupe,Asia Pacific,4,Good,Yes
939,CLA,Premium Plus,2020,58321,146086,Hybrid,Manual,3.7,115,Gold,Coupe,Latin America,1,New,Yes
940,GLA,Luxury,2016,70421,153948,Diesel,Manual,6.5,503,Red,Convertible,Asia Pacific,3,New,Yes
941,AMG GT,Base,2015,146613,128979,Petrol,Manual,3.6,259,Brown,Coupe,Middle East,1,New,Yes
942,EQB,Night Edition,2014,60730,104244,Electric,Automatic,0,229,Red,Sedan,Europe,2,Fair,Yes
943,GLB,Sport,2020,52429,54608,Hybrid,Manual,6.3,311,Silver,Sedan,Latin America,2,Fair,No
944,GLB,Exclusive,2016,60595,153785,Petrol,Manual,6.7,256,White,Sedan,Middle East,3,New,No
945,S-Class,Avantgarde,2024,129373,139407,Petrol,Manual,4.7,605,Black,SUV,Africa,3,Very Good,Yes
946,GLB,Base,2019,69135,26471,Petrol,Automatic,3.2,402,Blue,SUV,Africa,2,Excellent,Yes
947,EQC,Night Edition,2015,109674,162732,Electric,Automatic,0,485,Red,Sedan,Europe,2,New,Yes
948,GLA,Luxury,2024,37928,138814,Petrol,Automatic,5.8,120,White,SUV,Latin America,2,Fair,Yes
949,GLE,Premium Plus,2013,106889,62553,Hybrid,Automatic,6.3,474,White,SUV,Africa,1,New,No
950,AMG GT,Night Edition,2022,152655,102448,Hybrid,Manual,4.2,441,Green,Coupe,Africa,1,Very Good,Yes
951,EQC,Exclusive,2008,88616,234713,Electric,Automatic,0,500,Gold,Sedan,North America,4,Excellent,Yes
952,GLC,Avantgarde,2024,72501,134051,Petrol,Manual,3.3,241,Gray,Convertible,Europe,2,Like New,Yes
953,A-Class,Sport,2009,31703,165745,Hybrid,Manual,5.3,422,Black,Convertible,Middle East,1,Fair,Yes
954,A-Class,Night Edition,2017,28612,183875,Petrol,Manual,6.6,237,Brown,SUV,Latin America,4,Fair,No
955,B-Class,Night Edition,2019,61170,72599,Diesel,Manual,4.1,252,Brown,Roadster,Europe,3,New,Yes
956,GLS,Premium Plus,2014,110981,86524,Petrol,Manual,3.7,290,Beige,SUV,North America,1,Like New,No
957,EQA,AMG Line,2009,78566,236185,Electric,Automatic,0,559,White,SUV,Asia Pacific,1,Excellent,No
958,E-Class,AMG Line,2021,86171,102259,Plug-in Hybrid,Automatic,3.9,220,Silver,SUV,Asia Pacific,4,Like New,Yes
959,GLA,Exclusive,2011,71354,72678,Plug-in Hybrid,Manual,3.5,525,Gray,Roadster,Africa,2,Very Good,Yes
960,GLA,Night Edition,2009,18439,195345,Diesel,Manual,5.6,179,Green,Hatchback,Middle East,4,Fair,Yes
961,GLB,Premium,2014,49633,67813,Petrol,Manual,4.2,285,Beige,Roadster,Africa,2,Good,Yes
962,GLS,Exclusive,2010,109982,181499,Plug-in Hybrid,Automatic,3.9,510,Black,SUV,Latin America,3,Good,Yes
963,A-Class,Exclusive,2014,51745,179162,Diesel,Manual,3.3,489,Brown,Sedan,Europe,3,Like New,Yes
964,A-Class,Exclusive,2019,55137,189308,Hybrid,Automatic,2.5,508,Red,Hatchback,Latin America,1,Good,No
965,E-Class,Base,2024,82210,55545,Diesel,Automatic,1.7,409,Beige,Coupe,Asia Pacific,3,Good,Yes
966,S-Class,Sport,2020,134265,144083,Plug-in Hybrid,Automatic,2.2,511,Green,SUV,Europe,1,Excellent,Yes
967,C-Class,Base,2012,66134,199007,Petrol,Manual,4.7,613,Black,Sedan,Europe,4,Excellent,Yes
968,B-Class,Luxury,2022,45000,73342,Plug-in Hybrid,Automatic,3.4,124,Blue,Convertible,Middle East,2,Good,No
969,GLS,Base,2015,105214,62972,Diesel,Manual,2.7,386,Black,SUV,Latin America,4,Very Good,No
970,EQA,Luxury,2024,97058,17275,Electric,Automatic,0,319,Blue,Sedan,Africa,4,Like New,Yes
971,GLS,AMG Line,2009,110497,183087,Plug-in Hybrid,Automatic,2,504,Brown,SUV,North America,4,Good,Yes
972,EQB,AMG Line,2013,92133,135600,Electric,Automatic,0,528,Blue,Sedan,Africa,1,Like New,No
973,AMG GT,Avantgarde,2025,155759,172763,Petrol,Manual,5.3,340,Beige,Coupe,Africa,1,New,Yes
974,GLC,AMG Line,2017,61851,48204,Petrol,Automatic,1.7,340,Green,Roadster,Middle East,2,Fair,Yes
975,GLC,Base,2010,84245,90564,Plug-in Hybrid,Manual,5.8,533,Blue,Convertible,Europe,1,Very Good,Yes
976,EQB,Premium,2019,99683,94185,Electric,Automatic,0,587,Green,Sedan,Latin America,1,Very Good,Yes
977,AMG GT,Sport,2016,127991,171562,Petrol,Automatic,5.2,342,Red,Coupe,Africa,2,Fair,Yes
978,GLB,Night Edition,2016,62507,65996,Diesel,Manual,4.7,163,Beige,Sedan,Middle East,4,New,No
979,A-Class,Exclusive,2016,61605,84559,Plug-in Hybrid,Manual,3.2,569,Gold,Hatchback,North America,2,Fair,Yes
980,EQB,Night Edition,2022,95926,111338,Electric,Automatic,0,564,White,Sedan,Asia Pacific,3,Very Good,No
981,EQA,Premium,2008,88654,91625,Electric,Automatic,0,561,Green,Sedan,North America,4,Excellent,Yes
982,GLA,Night Edition,2014,53556,149179,Diesel,Manual,4.3,471,Gold,Liftback,Europe,1,Very Good,No
983,B-Class,Exclusive,2023,71614,40294,Hybrid,Automatic,6.6,576,Red,Wagon,Latin America,3,Fair,Yes
984,AMG GT,Premium Plus,2009,128956,69997,Petrol,Manual,4.1,112,Blue,Coupe,Asia Pacific,2,Like New,No
985,E-Class,Sport,2025,85659,125378,Diesel,Manual,7,630,Red,Coupe,Latin America,1,Fair,Yes
986,GLE,Avantgarde,2022,118102,181174,Hybrid,Manual,4.3,614,Gray,SUV,Asia Pacific,4,New,Yes
987,EQB,Premium Plus,2008,66100,169592,Electric,Automatic,0,460,Silver,Sedan,Europe,3,Fair,No
988,AMG GT,Night Edition,2010,126514,225512,Hybrid,Automatic,6.9,254,Brown,Coupe,Latin America,1,Very Good,No
989,GLS,Base,2023,132813,165021,Plug-in Hybrid,Manual,2.1,320,Silver,SUV,Latin America,2,New,No
990,EQB,Luxury,2009,58944,158559,Electric,Automatic,0,307,White,SUV,Europe,4,Fair,Yes
991,GLE,Avantgarde,2024,90158,131362,Diesel,Automatic,6.1,588,Gray,SUV,Europe,4,Fair,Yes
992,S-Class,Exclusive,2017,104381,171521,Plug-in Hybrid,Manual,5.8,168,Black,SUV,Latin America,4,Excellent,No
993,GLE,Luxury,2011,69196,174276,Plug-in Hybrid,Automatic,1.8,115,Gold,SUV,Latin America,2,Excellent,No
994,EQC,Sport,2008,56632,215522,Electric,Automatic,0,261,Gray,Sedan,North America,3,Fair,No
995,EQB,Premium,2020,94414,52797,Electric,Automatic,0,433,Green,SUV,North America,2,Excellent,No
996,GLB,Avantgarde,2015,88497,91464,Plug-in Hybrid,Manual,2.1,621,White,Sedan,Latin America,1,Excellent,Yes
997,EQB,Premium,2008,70799,159393,Electric,Automatic,0,344,Silver,Sedan,Europe,2,Very Good,Yes
998,GLB,Exclusive,2018,51548,37169,Plug-in Hybrid,Manual,3.3,126,Gray,Coupe,Europe,3,Good,Yes
999,E-Class,Exclusive,2014,91374,86518,Diesel,Manual,4.2,559,Gold,SUV,Latin America,3,Like New,Yes
1000,EQB,Sport,2019,102352,67915,Electric,Automatic,0,513,Gold,Sedan,North America,2,Excellent,No
1001,GLC,Base,2023,70037,64799,Diesel,Automatic,3.3,147,Blue,Roadster,Middle East,1,Like New,Yes
1002,AMG GT,Luxury,2015,158327,179129,Plug-in Hybrid,Automatic,3.1,578,Blue,Coupe,North America,1,Good,No
1003,EQA,Avantgarde,2009,73835,148794,Electric,Automatic,0,384,Green,SUV,Europe,1,Excellent,Yes
1004,GLC,Premium Plus,2019,76371,187786,Plug-in Hybrid,Manual,6.4,444,Blue,Liftback,Africa,4,Very Good,Yes
1005,E-Class,Avantgarde,2011,54453,93642,Plug-in Hybrid,Manual,2.2,138,Blue,Wagon,North America,2,Fair,Yes
1006,EQA,Avantgarde,2009,84833,119696,Electric,Automatic,0,477,Silver,SUV,North America,4,Like New,No
1007,E-Class,AMG Line,2013,78525,181380,Hybrid,Automatic,2.5,572,Black,Hatchback,Africa,1,Good,Yes
1008,GLE,Sport,2015,104225,66766,Plug-in Hybrid,Automatic,6.5,504,Red,SUV,Asia Pacific,2,Very Good,Yes
1009,CLA,Sport,2009,63017,160062,Petrol,Automatic,6.2,499,Silver,Coupe,Latin America,4,Like New,Yes
1010,C-Class,Avantgarde,2011,65654,128285,Plug-in Hybrid,Manual,6.1,581,Red,Hatchback,Europe,2,Fair,No
1011,GLB,Sport,2019,50499,145122,Petrol,Manual,6.6,287,Brown,Convertible,Africa,4,Good,Yes
1012,GLE,Sport,2011,67261,61227,Hybrid,Manual,1.7,204,Black,SUV,Asia Pacific,2,Good,Yes
1013,B-Class,Base,2025,64573,58059,Petrol,Manual,6.5,177,Beige,Wagon,Europe,2,New,No
1014,EQC,Premium,2021,100094,35295,Electric,Automatic,0,344,White,Sedan,Africa,4,Excellent,No
1015,AMG GT,Luxury,2013,126732,202362,Petrol,Manual,6.1,240,Black,Coupe,Latin America,4,Very Good,No
1016,GLS,Luxury,2011,93101,181605,Diesel,Automatic,2.6,359,Brown,SUV,Middle East,4,Good,Yes
1017,GLC,Avantgarde,2021,105610,80401,Plug-in Hybrid,Automatic,1.8,551,Green,Coupe,Middle East,2,New,Yes
1018,C-Class,Avantgarde,2025,66076,16863,Diesel,Manual,5.3,396,Gold,Wagon,Europe,4,Good,No
1019,E-Class,Premium Plus,2009,79163,77770,Hybrid,Automatic,6.9,551,Black,SUV,North America,3,Good,Yes
1020,AMG GT,Sport,2019,153867,93780,Hybrid,Manual,4.9,286,White,Coupe,Middle East,1,Like New,Yes
1021,B-Class,Avantgarde,2021,38032,36306,Diesel,Manual,3.8,249,White,Roadster,Europe,3,Fair,No
1022,AMG GT,Base,2019,138118,137313,Petrol,Manual,6.3,406,Silver,Coupe,Asia Pacific,2,Fair,Yes
1023,EQC,Night Edition,2024,101610,165428,Electric,Automatic,0,492,Silver,Sedan,Asia Pacific,4,Very Good,Yes
1024,S-Class,Night Edition,2020,135006,150672,Hybrid,Automatic,4.1,625,Black,SUV,Africa,1,Excellent,No
1025,E-Class,Premium Plus,2023,82732,145849,Hybrid,Automatic,4.8,250,Blue,Hatchback,Africa,3,Like New,No
1026,EQB,Premium,2008,82525,138717,Electric,Automatic,0,440,Blue,Sedan,Africa,4,Like New,No
1027,S-Class,Exclusive,2024,126510,87072,Petrol,Manual,4.4,342,Gold,SUV,North America,1,New,Yes
1028,GLS,Exclusive,2016,82375,211881,Diesel,Automatic,1.7,213,Red,SUV,Middle East,3,Good,No
1029,B-Class,Night Edition,2019,42002,187869,Petrol,Automatic,2.8,304,Gold,Sedan,Middle East,3,Good,Yes
1030,GLS,Night Edition,2024,123125,87358,Petrol,Manual,5.7,338,White,SUV,North America,3,Like New,No
1031,S-Class,Avantgarde,2018,95530,70158,Diesel,Automatic,3.2,363,Blue,SUV,North America,1,Fair,Yes
1032,GLS,AMG Line,2023,136236,23776,Petrol,Automatic,6.9,602,Gray,SUV,Europe,1,Excellent,Yes
1033,GLA,AMG Line,2008,46657,67586,Petrol,Automatic,4.7,148,Silver,Convertible,Middle East,1,Like New,Yes
1034,EQB,Premium Plus,2009,74320,134829,Electric,Automatic,0,514,Green,SUV,Africa,3,Fair,Yes
1035,CLA,Luxury,2018,38368,176078,Petrol,Automatic,1.8,138,Beige,Coupe,North America,1,Very Good,Yes
1036,B-Class,AMG Line,2020,61151,33063,Diesel,Manual,1.9,384,Blue,Sedan,Asia Pacific,2,Excellent,Yes
1037,GLC,Base,2008,55390,130720,Plug-in Hybrid,Manual,4,297,Silver,Roadster,North America,3,Fair,No
1038,GLS,Sport,2018,119886,166076,Hybrid,Manual,1.6,575,Gray,SUV,Europe,3,Very Good,Yes
1039,GLB,Avantgarde,2016,55194,142308,Hybrid,Manual,6,483,Gray,Liftback,Latin America,1,Fair,No
1040,EQA,Night Edition,2019,88002,172059,Electric,Automatic,0,498,Beige,SUV,Latin America,2,Excellent,Yes
1041,E-Class,Premium,2021,113124,18482,Hybrid,Automatic,6.3,523,Beige,SUV,Middle East,3,New,Yes
1042,S-Class,Premium Plus,2018,113198,92957,Plug-in Hybrid,Manual,5.6,471,Blue,SUV,Asia Pacific,2,Fair,Yes
1043,EQB,Premium Plus,2021,96646,147459,Electric,Automatic,0,513,Beige,Sedan,Latin America,4,Excellent,Yes
1044,GLA,Exclusive,2021,36537,187370,Petrol,Manual,6,149,Brown,SUV,Africa,2,Good,Yes
1045,AMG GT,Night Edition,2021,179969,36559,Plug-in Hybrid,Manual,5.6,606,Black,Coupe,Africa,4,Excellent,Yes
1046,S-Class,Night Edition,2024,138408,100865,Diesel,Automatic,3.7,599,Green,SUV,Latin America,2,New,Yes
1047,C-Class,Exclusive,2013,41250,195728,Hybrid,Manual,2.5,218,Gray,Coupe,Latin America,4,Very Good,Yes
1048,EQC,Avantgarde,2018,84334,166207,Electric,Automatic,0,521,Red,Sedan,Middle East,2,Fair,Yes
1049,EQB,Night Edition,2016,73516,66419,Electric,Automatic,0,290,Black,Sedan,Asia Pacific,4,Good,No
1050,AMG GT,Sport,2009,152306,149044,Diesel,Manual,6.4,429,Gray,Coupe,North America,3,New,No
1051,CLA,AMG Line,2011,37477,59853,Diesel,Automatic,2,262,Brown,Coupe,Middle East,2,Good,Yes
1052,EQC,Premium Plus,2011,69288,112410,Electric,Automatic,0,299,Black,Sedan,Middle East,2,Fair,Yes
1053,GLB,Sport,2025,90297,44658,Hybrid,Manual,2.5,585,Green,Coupe,Europe,3,Excellent,No
1054,GLB,AMG Line,2019,64834,159489,Plug-in Hybrid,Manual,4.8,324,Gold,Roadster,North America,3,Excellent,No
1055,GLE,Night Edition,2008,82619,63912,Plug-in Hybrid,Automatic,3,358,Blue,SUV,Asia Pacific,2,Good,Yes
1056,EQC,Avantgarde,2009,100304,142278,Electric,Automatic,0,396,Red,Sedan,North America,1,New,Yes
1057,S-Class,Premium Plus,2022,128680,14224,Diesel,Manual,2.7,574,Brown,SUV,Europe,4,Good,No
1058,E-Class,Luxury,2023,87206,69565,Diesel,Automatic,1.7,326,Blue,Hatchback,North America,3,Like New,Yes
1059,GLC,Sport,2025,106312,77875,Plug-in Hybrid,Manual,5.1,507,Brown,Liftback,Asia Pacific,4,New,No
1060,C-Class,Luxury,2021,74656,33173,Diesel,Automatic,3.6,487,Red,Hatchback,Europe,4,Excellent,No
1061,GLS,Premium Plus,2021,111501,178518,Diesel,Manual,1.6,561,White,SUV,North America,1,Good,Yes
1062,GLA,Luxury,2016,74712,96175,Diesel,Manual,6.1,620,Silver,Sedan,Asia Pacific,4,Like New,Yes
1063,A-Class,Night Edition,2017,56872,53686,Diesel,Automatic,4.6,474,Gold,SUV,Africa,1,Excellent,No
1064,AMG GT,Base,2008,142293,104659,Diesel,Manual,3.8,570,Green,Coupe,Africa,2,Good,Yes
1065,C-Class,Luxury,2016,44329,181542,Plug-in Hybrid,Automatic,6.9,116,Brown,Roadster,Europe,3,Good,No
1066,S-Class,Sport,2024,125955,158483,Plug-in Hybrid,Automatic,5.1,307,Beige,SUV,Asia Pacific,4,Like New,Yes
1067,GLS,Sport,2019,117969,129788,Petrol,Manual,4.7,431,Brown,SUV,Latin America,1,Like New,No
1068,S-Class,Premium,2008,101842,104073,Hybrid,Manual,4.4,344,Blue,SUV,North America,1,Very Good,Yes
1069,C-Class,Luxury,2013,40238,79063,Diesel,Automatic,6.1,149,Green,Coupe,Europe,1,Very Good,No
1070,AMG GT,Premium Plus,2010,159148,176904,Hybrid,Automatic,5.7,609,Silver,Coupe,North America,4,Like New,Yes
1071,GLE,Luxury,2025,120204,16405,Petrol,Automatic,3.9,530,Blue,SUV,Latin America,2,New,Yes
1072,GLA,Sport,2015,64890,164038,Plug-in Hybrid,Manual,3.6,429,Beige,Wagon,Middle East,4,Excellent,Yes
1073,S-Class,Premium Plus,2010,108682,74534,Hybrid,Automatic,5.8,249,Black,SUV,Europe,1,Like New,No
1074,EQB,Avantgarde,2023,97642,122696,Electric,Automatic,0,411,Red,Sedan,Europe,3,Like New,No
1075,E-Class,Avantgarde,2018,88042,60144,Hybrid,Manual,5.6,522,Gold,Sedan,Africa,2,Good,Yes
1076,GLS,AMG Line,2017,122348,149803,Diesel,Manual,6.1,511,Gray,SUV,North America,1,Like New,Yes
1077,AMG GT,Exclusive,2024,148468,115121,Petrol,Automatic,4.6,481,Silver,Coupe,Latin America,2,Fair,No
1078,B-Class,Luxury,2011,43047,180629,Diesel,Manual,2.7,461,Blue,Liftback,Middle East,1,Very Good,Yes
1079,B-Class,Sport,2008,14563,102581,Petrol,Automatic,3.6,128,Silver,Sedan,North America,4,Fair,No
1080,GLB,Luxury,2018,80867,41030,Hybrid,Manual,1.7,492,Gray,Coupe,Latin America,1,Excellent,Yes
1081,CLA,Luxury,2010,65299,120224,Plug-in Hybrid,Manual,2.1,346,White,Coupe,Middle East,4,Like New,Yes
1082,GLC,Luxury,2017,57746,210874,Hybrid,Automatic,2.1,274,Silver,Sedan,Latin America,1,Good,No
1083,EQB,Premium,2019,80135,40798,Electric,Automatic,0,413,Blue,Sedan,Middle East,4,Fair,Yes
1084,CLA,AMG Line,2013,40856,207645,Plug-in Hybrid,Manual,2.6,199,Silver,Coupe,North America,3,Very Good,Yes
1085,E-Class,Premium,2013,79198,108259,Hybrid,Manual,5.3,317,Gray,Roadster,Latin America,1,Like New,Yes
1086,EQA,Luxury,2018,89318,68835,Electric,Automatic,0,553,Green,SUV,North America,1,Good,Yes
1087,B-Class,Base,2011,40278,227452,Hybrid,Automatic,3.1,328,Red,Roadster,Asia Pacific,2,Very Good,Yes
1088,EQC,Base,2021,106766,103337,Electric,Automatic,0,578,Beige,SUV,Africa,4,Very Good,Yes
1089,GLB,Exclusive,2017,68344,105161,Petrol,Automatic,5.5,434,Green,Liftback,Asia Pacific,2,Like New,Yes
1090,C-Class,AMG Line,2017,87853,170865,Hybrid,Automatic,6.3,621,Red,Hatchback,Latin America,3,New,Yes
1091,GLA,Base,2020,42926,90793,Hybrid,Manual,2.5,171,Brown,Liftback,North America,3,Fair,Yes
1092,C-Class,Sport,2014,48744,203631,Diesel,Automatic,2.1,262,Silver,SUV,Asia Pacific,2,Like New,Yes
1093,S-Class,Premium,2011,116513,102957,Plug-in Hybrid,Automatic,6.6,174,Blue,SUV,North America,1,New,No
1094,A-Class,Exclusive,2010,59581,81449,Petrol,Manual,3,531,Gray,Liftback,Africa,4,Like New,No
1095,E-Class,Exclusive,2014,69996,212951,Hybrid,Automatic,4.8,513,Silver,Convertible,Africa,2,Fair,No
1096,A-Class,Premium,2022,57913,56459,Petrol,Automatic,3.5,282,Gold,Roadster,Asia Pacific,4,Like New,No
1097,GLE,Exclusive,2017,71450,31945,Plug-in Hybrid,Manual,6.8,161,Gray,SUV,Latin America,2,Fair,No
1098,AMG GT,Night Edition,2023,152273,12177,Plug-in Hybrid,Automatic,3.6,310,Black,Coupe,North America,1,Good,No
1099,GLS,Night Edition,2017,95804,98573,Hybrid,Automatic,3,183,Black,SUV,North America,4,Good,Yes
1100,EQC,Luxury,2011,82417,53763,Electric,Automatic,0,260,Green,SUV,North America,3,Very Good,Yes
1101,A-Class,AMG Line,2020,71177,87024,Hybrid,Manual,6.8,337,Black,Roadster,Europe,4,New,Yes
1102,GLE,Base,2008,74635,159824,Plug-in Hybrid,Automatic,1.6,338,Beige,SUV,Europe,4,Good,No
1103,C-Class,Luxury,2017,75807,155060,Plug-in Hybrid,Automatic,3.9,288,Gold,Coupe,North America,3,New,Yes
1104,A-Class,Premium Plus,2022,36384,149425,Diesel,Automatic,6.6,355,Beige,Liftback,Latin America,4,Fair,Yes
1105,GLA,Premium,2022,51756,111484,Diesel,Automatic,6.8,294,Beige,Coupe,Latin America,4,Good,No
1106,CLA,Sport,2010,49900,159756,Hybrid,Automatic,3.9,362,Black,Coupe,Africa,2,Very Good,Yes
1107,B-Class,AMG Line,2012,58474,152991,Plug-in Hybrid,Automatic,5.3,414,Blue,Wagon,Asia Pacific,3,Very Good,Yes
1108,CLA,Luxury,2022,86421,21043,Hybrid,Manual,5.9,562,Black,Coupe,Africa,1,Like New,No
1109,B-Class,Premium Plus,2016,50875,75992,Petrol,Automatic,4.8,405,Gray,Coupe,Asia Pacific,1,Good,Yes
1110,A-Class,Sport,2022,66729,189440,Hybrid,Manual,6.3,540,Black,Hatchback,Middle East,2,Excellent,No
1111,EQA,Night Edition,2009,98939,154530,Electric,Automatic,0,608,Blue,Sedan,Europe,3,New,Yes
1112,S-Class,Base,2023,123399,174114,Plug-in Hybrid,Automatic,3.2,222,Gold,SUV,Asia Pacific,1,New,Yes
1113,AMG GT,Premium Plus,2022,122339,157929,Petrol,Automatic,4.7,171,Beige,Coupe,North America,2,Fair,Yes
1114,EQA,Premium,2014,80917,181345,Electric,Automatic,0,374,Blue,Sedan,Asia Pacific,4,Like New,Yes
1115,B-Class,Luxury,2013,39477,172983,Hybrid,Manual,6.7,212,Blue,SUV,Europe,3,Excellent,Yes
1116,C-Class,Avantgarde,2014,64504,89933,Plug-in Hybrid,Manual,3,459,Silver,Convertible,Asia Pacific,1,Fair,Yes
1117,GLE,AMG Line,2014,75669,76069,Plug-in Hybrid,Manual,5.9,191,Gray,SUV,Africa,1,Good,Yes
1118,GLS,Night Edition,2018,120403,128388,Petrol,Automatic,5.5,420,Blue,SUV,Europe,3,Like New,No
1119,EQB,Premium,2024,85930,11357,Electric,Automatic,0,312,Blue,SUV,Africa,3,Good,No
1120,CLA,Sport,2019,59464,45514,Petrol,Manual,3.9,560,Silver,Coupe,North America,1,Fair,Yes
1121,C-Class,Base,2025,76665,123469,Plug-in Hybrid,Automatic,2.3,277,Black,Wagon,Europe,1,Like New,Yes
1122,E-Class,Exclusive,2018,80911,38541,Plug-in Hybrid,Manual,6.6,192,Brown,Roadster,Asia Pacific,3,Excellent,Yes
1123,EQA,Sport,2021,84895,135243,Electric,Automatic,0,503,Black,Sedan,Africa,3,Very Good,No
1124,GLE,Premium,2024,82524,134103,Diesel,Automatic,2.5,483,Gray,SUV,Middle East,1,Fair,Yes
1125,C-Class,Luxury,2011,66347,89269,Plug-in Hybrid,Automatic,5.2,276,Gold,Wagon,Africa,4,Like New,Yes
1126,GLS,Premium,2011,91840,196797,Hybrid,Automatic,4,249,Black,SUV,Middle East,2,Good,Yes
1127,EQB,Sport,2013,80963,107221,Electric,Automatic,0,438,Blue,SUV,North America,2,Good,Yes
1128,EQC,Avantgarde,2018,95465,193489,Electric,Automatic,0,376,Brown,SUV,Asia Pacific,1,Like New,No
1129,GLS,Exclusive,2020,100702,118482,Diesel,Manual,3.2,227,Blue,SUV,Middle East,4,Excellent,Yes
1130,S-Class,AMG Line,2024,145251,52353,Hybrid,Automatic,3.5,561,Blue,SUV,Latin America,2,New,Yes
1131,B-Class,Sport,2019,75089,81069,Petrol,Manual,3.3,581,White,Wagon,Latin America,4,Like New,Yes
1132,B-Class,Night Edition,2012,53042,129080,Hybrid,Manual,1.8,590,Silver,Hatchback,Africa,3,Fair,No
1133,EQB,Premium Plus,2015,93870,92191,Electric,Automatic,0,390,Red,Sedan,Latin America,1,Like New,No
1134,GLA,Night Edition,2012,58361,159647,Diesel,Manual,1.5,450,White,Hatchback,Africa,2,Excellent,Yes
1135,GLS,Exclusive,2019,114769,108398,Hybrid,Automatic,4.3,285,Beige,SUV,North America,3,Excellent,Yes
1136,GLB,Avantgarde,2019,73218,31517,Petrol,Automatic,4.9,275,Brown,Convertible,Europe,1,New,No
1137,E-Class,Premium Plus,2015,50436,207300,Hybrid,Manual,4.1,276,Gold,Convertible,Middle East,4,Fair,Yes
1138,A-Class,Avantgarde,2021,58111,61252,Petrol,Manual,5.9,441,Blue,Coupe,North America,3,Very Good,No
1139,GLA,Sport,2022,56128,175750,Petrol,Manual,2.2,241,White,Liftback,Middle East,4,Like New,Yes
1140,GLE,Sport,2020,101840,68845,Petrol,Manual,4.4,610,Beige,SUV,Latin America,1,Very Good,Yes
1141,A-Class,Premium,2020,58687,23054,Plug-in Hybrid,Manual,1.9,382,Red,SUV,Africa,1,Good,No
1142,CLA,Premium Plus,2014,38442,151310,Petrol,Manual,4.9,298,Gold,Coupe,Africa,2,Good,Yes
1143,AMG GT,Premium Plus,2011,132227,87433,Plug-in Hybrid,Automatic,5.5,148,Red,Coupe,Asia Pacific,2,Very Good,Yes
1144,EQA,Avantgarde,2010,85042,225745,Electric,Automatic,0,588,Green,Sedan,Europe,2,Like New,No
1145,CLA,Avantgarde,2023,63673,135844,Diesel,Manual,6.3,580,White,Coupe,Latin America,1,Good,Yes
1146,S-Class,AMG Line,2008,94308,224051,Plug-in Hybrid,Manual,3.9,231,Beige,SUV,Asia Pacific,3,Excellent,No
1147,EQC,AMG Line,2015,83748,41525,Electric,Automatic,0,410,White,Sedan,Africa,3,Fair,No
1148,GLS,Premium Plus,2019,111238,145039,Diesel,Automatic,6,525,Gray,SUV,Europe,4,Very Good,Yes
1149,EQB,Avantgarde,2020,97603,70812,Electric,Automatic,0,504,Beige,Sedan,Middle East,4,Very Good,Yes
1150,E-Class,Premium Plus,2014,79081,167391,Petrol,Manual,4.3,584,Beige,Sedan,Europe,3,Good,Yes
1151,A-Class,Exclusive,2025,54065,153592,Petrol,Manual,5,499,Green,Wagon,Middle East,4,Fair,Yes
1152,GLS,Avantgarde,2023,116742,94988,Petrol,Automatic,3.6,606,White,SUV,Latin America,2,Fair,Yes
1153,GLC,Sport,2025,88869,130182,Plug-in Hybrid,Automatic,6.8,440,Green,Convertible,Africa,1,Very Good,Yes
1154,C-Class,Night Edition,2013,55590,209002,Petrol,Automatic,6.5,540,Black,Sedan,Middle East,3,Good,Yes
1155,GLE,Luxury,2015,88582,149437,Petrol,Automatic,6.5,481,Red,SUV,Latin America,1,Excellent,Yes
1156,S-Class,Exclusive,2012,76575,184019,Petrol,Manual,5.3,207,Gold,SUV,Europe,1,Fair,Yes
1157,EQC,Exclusive,2024,77830,168590,Electric,Automatic,0,260,Blue,SUV,Middle East,2,Fair,No
1158,E-Class,Sport,2023,84307,170405,Diesel,Manual,5.2,398,Gray,SUV,Europe,2,Like New,Yes
1159,GLB,Sport,2013,64010,172025,Plug-in Hybrid,Manual,5.4,159,Silver,Sedan,Middle East,3,New,Yes
1160,C-Class,Sport,2012,50720,119631,Diesel,Automatic,1.5,434,Green,Wagon,Asia Pacific,2,Very Good,No
1161,A-Class,Premium Plus,2017,45185,103231,Diesel,Manual,5,373,Beige,SUV,Latin America,3,Good,No
1162,GLC,Exclusive,2015,92031,157574,Petrol,Manual,6.7,581,White,SUV,Latin America,1,New,Yes
1163,AMG GT,Base,2009,119152,69340,Petrol,Automatic,3.1,114,Brown,Coupe,Europe,2,Good,No
1164,EQC,Premium,2018,98857,68569,Electric,Automatic,0,614,Green,SUV,Asia Pacific,4,Fair,Yes
1165,GLE,Premium Plus,2014,91860,103113,Hybrid,Automatic,4,591,Brown,SUV,Latin America,2,Fair,No
1166,E-Class,Exclusive,2018,100501,75113,Plug-in Hybrid,Manual,2.8,609,White,Hatchback,Africa,3,Very Good,Yes
1167,EQB,Avantgarde,2017,80211,111977,Electric,Automatic,0,369,Black,SUV,Latin America,3,Good,Yes
1168,EQB,Night Edition,2017,76186,83873,Electric,Automatic,0,387,Brown,SUV,Europe,4,Fair,Yes
1169,GLA,Premium,2014,56992,167024,Plug-in Hybrid,Manual,2.5,254,Silver,Roadster,Asia Pacific,1,Like New,No
1170,GLA,Premium,2021,67553,45186,Diesel,Automatic,1.3,412,White,Roadster,Europe,2,Excellent,Yes
1171,EQC,Premium,2015,91615,193758,Electric,Automatic,0,242,Brown,Sedan,Latin America,4,New,Yes
1172,GLB,Premium,2018,47108,74162,Hybrid,Automatic,3.8,224,Black,Convertible,Africa,1,Fair,No
1173,AMG GT,AMG Line,2017,149512,43153,Plug-in Hybrid,Automatic,6.1,294,Gold,Coupe,Europe,4,Very Good,Yes
1174,GLC,Luxury,2016,57641,161484,Plug-in Hybrid,Automatic,1.3,189,Silver,Roadster,Asia Pacific,1,Very Good,Yes
1175,GLA,Avantgarde,2008,38324,237415,Hybrid,Manual,3.4,438,Gold,Coupe,Europe,3,Fair,Yes
1176,EQB,Exclusive,2014,70182,55753,Electric,Automatic,0,206,Black,SUV,Europe,3,Good,Yes
1177,C-Class,Luxury,2025,60372,180881,Diesel,Automatic,2.2,457,Beige,Wagon,North America,2,Good,Yes
1178,EQB,Night Edition,2012,64550,84991,Electric,Automatic,0,198,Red,Sedan,Middle East,4,Good,Yes
1179,A-Class,Night Edition,2020,65787,40463,Plug-in Hybrid,Automatic,4.5,374,Gold,Convertible,North America,4,Very Good,No
1180,AMG GT,Base,2009,144464,230582,Plug-in Hybrid,Manual,4.4,545,Brown,Coupe,Latin America,3,Good,Yes
1181,A-Class,AMG Line,2017,52179,185121,Petrol,Automatic,6.9,469,Gold,Hatchback,Europe,4,Excellent,Yes
1182,AMG GT,Sport,2011,143748,115067,Petrol,Automatic,5.6,437,Gold,Coupe,Middle East,3,Very Good,Yes
1183,GLA,Luxury,2020,45514,154415,Petrol,Automatic,4,344,Gray,SUV,Latin America,3,Fair,Yes
1184,B-Class,Exclusive,2016,48726,136460,Hybrid,Manual,5.9,349,Gold,Sedan,Asia Pacific,2,Very Good,No
1185,S-Class,Night Edition,2016,135631,50372,Petrol,Manual,2.2,562,Blue,SUV,Europe,3,New,Yes
1186,GLE,Night Edition,2012,59508,116140,Petrol,Automatic,2.6,257,Black,SUV,Latin America,2,Fair,Yes
1187,C-Class,Luxury,2010,54692,191800,Diesel,Manual,6.7,601,Red,Hatchback,Africa,1,Good,Yes
1188,A-Class,Luxury,2021,71011,64673,Hybrid,Manual,2,609,Beige,Roadster,North America,3,Very Good,No
1189,E-Class,Premium,2020,91755,180877,Hybrid,Automatic,1.6,520,Red,Coupe,Africa,3,Like New,Yes
1190,A-Class,Premium,2020,60574,186310,Plug-in Hybrid,Automatic,3.8,336,White,SUV,Europe,2,Excellent,Yes
1191,C-Class,Premium Plus,2010,74233,189634,Diesel,Automatic,1.5,558,Gold,Convertible,Africa,3,New,Yes
1192,B-Class,Sport,2018,62578,154074,Hybrid,Automatic,2,591,Blue,Liftback,Europe,1,Good,No
1193,GLE,AMG Line,2024,90241,151464,Petrol,Automatic,4.7,162,Beige,SUV,Asia Pacific,3,New,Yes
1194,S-Class,Night Edition,2009,85682,141129,Diesel,Automatic,3.8,169,Blue,SUV,Africa,3,Excellent,Yes
1195,A-Class,AMG Line,2016,74593,41314,Hybrid,Automatic,3.2,545,Beige,Convertible,Middle East,4,Like New,Yes
1196,A-Class,Luxury,2016,45444,123039,Diesel,Manual,1.5,463,Brown,Convertible,Asia Pacific,1,Good,Yes
1197,EQB,AMG Line,2018,106059,98431,Electric,Automatic,0,535,Blue,Sedan,Europe,3,Like New,Yes
1198,EQA,Sport,2018,78897,124259,Electric,Automatic,0,440,Gray,SUV,Asia Pacific,2,Very Good,Yes
1199,GLE,Base,2012,81216,190735,Diesel,Manual,5.2,580,Gray,SUV,Asia Pacific,2,Very Good,Yes
1200,AMG GT,Premium Plus,2022,173462,22354,Hybrid,Automatic,5.8,429,Black,Coupe,Europe,1,New,No
1201,EQB,AMG Line,2019,78952,80201,Electric,Automatic,0,347,Blue,SUV,Middle East,4,Good,Yes
1202,GLE,Premium Plus,2015,90707,123235,Hybrid,Automatic,2.3,560,Gold,SUV,Latin America,1,Good,Yes
1203,GLA,Base,2008,44189,92069,Hybrid,Manual,3.5,127,Gold,Sedan,Asia Pacific,4,Like New,No
1204,EQB,Avantgarde,2015,87958,139217,Electric,Automatic,0,435,Black,Sedan,Asia Pacific,1,Like New,Yes
1205,E-Class,Premium,2023,83261,138626,Plug-in Hybrid,Manual,6.7,510,Brown,SUV,Middle East,2,Fair,Yes
1206,GLC,Avantgarde,2020,92885,109258,Diesel,Manual,6.9,585,White,Hatchback,Asia Pacific,1,Like New,Yes
1207,GLA,Premium Plus,2019,60835,196984,Diesel,Automatic,4.3,564,Beige,Liftback,Asia Pacific,4,Good,No
1208,GLS,Base,2017,94969,92433,Hybrid,Manual,6.5,149,Gold,SUV,Asia Pacific,4,Good,Yes
1209,AMG GT,Night Edition,2011,129192,187975,Plug-in Hybrid,Manual,5.7,150,Green,Coupe,Middle East,2,Very Good,No
1210,EQB,Premium,2010,62208,234584,Electric,Automatic,0,251,Red,Sedan,Europe,1,Very Good,No
1211,GLB,Premium,2024,53730,21789,Hybrid,Automatic,1.5,145,Silver,SUV,Asia Pacific,3,Fair,No
1212,GLE,Premium Plus,2009,68882,239121,Diesel,Automatic,1.9,244,Brown,SUV,Middle East,3,Like New,Yes
1213,AMG GT,Night Edition,2024,148043,50547,Petrol,Automatic,2.7,202,Green,Coupe,North America,4,Excellent,Yes
1214,EQA,Night Edition,2023,67466,76695,Electric,Automatic,0,256,White,SUV,Europe,2,Fair,No
1215,CLA,AMG Line,2019,58134,87516,Plug-in Hybrid,Automatic,3.9,149,Red,Coupe,North America,1,Like New,Yes
1216,AMG GT,Exclusive,2010,137884,97039,Petrol,Automatic,5.2,294,Blue,Coupe,Europe,3,Excellent,Yes
1217,A-Class,AMG Line,2020,64778,144336,Petrol,Manual,6.9,406,Red,Convertible,Asia Pacific,4,New,Yes
1218,GLS,Sport,2022,106200,163739,Hybrid,Automatic,4.2,271,Black,SUV,Africa,1,Good,Yes
1219,B-Class,Premium,2018,33410,126915,Plug-in Hybrid,Automatic,4.3,156,Beige,Sedan,Latin America,4,Fair,Yes
1220,S-Class,Base,2019,115414,43975,Plug-in Hybrid,Manual,4.6,146,Gold,SUV,Asia Pacific,4,Excellent,No
1221,GLB,Avantgarde,2021,56395,128109,Petrol,Manual,3.2,311,Beige,SUV,Europe,3,Good,Yes
1222,EQB,Avantgarde,2019,97852,138913,Electric,Automatic,0,394,Gray,Sedan,North America,1,New,Yes
1223,GLA,Base,2021,84403,124339,Hybrid,Manual,4.8,524,Blue,Sedan,Middle East,4,Like New,Yes
1224,GLS,Luxury,2018,105240,129379,Diesel,Manual,2.6,440,Blue,SUV,Latin America,3,Good,Yes
1225,EQC,Sport,2016,88192,170111,Electric,Automatic,0,276,Silver,Sedan,Africa,3,Like New,No
1226,E-Class,Base,2019,85111,55880,Plug-in Hybrid,Manual,4.2,309,Brown,Coupe,Africa,1,Excellent,Yes
1227,GLB,Base,2008,36967,181005,Diesel,Automatic,6.1,238,Brown,Hatchback,Europe,4,Excellent,Yes
1228,GLE,Premium Plus,2013,72062,203382,Diesel,Automatic,7,386,Gold,SUV,Africa,3,Very Good,No
1229,EQB,Sport,2024,96897,50622,Electric,Automatic,0,510,Gray,Sedan,Africa,1,Very Good,No
1230,E-Class,Exclusive,2021,98718,20202,Plug-in Hybrid,Manual,3,501,Gold,SUV,Europe,2,Very Good,Yes
1231,GLB,Exclusive,2008,61892,124644,Diesel,Automatic,3.5,373,Blue,Coupe,North America,1,New,No
1232,S-Class,Exclusive,2016,114103,115460,Plug-in Hybrid,Manual,5.8,418,Beige,SUV,Latin America,3,Good,No
1233,GLS,Sport,2024,107858,14775,Diesel,Automatic,5.5,260,Gold,SUV,Africa,1,Very Good,Yes
1234,EQC,Night Edition,2011,86460,188555,Electric,Automatic,0,303,Black,SUV,Africa,4,Like New,Yes
1235,GLS,Luxury,2013,79832,190548,Petrol,Manual,4,135,Brown,SUV,Europe,1,Good,No
1236,GLS,Base,2021,119031,83470,Hybrid,Automatic,4.8,403,Beige,SUV,Middle East,4,Very Good,No
1237,B-Class,Night Edition,2015,65131,51508,Petrol,Automatic,6.4,627,Gold,SUV,Middle East,1,Good,No
1238,EQB,Premium Plus,2008,86297,66824,Electric,Automatic,0,419,Gold,Sedan,Europe,1,Like New,No
1239,C-Class,Avantgarde,2014,42357,129986,Hybrid,Manual,6.6,148,Black,Wagon,Middle East,1,Good,No
1240,A-Class,Sport,2013,51868,132139,Hybrid,Automatic,6,306,Gold,Wagon,North America,2,Like New,Yes
1241,S-Class,Sport,2008,95755,88997,Petrol,Manual,4.9,267,Gray,SUV,North America,3,Excellent,Yes
1242,GLA,Luxury,2020,72610,97054,Hybrid,Automatic,5.9,477,Gold,Hatchback,Middle East,3,Excellent,No
1243,E-Class,AMG Line,2024,72102,9459,Diesel,Automatic,2.2,211,Gold,SUV,Latin America,1,Good,Yes
1244,A-Class,Premium Plus,2022,49660,151667,Plug-in Hybrid,Manual,1.3,276,Green,SUV,Europe,2,Good,Yes
1245,C-Class,AMG Line,2019,75656,44032,Petrol,Manual,1.3,558,Green,Coupe,Middle East,1,Very Good,Yes
1246,AMG GT,Premium,2023,161162,141825,Diesel,Manual,2.5,439,Red,Coupe,Europe,3,New,Yes
1247,B-Class,Sport,2008,40252,157775,Hybrid,Manual,5.7,406,Gold,Wagon,Asia Pacific,3,Good,Yes
1248,GLE,Luxury,2011,94536,124945,Plug-in Hybrid,Manual,6.2,431,Green,SUV,Africa,2,Excellent,Yes
1249,CLA,Premium Plus,2008,60777,68129,Hybrid,Manual,5.1,228,Gold,Coupe,Latin America,4,New,Yes
1250,B-Class,Base,2024,45473,57443,Petrol,Automatic,6.7,283,Gray,SUV,Europe,4,Fair,No
1251,E-Class,Base,2020,65422,55695,Petrol,Automatic,5.3,325,Green,Hatchback,Middle East,1,Fair,Yes
1252,GLA,Base,2008,59145,225224,Hybrid,Automatic,3.3,491,White,SUV,Europe,1,Like New,Yes
1253,GLB,Premium,2013,64700,167861,Plug-in Hybrid,Automatic,4.1,534,Gray,Roadster,Asia Pacific,4,Good,No
1254,EQC,Sport,2013,98187,219306,Electric,Automatic,0,507,Beige,Sedan,North America,2,Like New,Yes
1255,EQC,Base,2008,90427,194950,Electric,Automatic,0,427,Brown,SUV,Europe,2,Like New,Yes
1256,GLB,Avantgarde,2018,77485,63758,Petrol,Automatic,6.3,628,Silver,Wagon,North America,1,Good,No
1257,GLB,Avantgarde,2011,55055,140577,Hybrid,Automatic,3.2,369,Gray,Sedan,Latin America,1,Good,Yes
1258,CLA,Luxury,2011,35288,157326,Diesel,Automatic,2.2,144,Green,Coupe,North America,1,Like New,Yes
1259,EQB,Luxury,2018,96131,152621,Electric,Automatic,0,505,Green,SUV,Europe,3,Like New,Yes
1260,EQB,Base,2015,82117,49933,Electric,Automatic,0,348,Gold,SUV,Middle East,1,Very Good,No
1261,EQB,Premium,2013,80963,70873,Electric,Automatic,0,336,Green,SUV,North America,1,Very Good,Yes
1262,GLA,Avantgarde,2025,94587,105564,Hybrid,Automatic,1.6,582,White,Roadster,Asia Pacific,2,New,No
1263,GLC,Exclusive,2019,62244,192035,Diesel,Automatic,6.2,284,Red,Roadster,Middle East,1,Excellent,Yes
1264,AMG GT,Night Edition,2015,132906,125252,Hybrid,Manual,3.7,109,Green,Coupe,Africa,2,Excellent,No
1265,A-Class,AMG Line,2016,45525,183208,Plug-in Hybrid,Manual,6.4,184,Green,Sedan,Europe,1,Like New,Yes
1266,GLE,AMG Line,2022,105778,103507,Petrol,Automatic,5.4,449,Blue,SUV,Europe,3,New,Yes
1267,GLA,Avantgarde,2025,74530,71080,Petrol,Automatic,4.7,481,Red,Coupe,Africa,3,Excellent,No
1268,GLA,Avantgarde,2013,57141,187469,Plug-in Hybrid,Automatic,4,333,Gray,Wagon,Asia Pacific,2,Excellent,No
1269,E-Class,Luxury,2010,66368,168675,Hybrid,Automatic,1.6,178,Blue,Sedan,Asia Pacific,1,Like New,No
1270,C-Class,Premium,2010,63546,147696,Plug-in Hybrid,Automatic,3.5,418,Gold,Coupe,Asia Pacific,2,Very Good,Yes
1271,A-Class,Premium,2012,73075,125400,Petrol,Manual,2.8,581,Blue,Wagon,North America,2,New,No
1272,AMG GT,Premium,2009,115035,140429,Diesel,Manual,2.3,170,Red,Coupe,Middle East,4,Very Good,Yes
1273,GLA,Premium,2018,56354,45316,Diesel,Automatic,5.6,212,Silver,Coupe,Europe,2,Like New,No
1274,GLA,Avantgarde,2013,32361,211106,Hybrid,Manual,4.8,149,Green,Roadster,Middle East,1,Good,Yes
1275,CLA,AMG Line,2013,26886,74355,Diesel,Manual,5.3,133,Gray,Coupe,Africa,1,Fair,Yes
1276,C-Class,Sport,2019,49792,193000,Hybrid,Manual,3.8,390,Red,Sedan,Africa,2,Fair,Yes
1277,E-Class,Premium,2009,55040,71568,Hybrid,Automatic,6.7,136,Blue,Liftback,Europe,4,Good,Yes
1278,CLA,Luxury,2014,65425,192612,Plug-in Hybrid,Manual,3.6,583,Green,Coupe,Africa,3,Good,Yes
1279,EQB,Night Edition,2020,88849,52968,Electric,Automatic,0,482,Beige,SUV,Asia Pacific,2,Good,Yes
1280,A-Class,Premium Plus,2010,35899,177803,Diesel,Automatic,5.7,359,Green,Convertible,Asia Pacific,2,Very Good,No
1281,GLC,AMG Line,2017,51723,190694,Petrol,Automatic,2.5,112,Black,Coupe,Latin America,3,Like New,Yes
1282,EQA,Night Edition,2025,92553,154054,Electric,Automatic,0,550,Beige,SUV,Europe,1,Good,No
1283,A-Class,AMG Line,2015,33925,166314,Hybrid,Manual,1.9,119,Red,Liftback,Latin America,4,Excellent,Yes
1284,C-Class,Premium,2022,81827,14403,Diesel,Automatic,5,433,Beige,Wagon,Africa,4,New,No
1285,S-Class,Premium Plus,2010,112371,137334,Diesel,Manual,4.5,381,Black,SUV,Africa,3,New,Yes
1286,EQA,Avantgarde,2010,77297,74359,Electric,Automatic,0,437,Silver,Sedan,Asia Pacific,2,Very Good,No
1287,GLS,Luxury,2020,142961,168323,Plug-in Hybrid,Manual,2.7,562,White,SUV,Europe,1,New,Yes
1288,GLC,Sport,2021,66873,93752,Diesel,Automatic,2.3,469,Silver,Wagon,Middle East,3,Fair,Yes
1289,EQA,Exclusive,2017,70530,73861,Electric,Automatic,0,270,Gold,SUV,Asia Pacific,4,Good,No
1290,C-Class,Exclusive,2021,78815,94794,Plug-in Hybrid,Manual,6.9,491,Silver,Liftback,Middle East,4,Very Good,No
1291,C-Class,Luxury,2011,70749,54838,Diesel,Automatic,2.4,549,Beige,Liftback,Europe,1,Like New,No
1292,GLC,Night Edition,2016,71343,38657,Petrol,Manual,3.8,519,Silver,Roadster,Latin America,3,Fair,No
1293,S-Class,Night Edition,2018,112692,149529,Hybrid,Manual,1.3,445,Gold,SUV,Europe,3,Very Good,Yes
1294,EQB,Night Edition,2020,90830,43740,Electric,Automatic,0,211,Brown,SUV,North America,3,New,Yes
1295,GLA,Exclusive,2009,69414,221638,Hybrid,Manual,3.2,591,White,Convertible,Europe,3,Like New,Yes
1296,C-Class,Sport,2013,40665,102985,Hybrid,Automatic,6.6,229,Blue,Liftback,Europe,1,Fair,No
1297,S-Class,Premium,2025,141577,66418,Hybrid,Manual,4.5,446,Silver,SUV,Asia Pacific,2,New,No
1298,A-Class,Base,2023,72965,93209,Diesel,Manual,2.3,520,Beige,Liftback,Middle East,2,New,No
1299,GLB,Exclusive,2021,66709,183946,Diesel,Automatic,5,598,Silver,Liftback,Europe,4,Very Good,Yes
1300,GLA,Exclusive,2024,74609,73511,Petrol,Automatic,5.4,502,Gold,Roadster,Latin America,4,Excellent,No
1301,CLA,Avantgarde,2020,58959,123801,Hybrid,Manual,4.2,462,Gold,Coupe,Middle East,3,Fair,Yes
1302,GLB,Exclusive,2016,41719,205619,Hybrid,Manual,2.7,161,Gold,Wagon,Latin America,2,Very Good,No
1303,GLB,Luxury,2016,69765,169245,Plug-in Hybrid,Manual,6.3,492,Gold,Hatchback,Latin America,1,Good,Yes
1304,CLA,Exclusive,2014,20040,190669,Diesel,Automatic,3.1,198,Black,Coupe,North America,2,Fair,No
1305,S-Class,AMG Line,2011,97348,145218,Petrol,Automatic,5.5,303,Blue,SUV,Asia Pacific,1,Very Good,Yes
1306,E-Class,Premium,2021,79841,41723,Diesel,Automatic,6.4,547,Green,Coupe,Europe,3,Fair,No
1307,GLB,Premium Plus,2008,53004,212425,Plug-in Hybrid,Automatic,6.9,315,Brown,SUV,North America,2,Excellent,No
1308,B-Class,Premium Plus,2019,71343,123533,Plug-in Hybrid,Manual,1.9,554,Gray,SUV,Middle East,4,Good,Yes
1309,EQA,AMG Line,2008,61395,224396,Electric,Automatic,0,411,Beige,Sedan,Europe,4,Good,Yes
1310,CLA,Premium Plus,2022,85156,64425,Diesel,Automatic,4.4,503,Black,Coupe,Latin America,3,New,Yes
1311,GLB,Avantgarde,2010,66335,62846,Petrol,Manual,4.7,417,Brown,Liftback,Asia Pacific,4,Like New,No
1312,EQB,Base,2011,79129,63420,Electric,Automatic,0,251,Silver,SUV,Asia Pacific,1,Excellent,Yes
1313,GLC,Night Edition,2012,59182,163275,Diesel,Automatic,1.5,373,Gold,Liftback,Africa,3,Very Good,No
1314,A-Class,Premium Plus,2013,57795,76324,Hybrid,Automatic,2.6,452,Black,Roadster,Africa,3,Excellent,No
1315,GLS,Premium,2022,104864,184654,Petrol,Manual,3.1,411,Gold,SUV,Latin America,1,Good,Yes
1316,CLA,Sport,2009,44351,60613,Diesel,Automatic,3.6,184,Blue,Coupe,Europe,3,Like New,No
1317,E-Class,Premium Plus,2022,94066,72165,Petrol,Manual,1.8,362,Black,Coupe,Latin America,4,New,Yes
1318,EQC,Avantgarde,2008,82087,137671,Electric,Automatic,0,303,Red,Sedan,Middle East,3,Excellent,No
1319,GLC,Avantgarde,2010,56370,196623,Plug-in Hybrid,Manual,3.3,184,Silver,SUV,Asia Pacific,1,Excellent,Yes
1320,GLA,Base,2010,68239,146679,Hybrid,Manual,3.5,357,Brown,Coupe,Middle East,4,New,Yes
1321,GLS,Luxury,2015,107643,139942,Diesel,Manual,3.1,235,Blue,SUV,Latin America,2,New,No
1322,B-Class,Exclusive,2022,69101,159883,Plug-in Hybrid,Manual,6.7,618,Green,Sedan,Latin America,2,Fair,Yes
1323,EQA,Sport,2014,86031,156782,Electric,Automatic,0,504,Blue,Sedan,Latin America,2,Like New,No
1324,EQB,Base,2008,51831,178712,Electric,Automatic,0,254,Green,SUV,North America,2,Fair,Yes
1325,GLS,Exclusive,2021,92584,178815,Hybrid,Automatic,3.7,138,Green,SUV,Asia Pacific,3,Very Good,No
1326,E-Class,Luxury,2023,93919,19776,Plug-in Hybrid,Manual,6.4,485,Beige,Liftback,Latin America,4,Fair,No
1327,S-Class,Luxury,2024,151639,59882,Plug-in Hybrid,Manual,5.6,629,Gray,SUV,Middle East,4,Like New,Yes
1328,E-Class,Sport,2016,89491,205783,Hybrid,Automatic,4.2,497,Brown,Liftback,Latin America,3,Like New,Yes
1329,EQC,AMG Line,2015,78891,146337,Electric,Automatic,0,318,Black,Sedan,Latin America,2,Good,No
1330,EQB,Premium,2013,66930,214603,Electric,Automatic,0,266,Gray,SUV,Middle East,2,Excellent,Yes
1331,EQA,Sport,2022,106608,39512,Electric,Automatic,0,467,Gray,SUV,North America,1,New,No
1332,GLA,Luxury,2012,59222,89153,Hybrid,Automatic,2.5,391,Silver,Convertible,Middle East,2,Excellent,Yes
1333,GLS,Exclusive,2012,110882,204903,Diesel,Manual,3.2,466,Green,SUV,Asia Pacific,2,Like New,Yes
1334,EQA,Exclusive,2020,80195,50922,Electric,Automatic,0,408,Gray,SUV,Africa,4,Good,No
1335,B-Class,Premium Plus,2017,49037,148471,Plug-in Hybrid,Automatic,4.8,336,Green,Wagon,Africa,4,Good,No
1336,B-Class,Base,2021,67645,195237,Petrol,Manual,4.8,630,Silver,Convertible,Latin America,4,Very Good,Yes
1337,E-Class,Exclusive,2016,78847,82056,Plug-in Hybrid,Automatic,4.3,443,White,Roadster,Europe,1,Fair,Yes
1338,GLA,AMG Line,2010,44200,129397,Hybrid,Automatic,6.5,300,Black,Roadster,Asia Pacific,3,Very Good,Yes
1339,EQC,Premium Plus,2015,83092,156553,Electric,Automatic,0,384,Gold,Sedan,Middle East,3,Good,Yes
1340,B-Class,Avantgarde,2022,51432,127232,Diesel,Automatic,2,380,Beige,SUV,Africa,2,Very Good,Yes
1341,B-Class,Premium Plus,2012,50199,193291,Hybrid,Manual,6.4,434,Green,SUV,Europe,3,Very Good,Yes
1342,S-Class,Base,2021,136396,61769,Diesel,Manual,4.5,627,Red,SUV,Africa,3,Like New,No
1343,E-Class,Sport,2020,80377,142565,Petrol,Manual,4.5,394,White,Wagon,Europe,1,Like New,Yes
1344,AMG GT,Luxury,2010,144975,139001,Plug-in Hybrid,Automatic,3,490,Green,Coupe,Asia Pacific,3,Good,Yes
1345,S-Class,Premium,2016,112108,41876,Diesel,Automatic,5.3,568,Brown,SUV,Latin America,1,Fair,No
1346,GLB,Avantgarde,2021,50626,123303,Diesel,Automatic,5.2,119,White,Liftback,Africa,3,Excellent,No
1347,C-Class,Exclusive,2009,54544,111726,Hybrid,Manual,4.8,370,Beige,Hatchback,Africa,4,Good,No
1348,GLA,Avantgarde,2017,36485,170541,Petrol,Manual,1.5,199,Black,Convertible,Middle East,3,Good,Yes
1349,CLA,Exclusive,2017,66126,192948,Plug-in Hybrid,Manual,6.8,328,Silver,Coupe,Asia Pacific,2,Like New,Yes
1350,GLC,Premium Plus,2016,42002,186342,Petrol,Manual,5,196,Gold,Sedan,Middle East,2,Fair,Yes
1351,EQB,Premium Plus,2014,80296,151708,Electric,Automatic,0,360,Silver,Sedan,North America,4,Excellent,No
1352,GLS,AMG Line,2016,124933,138766,Petrol,Automatic,2.3,420,Gold,SUV,Middle East,1,New,Yes
1353,GLS,AMG Line,2018,122183,120287,Diesel,Automatic,1.6,560,White,SUV,Africa,3,Excellent,No
1354,E-Class,Luxury,2015,86046,186062,Plug-in Hybrid,Manual,3.5,469,Gray,Convertible,Europe,2,Excellent,Yes
1355,GLS,Luxury,2024,104710,127275,Diesel,Manual,1.8,246,Beige,SUV,Middle East,3,Very Good,Yes
1356,EQB,AMG Line,2010,85036,122397,Electric,Automatic,0,349,Gray,SUV,Asia Pacific,3,Like New,Yes
1357,S-Class,Premium Plus,2011,102970,87437,Hybrid,Automatic,5.5,323,Brown,SUV,Europe,4,Good,Yes
1358,B-Class,Premium,2024,93795,52697,Plug-in Hybrid,Manual,4.2,561,Gold,Hatchback,Middle East,1,New,Yes
1359,EQC,Sport,2012,86246,106544,Electric,Automatic,0,368,Brown,Sedan,Africa,1,Very Good,No
1360,GLA,Avantgarde,2008,58934,229766,Plug-in Hybrid,Manual,2.7,537,Gold,Convertible,Europe,3,Good,Yes
1361,AMG GT,Avantgarde,2008,141616,74068,Hybrid,Manual,3,514,Gray,Coupe,Europe,1,Fair,Yes
1362,GLA,Premium Plus,2012,45294,72500,Diesel,Automatic,6,192,Gray,Convertible,Latin America,4,Like New,Yes
1363,E-Class,Premium,2010,100815,138194,Hybrid,Manual,3,602,White,Roadster,Middle East,4,New,No
1364,EQC,AMG Line,2019,92287,137107,Electric,Automatic,0,291,Blue,Sedan,Middle East,3,Excellent,Yes
1365,EQC,Luxury,2011,103248,76696,Electric,Automatic,0,614,Beige,Sedan,Latin America,3,Very Good,Yes
1366,EQB,Premium,2013,92138,105121,Electric,Automatic,0,439,Silver,Sedan,Europe,4,Like New,Yes
1367,EQA,Base,2025,96608,160576,Electric,Automatic,0,539,Gold,SUV,Africa,4,Excellent,No
1368,AMG GT,Sport,2022,152132,47425,Plug-in Hybrid,Automatic,2.6,221,Gold,Coupe,Latin America,4,Excellent,Yes
1369,GLE,Avantgarde,2010,87617,152910,Petrol,Manual,4.3,417,Beige,SUV,Latin America,1,Like New,No
1370,S-Class,Luxury,2017,96114,32671,Hybrid,Manual,4.6,159,Black,SUV,Europe,1,Good,No
1371,C-Class,Sport,2013,78446,67808,Plug-in Hybrid,Automatic,3.2,551,White,Wagon,Africa,3,Very Good,Yes
1372,EQB,Avantgarde,2025,101533,112863,Electric,Automatic,0,569,White,Sedan,Europe,2,Very Good,Yes
1373,GLB,Exclusive,2008,42727,130945,Petrol,Automatic,3.8,267,Green,Convertible,Europe,4,Good,Yes
1374,A-Class,Sport,2015,83475,67957,Plug-in Hybrid,Automatic,6.7,632,Red,SUV,North America,3,Like New,Yes
1375,GLC,Luxury,2021,76360,44852,Hybrid,Manual,2.7,405,White,Liftback,Middle East,3,Good,Yes
1376,B-Class,Exclusive,2022,65784,174874,Hybrid,Automatic,2.1,309,White,SUV,North America,1,New,Yes
1377,EQA,AMG Line,2023,86673,144941,Electric,Automatic,0,231,Silver,Sedan,North America,1,New,Yes
1378,EQB,Exclusive,2012,78593,166910,Electric,Automatic,0,544,Silver,SUV,Latin America,1,Good,No
1379,A-Class,Avantgarde,2019,53486,94596,Petrol,Manual,5.9,142,Green,Convertible,Africa,4,New,No
1380,C-Class,Base,2014,80801,203678,Plug-in Hybrid,Manual,4.3,530,Silver,Coupe,Asia Pacific,2,New,No
1381,S-Class,Base,2008,120941,209862,Hybrid,Manual,3.8,477,Red,SUV,Middle East,2,New,Yes
1382,GLA,Base,2022,89451,75692,Plug-in Hybrid,Automatic,5.8,603,Beige,Convertible,Asia Pacific,3,Excellent,No
1383,GLB,Exclusive,2025,51231,99080,Plug-in Hybrid,Manual,2.3,138,Gray,Roadster,Middle East,4,Fair,Yes
1384,GLA,Sport,2012,45587,189990,Diesel,Manual,5.8,493,Green,Sedan,North America,1,Good,Yes
1385,GLB,AMG Line,2018,62567,104286,Hybrid,Automatic,6.3,452,Gray,Liftback,Latin America,3,Fair,Yes
1386,EQA,Night Edition,2016,78832,110283,Electric,Automatic,0,547,Beige,SUV,Europe,4,Fair,Yes
1387,E-Class,Luxury,2023,102048,61546,Hybrid,Manual,4.1,457,Gold,Convertible,Asia Pacific,4,New,Yes
1388,GLE,Luxury,2022,115609,52197,Plug-in Hybrid,Automatic,6.1,543,Silver,SUV,Latin America,1,Excellent,Yes
1389,GLA,Base,2012,49560,169904,Diesel,Automatic,5.9,467,Silver,Hatchback,Africa,2,Good,Yes
1390,AMG GT,Premium Plus,2023,149541,183000,Plug-in Hybrid,Automatic,1.5,472,Black,Coupe,Middle East,4,Fair,No
1391,E-Class,Base,2022,78050,145918,Plug-in Hybrid,Automatic,5.2,198,White,Hatchback,Latin America,4,Like New,No
1392,EQA,AMG Line,2017,84887,144741,Electric,Automatic,0,465,White,Sedan,Middle East,4,Excellent,Yes
1393,CLA,AMG Line,2022,67254,36209,Plug-in Hybrid,Automatic,3.4,341,Black,Coupe,Africa,3,Good,No
1394,B-Class,Premium,2019,52958,58462,Plug-in Hybrid,Manual,5.2,163,Brown,Convertible,Africa,3,Very Good,Yes
1395,E-Class,Base,2013,48612,196635,Plug-in Hybrid,Automatic,3.3,154,Silver,Wagon,Latin America,4,Fair,Yes
1396,E-Class,Premium Plus,2018,82000,114751,Hybrid,Automatic,4.5,454,White,Liftback,North America,3,Very Good,Yes
1397,A-Class,Base,2018,35049,141055,Hybrid,Manual,1.6,240,Silver,SUV,Asia Pacific,3,Fair,No
1398,B-Class,Avantgarde,2015,28700,170244,Diesel,Automatic,3.8,232,Silver,Sedan,Asia Pacific,1,Good,Yes
1399,A-Class,AMG Line,2010,47297,172218,Plug-in Hybrid,Manual,1.8,477,Red,Liftback,Middle East,2,Fair,Yes
1400,EQA,Premium Plus,2014,76483,195134,Electric,Automatic,0,337,Beige,Sedan,Middle East,2,Like New,Yes
1401,CLA,Luxury,2017,69200,199433,Petrol,Manual,1.3,583,Beige,Coupe,Europe,4,Like New,Yes
1402,B-Class,Night Edition,2022,70502,183984,Diesel,Manual,3,613,Gold,Roadster,Latin America,1,Excellent,Yes
1403,EQA,Exclusive,2012,85447,58991,Electric,Automatic,0,409,Brown,Sedan,Middle East,1,Like New,Yes
1404,GLS,Premium Plus,2025,107177,122770,Petrol,Manual,2.5,237,Black,SUV,Africa,3,Very Good,Yes
1405,A-Class,Luxury,2009,32147,196346,Diesel,Automatic,2.1,331,Brown,Sedan,Asia Pacific,3,Very Good,No
1406,GLC,Luxury,2018,87181,146663,Diesel,Manual,1.3,525,Silver,Hatchback,Asia Pacific,4,New,Yes
1407,GLC,AMG Line,2025,59037,85704,Diesel,Automatic,2.7,142,Blue,SUV,Europe,2,Good,Yes
1408,AMG GT,AMG Line,2016,144284,111601,Plug-in Hybrid,Manual,2.7,264,Silver,Coupe,Africa,3,Very Good,Yes
1409,GLB,Premium,2015,52740,200355,Petrol,Automatic,2.7,212,Red,Liftback,Asia Pacific,2,Like New,Yes
1410,C-Class,Premium Plus,2016,66272,140094,Plug-in Hybrid,Manual,1.9,234,Gray,Coupe,North America,2,Like New,No
1411,B-Class,Premium Plus,2023,46057,122313,Hybrid,Manual,4.9,142,White,Coupe,North America,3,Excellent,Yes
1412,GLC,AMG Line,2021,78808,86132,Diesel,Manual,2.8,354,Green,Liftback,Europe,4,Like New,Yes
1413,GLE,Exclusive,2023,93740,72045,Petrol,Manual,4.5,608,Blue,SUV,North America,3,Fair,Yes
1414,E-Class,Luxury,2015,59126,208558,Petrol,Automatic,4.6,438,Blue,Wagon,Middle East,4,Fair,No
1415,GLE,Sport,2019,91982,26825,Diesel,Manual,2.5,463,Silver,SUV,Africa,4,Good,No
1416,AMG GT,Base,2025,159696,79152,Petrol,Automatic,3.7,392,Black,Coupe,Middle East,1,Excellent,Yes
1417,EQA,Premium,2024,95831,82612,Electric,Automatic,0,437,Black,Sedan,Africa,3,Like New,Yes
1418,A-Class,Avantgarde,2019,60545,196552,Plug-in Hybrid,Manual,5.6,577,White,Wagon,Europe,4,Fair,Yes
1419,B-Class,Premium,2019,68496,43920,Petrol,Automatic,5.8,277,Red,Roadster,Latin America,4,New,Yes
1420,S-Class,Sport,2015,117443,201973,Petrol,Automatic,6.3,358,Beige,SUV,Europe,1,New,Yes
1421,GLB,Base,2011,56831,231946,Hybrid,Automatic,1.9,578,Gray,Hatchback,Middle East,2,Fair,Yes
1422,A-Class,Luxury,2012,40099,89983,Plug-in Hybrid,Manual,3.7,263,Red,Convertible,Africa,3,Fair,No
1423,GLC,Premium,2017,67387,180790,Plug-in Hybrid,Manual,6.1,159,Blue,Liftback,North America,3,Like New,No
1424,GLE,Luxury,2017,53598,137473,Petrol,Automatic,2.5,138,Gold,SUV,Asia Pacific,2,Fair,Yes
1425,EQC,Base,2013,72340,153927,Electric,Automatic,0,354,Beige,SUV,Asia Pacific,1,Fair,Yes
1426,A-Class,Avantgarde,2024,44175,40144,Diesel,Manual,5.8,258,Green,Liftback,Middle East,3,Good,Yes
1427,GLB,Premium Plus,2016,54902,90771,Diesel,Manual,2.2,262,Green,Wagon,North America,3,Excellent,No
1428,S-Class,Base,2020,104584,142720,Diesel,Automatic,2,535,Brown,SUV,North America,3,Fair,Yes
1429,CLA,Luxury,2010,42186,114366,Petrol,Automatic,4,146,Gold,Coupe,Europe,3,Like New,Yes
1430,AMG GT,Luxury,2022,146872,181862,Petrol,Manual,4.2,455,Gray,Coupe,Europe,4,Good,Yes
1431,GLC,Night Edition,2020,75429,125606,Plug-in Hybrid,Manual,4.5,342,Silver,Sedan,North America,1,Good,No
1432,C-Class,Sport,2025,65548,25654,Diesel,Automatic,5.7,495,White,Sedan,Latin America,1,Fair,Yes
1433,EQC,Night Edition,2008,67230,190323,Electric,Automatic,0,399,Green,Sedan,Africa,1,Fair,No
1434,CLA,Base,2023,57231,168374,Hybrid,Automatic,6.1,397,Brown,Coupe,Africa,2,Good,No
1435,EQC,Sport,2018,85793,185222,Electric,Automatic,0,300,Silver,Sedan,Europe,1,Excellent,Yes
1436,GLS,AMG Line,2013,110030,207339,Hybrid,Automatic,5.9,557,Green,SUV,North America,3,Good,Yes
1437,EQB,Premium Plus,2019,64274,127804,Electric,Automatic,0,246,Blue,Sedan,Africa,1,Fair,Yes
1438,GLB,Exclusive,2022,63699,71582,Petrol,Manual,1.7,394,Gold,Convertible,Asia Pacific,1,Very Good,Yes
1439,EQB,Premium Plus,2011,90791,72552,Electric,Automatic,0,305,Silver,Sedan,Middle East,2,New,Yes
1440,C-Class,Premium,2018,63120,168466,Diesel,Automatic,5.5,303,Red,SUV,Europe,2,New,Yes
1441,EQB,AMG Line,2014,91289,180732,Electric,Automatic,0,452,Brown,SUV,Middle East,1,New,Yes
1442,B-Class,Exclusive,2008,47074,72130,Plug-in Hybrid,Manual,3.9,440,Gray,Liftback,Middle East,4,Fair,Yes
1443,GLS,Luxury,2010,111031,171168,Plug-in Hybrid,Manual,5.5,256,White,SUV,Europe,2,New,Yes
1444,S-Class,Base,2015,89598,149537,Diesel,Automatic,3.4,294,Black,SUV,Middle East,3,Fair,Yes
1445,EQB,Premium Plus,2017,83748,86218,Electric,Automatic,0,360,Gold,SUV,Latin America,2,Excellent,Yes
1446,CLA,Base,2024,58372,127627,Diesel,Manual,5,311,Black,Coupe,Europe,4,Like New,No
1447,EQB,Exclusive,2023,74087,115079,Electric,Automatic,0,337,Beige,Sedan,Asia Pacific,4,Fair,Yes
1448,GLS,Night Edition,2020,108992,22886,Hybrid,Manual,5,307,Silver,SUV,Europe,2,Good,Yes
1449,EQB,Premium Plus,2018,86219,192278,Electric,Automatic,0,333,Blue,Sedan,North America,3,Like New,Yes
1450,GLS,Premium Plus,2009,108656,160511,Hybrid,Automatic,6.1,618,Gray,SUV,Europe,4,Fair,Yes
1451,GLC,Night Edition,2012,75952,155570,Plug-in Hybrid,Automatic,6.8,380,Blue,Convertible,Europe,1,Like New,Yes
1452,C-Class,Avantgarde,2020,63490,121825,Plug-in Hybrid,Automatic,3.1,249,White,Sedan,Europe,1,Very Good,Yes
1453,EQC,AMG Line,2018,101328,152575,Electric,Automatic,0,416,Red,SUV,Africa,4,Like New,No
1454,B-Class,Night Edition,2013,46079,72506,Petrol,Manual,5.4,475,Red,Coupe,Asia Pacific,3,Fair,Yes
1455,EQC,Sport,2023,112175,23226,Electric,Automatic,0,534,Green,Sedan,Africa,2,Very Good,Yes
1456,GLC,Luxury,2012,55735,160382,Hybrid,Automatic,6.6,391,Blue,Coupe,North America,2,Fair,No
1457,E-Class,Base,2017,100954,43769,Petrol,Automatic,2.9,613,Red,Coupe,Africa,4,Like New,Yes
1458,CLA,AMG Line,2016,54061,146891,Diesel,Manual,3.8,284,Beige,Coupe,Asia Pacific,2,New,No
1459,GLC,Luxury,2025,88669,107230,Diesel,Automatic,3.5,561,Gray,Coupe,Asia Pacific,2,Excellent,Yes
1460,EQB,Luxury,2014,92882,115864,Electric,Automatic,0,423,Red,Sedan,North America,3,Like New,Yes
1461,GLS,Premium,2022,121436,14058,Hybrid,Automatic,2.6,320,White,SUV,Asia Pacific,4,Excellent,Yes
1462,A-Class,Exclusive,2008,45911,89887,Plug-in Hybrid,Automatic,6.8,256,Red,Hatchback,Latin America,4,Excellent,No
1463,S-Class,Exclusive,2015,97837,176811,Hybrid,Manual,6.6,128,Gold,SUV,Middle East,4,Excellent,No
1464,EQA,Luxury,2022,79550,55521,Electric,Automatic,0,419,Gray,SUV,Europe,3,Fair,Yes
1465,AMG GT,Avantgarde,2014,140511,78152,Diesel,Automatic,5.3,141,Green,Coupe,Latin America,2,New,Yes
1466,B-Class,Exclusive,2019,53054,85299,Hybrid,Automatic,1.5,300,Gold,Roadster,Africa,4,Very Good,Yes
1467,AMG GT,Base,2010,161629,128531,Plug-in Hybrid,Manual,5.5,474,Beige,Coupe,Latin America,2,Like New,Yes
1468,GLA,Exclusive,2008,28989,168935,Petrol,Manual,6.4,118,Beige,SUV,Latin America,3,Very Good,Yes
1469,E-Class,Premium,2017,63337,162004,Hybrid,Automatic,3.3,317,Blue,SUV,Asia Pacific,4,Good,No
1470,A-Class,Avantgarde,2014,69244,88777,Plug-in Hybrid,Manual,3.4,548,Red,Hatchback,North America,4,Very Good,Yes
1471,GLA,Base,2024,62350,178626,Plug-in Hybrid,Automatic,6.7,257,Beige,Roadster,Asia Pacific,1,Excellent,No
1472,B-Class,Luxury,2016,78239,36786,Hybrid,Automatic,3.9,599,White,Coupe,Latin America,2,Excellent,No
1473,GLB,AMG Line,2022,68942,104219,Diesel,Automatic,5.3,326,Beige,Roadster,North America,4,Like New,No
1474,E-Class,AMG Line,2017,85683,137973,Diesel,Automatic,1.6,615,Blue,Hatchback,Africa,2,Very Good,Yes
1475,GLE,Premium,2021,87416,144851,Plug-in Hybrid,Manual,2.5,177,Black,SUV,North America,2,Excellent,Yes
1476,AMG GT,Base,2025,171489,106996,Petrol,Automatic,6.7,436,Silver,Coupe,North America,4,New,Yes
1477,EQA,Base,2011,73651,130918,Electric,Automatic,0,484,Black,Sedan,Middle East,2,Very Good,Yes
1478,A-Class,Avantgarde,2010,47700,88862,Plug-in Hybrid,Automatic,2.8,207,White,Liftback,Africa,2,Excellent,No
1479,A-Class,Exclusive,2025,66401,52166,Hybrid,Automatic,2.4,303,Silver,Convertible,Middle East,1,Like New,Yes
1480,GLC,Premium Plus,2018,93379,49429,Diesel,Automatic,6.4,638,Blue,Wagon,Asia Pacific,4,Excellent,Yes
1481,C-Class,Premium Plus,2008,43919,225288,Hybrid,Automatic,2,254,Gold,Liftback,Latin America,3,Excellent,Yes
1482,A-Class,Sport,2008,76106,193275,Plug-in Hybrid,Automatic,5.6,598,Beige,Wagon,Africa,3,New,Yes
1483,GLC,Night Edition,2021,75311,133099,Petrol,Manual,4.1,447,Green,Wagon,Europe,1,Very Good,Yes
1484,AMG GT,Night Edition,2024,165171,93744,Diesel,Manual,6.7,608,White,Coupe,Latin America,4,Very Good,Yes
1485,A-Class,Exclusive,2016,20627,90729,Diesel,Manual,2.7,171,Blue,Liftback,Middle East,4,Fair,No
1486,AMG GT,AMG Line,2011,138895,67657,Diesel,Automatic,5.8,433,Brown,Coupe,Asia Pacific,2,Very Good,No
1487,GLE,Exclusive,2023,103808,144550,Hybrid,Manual,2.7,437,Blue,SUV,Asia Pacific,4,Like New,Yes
1488,EQC,Premium Plus,2012,92252,126180,Electric,Automatic,0,536,Beige,Sedan,Latin America,3,Good,Yes
1489,S-Class,Night Edition,2025,101052,168479,Diesel,Automatic,2.5,143,Beige,SUV,Middle East,3,Excellent,No
1490,EQA,Avantgarde,2009,74539,104564,Electric,Automatic,0,480,White,Sedan,Africa,1,Good,Yes
1491,B-Class,Sport,2015,45040,202688,Plug-in Hybrid,Manual,1.5,271,Blue,Sedan,Asia Pacific,3,Very Good,No
1492,GLA,Avantgarde,2015,61724,152457,Plug-in Hybrid,Manual,6.5,440,Brown,Convertible,North America,1,Very Good,Yes
1493,B-Class,Base,2021,49414,134778,Petrol,Manual,4.5,460,Gray,Coupe,Asia Pacific,2,Fair,Yes
1494,EQB,Premium Plus,2022,83825,58856,Electric,Automatic,0,204,Gray,Sedan,North America,1,Like New,No
1495,AMG GT,AMG Line,2020,151045,144166,Plug-in Hybrid,Automatic,2.5,326,White,Coupe,Europe,2,Very Good,No
1496,GLC,Night Edition,2021,96844,73388,Plug-in Hybrid,Manual,1.9,553,Black,Hatchback,Middle East,3,Very Good,Yes
1497,EQB,Exclusive,2019,99821,175257,Electric,Automatic,0,569,Red,Sedan,Latin America,4,Like New,No
1498,EQC,Sport,2013,72424,148375,Electric,Automatic,0,231,Black,Sedan,Asia Pacific,2,Very Good,Yes
1499,C-Class,Premium,2019,50794,98554,Petrol,Manual,5.8,187,Blue,Sedan,Middle East,3,Very Good,No
1500,EQA,AMG Line,2021,63418,113650,Electric,Automatic,0,301,Black,SUV,Asia Pacific,3,Fair,No
1501,AMG GT,Luxury,2019,147255,106886,Diesel,Automatic,3.6,469,White,Coupe,Africa,1,Good,Yes
1502,AMG GT,Avantgarde,2016,132899,81293,Petrol,Automatic,1.6,209,Blue,Coupe,Africa,1,Good,Yes
1503,E-Class,Sport,2017,90169,193240,Plug-in Hybrid,Automatic,6.6,389,Brown,Liftback,Africa,2,New,Yes
1504,GLS,Exclusive,2022,97759,86303,Plug-in Hybrid,Manual,5.5,167,Green,SUV,North America,2,Fair,Yes
1505,GLA,Luxury,2014,51482,213734,Diesel,Manual,5.3,635,Green,SUV,Latin America,1,Fair,Yes
1506,EQA,Premium,2011,57571,100104,Electric,Automatic,0,198,Blue,Sedan,Asia Pacific,4,Good,Yes
1507,EQB,Premium Plus,2019,87558,38852,Electric,Automatic,0,415,Brown,SUV,North America,1,Good,No
1508,CLA,AMG Line,2025,95183,75199,Plug-in Hybrid,Automatic,2.3,471,Green,Coupe,Latin America,3,New,No
1509,GLC,Avantgarde,2020,69823,187772,Plug-in Hybrid,Automatic,6.4,117,White,Coupe,Europe,2,New,Yes
1510,GLC,Avantgarde,2023,82088,153705,Hybrid,Manual,1.6,304,Blue,Liftback,Latin America,2,New,Yes
1511,GLE,Sport,2015,98809,65261,Plug-in Hybrid,Manual,3.5,289,Gray,SUV,Middle East,2,Like New,Yes
1512,A-Class,Sport,2008,78350,69805,Hybrid,Manual,2,600,Gray,Convertible,North America,4,New,Yes
1513,GLB,Sport,2012,55398,131830,Plug-in Hybrid,Automatic,4.3,147,Green,SUV,Latin America,2,Like New,No
1514,C-Class,Exclusive,2015,32939,63829,Diesel,Automatic,3.5,182,Gray,Sedan,Africa,3,Fair,Yes
1515,B-Class,Premium,2008,43869,143970,Hybrid,Automatic,1.4,321,Beige,SUV,Africa,3,Excellent,Yes
1516,CLA,Night Edition,2016,67982,128435,Plug-in Hybrid,Automatic,3.9,618,Black,Coupe,Asia Pacific,4,Fair,No
1517,CLA,Sport,2016,60410,60854,Plug-in Hybrid,Automatic,6.6,178,Gray,Coupe,Africa,4,Excellent,Yes
1518,GLS,Night Edition,2021,141516,79658,Hybrid,Manual,4.3,514,Green,SUV,Latin America,2,New,Yes
1519,A-Class,Night Edition,2018,38994,189075,Petrol,Automatic,4.3,170,Silver,SUV,Europe,1,Like New,Yes
1520,GLB,Premium Plus,2008,72754,76109,Diesel,Automatic,1.5,546,Beige,Coupe,Asia Pacific,1,New,No
1521,GLE,Base,2015,65902,104437,Petrol,Manual,3.3,142,Green,SUV,North America,4,Very Good,Yes
1522,E-Class,Night Edition,2020,93939,75697,Diesel,Manual,3.9,490,Brown,Convertible,Asia Pacific,2,Like New,Yes
1523,A-Class,Exclusive,2015,69378,154978,Petrol,Automatic,3.4,588,Gray,Convertible,Middle East,4,New,No
1524,GLB,Avantgarde,2019,57623,125968,Hybrid,Automatic,5.5,251,Silver,Coupe,Europe,1,Excellent,No
1525,E-Class,Base,2018,72430,64332,Hybrid,Manual,4.2,384,White,Convertible,Latin America,1,Fair,Yes
1526,CLA,Exclusive,2009,45928,167170,Hybrid,Automatic,2.5,149,White,Coupe,Asia Pacific,3,New,Yes
1527,A-Class,Exclusive,2022,56690,37622,Plug-in Hybrid,Manual,4.5,265,Black,Liftback,Asia Pacific,3,Good,Yes
1528,GLC,Sport,2020,81056,128052,Hybrid,Manual,2.1,479,Blue,Liftback,Africa,4,Very Good,No
1529,A-Class,Luxury,2014,72357,79108,Hybrid,Automatic,2.6,619,Silver,SUV,North America,4,Like New,Yes
1530,AMG GT,Premium,2010,130082,125891,Hybrid,Manual,6.3,144,White,Coupe,Europe,2,Excellent,No
1531,EQB,Luxury,2022,96967,29172,Electric,Automatic,0,535,Silver,SUV,Asia Pacific,3,Good,Yes
1532,GLS,Night Edition,2014,99406,195844,Petrol,Manual,6.4,466,Gold,SUV,Asia Pacific,2,Good,Yes
1533,B-Class,Luxury,2024,43795,169708,Petrol,Automatic,4.9,168,Blue,Hatchback,Middle East,1,Excellent,Yes
1534,C-Class,Base,2017,76090,61180,Diesel,Automatic,5.3,432,Beige,Liftback,Middle East,3,New,Yes
1535,EQC,AMG Line,2011,90085,165582,Electric,Automatic,0,562,White,SUV,North America,3,Very Good,Yes
1536,GLE,Sport,2022,98943,103587,Petrol,Automatic,3.2,421,White,SUV,Asia Pacific,2,Excellent,Yes
1537,B-Class,AMG Line,2022,59759,97384,Plug-in Hybrid,Manual,5.4,336,Blue,Wagon,Latin America,3,Good,Yes
1538,GLC,Avantgarde,2010,75999,77444,Plug-in Hybrid,Manual,5.9,427,Black,Convertible,Europe,4,Very Good,No
1539,EQB,Premium Plus,2017,75918,156126,Electric,Automatic,0,331,Silver,SUV,Asia Pacific,4,Good,No
1540,GLC,Sport,2025,82676,56888,Hybrid,Automatic,6,245,Gray,Roadster,Middle East,2,Like New,No
1541,E-Class,Luxury,2023,104584,109200,Hybrid,Manual,6.9,613,Beige,Wagon,Europe,1,Like New,Yes
1542,EQA,Premium Plus,2018,84348,137235,Electric,Automatic,0,536,White,Sedan,Europe,2,Very Good,No
1543,S-Class,Premium Plus,2009,117361,104377,Petrol,Automatic,6,380,Silver,SUV,Asia Pacific,2,New,Yes
1544,A-Class,Base,2025,41450,111668,Petrol,Manual,1.6,300,Brown,Roadster,Europe,3,Fair,Yes
1545,GLC,Premium Plus,2013,37049,118950,Diesel,Automatic,6.3,142,White,Convertible,Europe,2,Fair,Yes
1546,GLE,Sport,2014,106552,128540,Plug-in Hybrid,Manual,3.1,464,Silver,SUV,Europe,2,New,No
1547,GLC,Exclusive,2010,62195,77210,Plug-in Hybrid,Manual,5,238,Gold,Convertible,North America,1,Good,Yes
1548,AMG GT,Exclusive,2019,142761,186441,Plug-in Hybrid,Automatic,5.5,359,Gold,Coupe,Europe,4,Good,Yes
1549,A-Class,AMG Line,2014,49651,74698,Hybrid,Automatic,2.6,259,Green,SUV,North America,3,Excellent,Yes
1550,GLA,Avantgarde,2016,61181,107516,Plug-in Hybrid,Manual,4.6,288,Gray,Coupe,Africa,4,Excellent,Yes
1551,EQC,AMG Line,2023,94829,92468,Electric,Automatic,0,394,Silver,Sedan,Middle East,2,Good,Yes
1552,B-Class,AMG Line,2012,58482,69135,Petrol,Manual,3.3,508,Black,Sedan,Africa,4,Very Good,Yes
1553,A-Class,Luxury,2020,39780,136958,Hybrid,Automatic,3.8,290,Brown,Roadster,Europe,3,Fair,Yes
1554,EQC,Sport,2019,97523,156012,Electric,Automatic,0,332,Black,SUV,Latin America,2,New,Yes
1555,GLA,Exclusive,2016,57482,194988,Hybrid,Manual,5.2,446,Black,Hatchback,Latin America,4,Good,Yes
1556,EQA,AMG Line,2020,97933,119578,Electric,Automatic,0,466,White,SUV,Middle East,3,New,Yes
1557,CLA,Sport,2017,76041,197712,Plug-in Hybrid,Manual,6.2,444,Gray,Coupe,Africa,4,New,Yes
1558,A-Class,Base,2011,30765,85159,Plug-in Hybrid,Manual,4.3,184,Gray,Sedan,Middle East,1,Fair,No
1559,EQA,Premium Plus,2017,77562,99368,Electric,Automatic,0,388,White,SUV,Africa,1,Good,Yes
1560,GLA,Luxury,2008,73584,118625,Hybrid,Automatic,4.8,610,Blue,Hatchback,North America,3,Excellent,Yes
1561,EQB,Premium,2022,95919,117574,Electric,Automatic,0,397,Green,Sedan,Middle East,1,Like New,No
1562,EQA,AMG Line,2025,106360,62999,Electric,Automatic,0,547,Green,Sedan,North America,2,Like New,Yes
1563,B-Class,Avantgarde,2021,53199,101997,Hybrid,Automatic,2.6,335,Gray,Liftback,North America,4,Very Good,Yes
1564,CLA,Avantgarde,2020,68987,159252,Plug-in Hybrid,Automatic,5.4,289,Red,Coupe,Middle East,4,Like New,No
1565,B-Class,Avantgarde,2020,53844,175010,Diesel,Manual,5.5,505,Black,Convertible,Middle East,2,Very Good,No
1566,GLA,Exclusive,2013,46865,198787,Plug-in Hybrid,Automatic,1.3,283,Blue,Roadster,Africa,2,Good,No
1567,GLB,Premium,2020,56274,72356,Diesel,Automatic,5.3,447,White,Convertible,Middle East,1,Fair,Yes
1568,GLS,Night Edition,2020,121097,33003,Plug-in Hybrid,Manual,5.4,423,Gray,SUV,North America,1,Good,Yes
1569,A-Class,Avantgarde,2008,25727,114173,Petrol,Manual,4.4,160,Green,Sedan,Latin America,3,Good,No
1570,GLC,Avantgarde,2021,83634,172975,Plug-in Hybrid,Manual,5,521,Beige,Sedan,Africa,1,Very Good,Yes
1571,GLA,Exclusive,2022,66912,126465,Hybrid,Automatic,3.3,221,Gold,Wagon,Asia Pacific,3,New,No
1572,GLS,Night Edition,2009,94767,169562,Petrol,Manual,2.3,239,Silver,SUV,Asia Pacific,4,Excellent,No
1573,E-Class,AMG Line,2025,92124,119039,Plug-in Hybrid,Automatic,3.7,174,Red,Coupe,Africa,2,New,Yes
1574,CLA,Sport,2010,56148,176945,Diesel,Manual,2.6,492,White,Coupe,Europe,3,Like New,No
1575,GLE,AMG Line,2011,79413,210650,Hybrid,Manual,6.2,424,Silver,SUV,Africa,3,Very Good,Yes
1576,A-Class,AMG Line,2022,42742,26939,Hybrid,Automatic,1.4,210,Red,SUV,Africa,4,Fair,Yes
1577,EQC,Night Edition,2008,83632,92072,Electric,Automatic,0,392,Red,Sedan,Europe,1,Good,Yes
1578,AMG GT,Exclusive,2016,128544,209034,Diesel,Manual,4.7,475,Green,Coupe,Asia Pacific,4,Fair,No
1579,GLE,Base,2014,98948,54937,Hybrid,Manual,3.2,590,White,SUV,Latin America,4,Very Good,Yes
1580,S-Class,AMG Line,2012,100041,197287,Petrol,Manual,3.5,418,Blue,SUV,Europe,4,Good,No
1581,AMG GT,Base,2017,144173,114029,Diesel,Manual,6.1,450,Red,Coupe,Asia Pacific,2,Good,Yes
1582,EQA,Premium,2013,72045,161445,Electric,Automatic,0,371,Blue,Sedan,Middle East,3,Excellent,Yes
1583,AMG GT,Base,2015,150970,124405,Hybrid,Automatic,4.6,376,Gray,Coupe,Europe,3,Like New,Yes
1584,S-Class,Premium Plus,2017,103639,171130,Diesel,Manual,7,402,Beige,SUV,Latin America,1,Good,Yes
1585,GLA,Base,2014,56310,74290,Petrol,Automatic,5.9,237,Black,Coupe,Africa,3,Like New,No
1586,CLA,Avantgarde,2009,23499,111908,Diesel,Automatic,5.7,217,Silver,Coupe,North America,1,Fair,Yes
1587,E-Class,Sport,2008,63000,173113,Hybrid,Automatic,2,237,Gray,Sedan,Asia Pacific,4,Like New,No
1588,A-Class,Avantgarde,2018,46426,193876,Plug-in Hybrid,Automatic,4.1,321,Blue,Coupe,Latin America,4,Very Good,Yes
1589,B-Class,AMG Line,2024,52974,88857,Plug-in Hybrid,Manual,4.1,316,Beige,Coupe,Africa,3,Fair,No
1590,E-Class,Premium Plus,2014,83419,215645,Plug-in Hybrid,Automatic,2.4,288,Black,Roadster,Asia Pacific,1,New,Yes
1591,GLA,AMG Line,2019,47971,45105,Petrol,Automatic,1.7,322,Gold,Roadster,Europe,2,Fair,Yes
1592,B-Class,Avantgarde,2018,69055,46992,Diesel,Automatic,6.2,456,Blue,Coupe,Asia Pacific,4,Like New,No
1593,EQC,Base,2015,78473,161846,Electric,Automatic,0,279,White,Sedan,Asia Pacific,4,Very Good,Yes
1594,EQC,Base,2016,79814,60768,Electric,Automatic,0,307,Red,Sedan,Latin America,4,Fair,No
1595,CLA,Avantgarde,2016,55978,211090,Plug-in Hybrid,Automatic,5.5,378,Silver,Coupe,Europe,3,Very Good,Yes
1596,CLA,Avantgarde,2016,80167,103477,Plug-in Hybrid,Manual,2.5,547,Brown,Coupe,North America,4,Excellent,No
1597,GLE,Premium,2020,89264,46587,Hybrid,Manual,3,349,Beige,SUV,Asia Pacific,3,Good,Yes
1598,EQB,Exclusive,2010,75254,88946,Electric,Automatic,0,442,Black,SUV,Latin America,4,Fair,Yes
1599,GLB,Premium Plus,2022,96815,136526,Plug-in Hybrid,Manual,6.8,579,Red,Wagon,Latin America,4,New,Yes
1600,EQA,Exclusive,2023,90913,92356,Electric,Automatic,0,520,Gold,Sedan,Asia Pacific,4,Very Good,Yes
1601,C-Class,Luxury,2022,74522,30975,Petrol,Manual,2.6,502,Black,Hatchback,Europe,1,Good,Yes
1602,GLS,Night Edition,2015,94885,104178,Diesel,Automatic,3.5,120,White,SUV,Latin America,3,Excellent,No
1603,GLC,Luxury,2009,24313,209058,Diesel,Automatic,1.8,116,Blue,Coupe,Middle East,3,Fair,No
1604,CLA,Base,2012,71248,76846,Plug-in Hybrid,Manual,2.5,419,Beige,Coupe,Latin America,3,Like New,Yes
1605,GLB,Luxury,2014,67409,103908,Diesel,Manual,1.4,629,Brown,Hatchback,Asia Pacific,3,Good,Yes
1606,GLS,Avantgarde,2025,139459,167224,Plug-in Hybrid,Automatic,4.2,635,Silver,SUV,Middle East,2,Very Good,No
1607,E-Class,Premium,2018,108122,84155,Hybrid,Automatic,3.1,593,Black,SUV,Europe,2,New,Yes
1608,GLA,AMG Line,2012,74096,134613,Petrol,Automatic,7,565,Brown,Convertible,Latin America,2,New,No
1609,S-Class,Night Edition,2020,107938,58722,Hybrid,Automatic,2.1,318,Silver,SUV,Middle East,2,Fair,Yes
1610,GLC,Exclusive,2021,103243,97493,Hybrid,Automatic,5.6,586,Brown,Hatchback,Middle East,2,New,Yes
1611,CLA,Premium,2014,77089,151159,Plug-in Hybrid,Manual,4.4,467,Beige,Coupe,Europe,2,New,No
1612,E-Class,Night Edition,2010,78501,102684,Petrol,Manual,4.4,411,Beige,Coupe,Asia Pacific,3,Like New,No
1613,EQC,Sport,2022,92866,87790,Electric,Automatic,0,429,Silver,Sedan,Middle East,1,Good,Yes
1614,AMG GT,Premium Plus,2010,157634,114179,Plug-in Hybrid,Automatic,3.9,469,Blue,Coupe,Middle East,1,Excellent,Yes
1615,EQB,Sport,2009,67802,75791,Electric,Automatic,0,244,Blue,SUV,Europe,1,Good,No
1616,GLS,Night Edition,2015,90200,155620,Diesel,Manual,5.7,225,Green,SUV,Africa,4,Good,Yes
1617,B-Class,Avantgarde,2010,33470,211649,Diesel,Manual,3.6,491,White,Coupe,Asia Pacific,4,Fair,Yes
1618,GLE,Premium,2022,82655,178764,Plug-in Hybrid,Automatic,5.4,236,Silver,SUV,Latin America,3,Good,Yes
1619,EQC,Premium,2010,78497,138736,Electric,Automatic,0,202,Black,SUV,Africa,1,Excellent,No
1620,S-Class,Base,2017,128594,153866,Hybrid,Automatic,4.9,554,Green,SUV,North America,2,Like New,Yes
1621,CLA,Sport,2014,57731,68468,Plug-in Hybrid,Manual,5.4,390,Green,Coupe,Europe,2,Good,Yes
1622,EQA,Premium Plus,2011,61394,223644,Electric,Automatic,0,209,Black,SUV,North America,3,Like New,Yes
1623,A-Class,Exclusive,2020,62236,115077,Plug-in Hybrid,Manual,4.8,454,Blue,Sedan,Africa,3,Very Good,No
1624,AMG GT,AMG Line,2010,140809,206765,Diesel,Manual,4.2,606,Red,Coupe,Europe,1,Very Good,Yes
1625,GLS,AMG Line,2012,129943,68902,Hybrid,Manual,3.2,553,Gold,SUV,Middle East,3,Like New,Yes
1626,CLA,Sport,2009,34714,235377,Diesel,Manual,3.5,353,Red,Coupe,Asia Pacific,2,Very Good,Yes
1627,C-Class,AMG Line,2009,59767,224234,Petrol,Manual,2.8,342,Gold,SUV,Africa,2,New,Yes
1628,GLB,Base,2008,53868,187701,Petrol,Manual,2.1,493,Green,Convertible,Europe,4,Good,Yes
1629,GLB,Sport,2009,39128,216508,Hybrid,Manual,6,216,Black,Liftback,Asia Pacific,2,Very Good,No
1630,GLE,Sport,2015,97462,127025,Petrol,Automatic,4.5,606,Gray,SUV,North America,4,Excellent,Yes
1631,GLA,Premium Plus,2021,45994,119907,Diesel,Manual,5.6,118,Beige,Convertible,Europe,1,Like New,Yes
1632,GLC,Premium,2009,73286,81336,Petrol,Manual,3.3,494,Red,Hatchback,Africa,4,Very Good,Yes
1633,C-Class,Luxury,2011,41429,173197,Plug-in Hybrid,Manual,4.4,131,Silver,Liftback,Africa,1,Very Good,Yes
1634,C-Class,Sport,2021,73046,160403,Plug-in Hybrid,Automatic,1.6,215,Gold,SUV,North America,3,New,No
1635,GLC,Premium,2011,56709,59472,Petrol,Manual,4.7,145,Green,Hatchback,North America,4,Like New,Yes
1636,S-Class,Sport,2010,89576,102024,Diesel,Manual,2.6,207,Gold,SUV,Latin America,3,Very Good,Yes
1637,C-Class,Premium Plus,2020,85184,126001,Diesel,Manual,5.2,575,Green,Liftback,Europe,1,New,Yes
1638,B-Class,Premium,2015,62531,117559,Petrol,Manual,2.2,515,Red,Wagon,Middle East,4,Excellent,No
1639,S-Class,Premium,2022,104227,182286,Plug-in Hybrid,Manual,1.9,280,Black,SUV,Asia Pacific,3,Good,Yes
1640,A-Class,Base,2018,32660,128487,Hybrid,Automatic,3.2,268,Gold,Convertible,Middle East,4,Fair,Yes
1641,GLE,Premium Plus,2011,84608,82137,Diesel,Manual,5.5,400,Silver,SUV,North America,3,Excellent,Yes
1642,AMG GT,Premium,2009,114944,176723,Petrol,Manual,3.5,200,Gold,Coupe,Middle East,3,Good,Yes
1643,EQA,Sport,2016,84812,81815,Electric,Automatic,0,289,Green,Sedan,Middle East,1,New,Yes
1644,S-Class,Premium Plus,2012,109055,194892,Plug-in Hybrid,Manual,5.8,437,Silver,SUV,Latin America,2,Very Good,Yes
1645,GLS,Exclusive,2023,118796,98752,Petrol,Manual,5.9,401,Beige,SUV,Asia Pacific,2,Very Good,No
1646,GLE,Luxury,2009,81536,178409,Plug-in Hybrid,Manual,4,545,Brown,SUV,Middle East,4,Fair,Yes
1647,GLS,Premium,2010,119022,173186,Petrol,Manual,4.3,450,Gray,SUV,Latin America,4,New,No
1648,EQA,Luxury,2017,79759,64060,Electric,Automatic,0,539,Beige,SUV,Europe,3,Fair,No
1649,GLS,Luxury,2016,97102,199295,Hybrid,Manual,2.3,340,Green,SUV,Asia Pacific,1,Fair,No
1650,GLA,Base,2019,86252,50227,Diesel,Manual,5.6,581,Beige,Hatchback,Latin America,2,New,Yes
1651,EQC,Avantgarde,2025,88727,153452,Electric,Automatic,0,278,Blue,SUV,Middle East,1,Very Good,No
1652,EQC,Luxury,2022,96255,124696,Electric,Automatic,0,438,White,SUV,North America,2,Good,Yes
1653,GLE,Night Edition,2025,78593,182965,Diesel,Automatic,6.2,136,Silver,SUV,Africa,1,Like New,Yes
1654,EQA,Night Edition,2022,78904,166197,Electric,Automatic,0,533,Black,Sedan,Africa,3,Fair,Yes
1655,GLC,Avantgarde,2025,54253,100680,Diesel,Manual,2.4,227,Brown,Liftback,Latin America,1,Fair,Yes
1656,GLA,AMG Line,2024,47336,184617,Plug-in Hybrid,Automatic,5.1,133,Beige,Coupe,Middle East,1,Very Good,Yes
1657,C-Class,Base,2024,63810,172805,Plug-in Hybrid,Automatic,5.5,431,Gold,Wagon,Asia Pacific,4,Fair,No
1658,C-Class,Base,2020,69404,76544,Hybrid,Manual,6.4,212,Black,Coupe,Africa,2,New,Yes
1659,CLA,Premium Plus,2014,67226,80508,Plug-in Hybrid,Automatic,5.4,553,Gray,Coupe,Asia Pacific,4,Good,No
1660,EQA,AMG Line,2016,85030,159042,Electric,Automatic,0,334,Brown,Sedan,Europe,4,New,No
1661,C-Class,Night Edition,2022,70215,96029,Petrol,Manual,3,411,Gray,Hatchback,Europe,3,Excellent,Yes
1662,E-Class,Sport,2017,82463,70753,Hybrid,Manual,2.9,569,Silver,Coupe,Latin America,4,Fair,Yes
1663,GLB,Base,2016,86005,88798,Plug-in Hybrid,Automatic,3.3,413,Red,Liftback,Middle East,4,New,No
1664,B-Class,Premium,2011,47771,206645,Plug-in Hybrid,Manual,1.6,142,Blue,Liftback,Africa,2,New,Yes
1665,EQB,Base,2008,70948,80221,Electric,Automatic,0,442,White,SUV,Middle East,4,Fair,Yes
1666,EQC,Base,2022,114256,77833,Electric,Automatic,0,519,Beige,Sedan,Europe,4,Like New,No
1667,GLB,Sport,2008,77525,136960,Petrol,Manual,2.1,572,Gray,Convertible,Africa,2,New,Yes
1668,EQC,AMG Line,2018,100404,164246,Electric,Automatic,0,446,Brown,Sedan,Europe,3,Excellent,Yes
1669,GLS,Premium Plus,2019,115385,45380,Hybrid,Automatic,4.6,433,Beige,SUV,Latin America,3,Fair,Yes
1670,A-Class,Premium Plus,2022,49494,142179,Plug-in Hybrid,Manual,2.2,276,Beige,SUV,Middle East,3,Very Good,Yes
1671,S-Class,Base,2010,110400,131222,Hybrid,Manual,4.2,229,Brown,SUV,Middle East,3,New,Yes
1672,GLA,Night Edition,2023,52853,174939,Diesel,Manual,6.1,257,Gray,Convertible,Asia Pacific,2,Like New,No
1673,GLA,Avantgarde,2021,66657,143141,Hybrid,Automatic,3.1,267,Brown,Wagon,Middle East,1,Like New,Yes
1674,GLA,Sport,2011,43830,150565,Plug-in Hybrid,Manual,4.2,147,Gold,Roadster,Latin America,1,Excellent,Yes
1675,GLC,AMG Line,2011,46655,84537,Hybrid,Manual,5.3,212,Green,Convertible,Asia Pacific,4,Fair,Yes
1676,EQC,Exclusive,2009,73102,112631,Electric,Automatic,0,351,Red,SUV,Europe,4,Fair,Yes
1677,GLS,Exclusive,2014,114541,89760,Hybrid,Automatic,2.8,477,Blue,SUV,North America,2,Good,No
1678,S-Class,Sport,2019,118743,184696,Diesel,Automatic,6.1,530,Black,SUV,Middle East,4,Excellent,Yes
1679,GLS,Exclusive,2021,95023,191967,Petrol,Manual,2,289,Gray,SUV,North America,3,Fair,No
1680,GLB,Premium Plus,2010,51756,230006,Plug-in Hybrid,Automatic,6.2,285,Gold,Hatchback,Africa,4,Very Good,No
1681,GLB,Sport,2011,61175,112050,Hybrid,Automatic,4.5,259,White,Liftback,Africa,3,New,Yes
1682,GLE,Exclusive,2024,77441,165945,Diesel,Manual,5.6,317,Black,SUV,Africa,4,Very Good,Yes
1683,C-Class,Night Edition,2025,72978,42409,Diesel,Manual,1.8,478,Beige,Coupe,North America,4,Good,No
1684,E-Class,Night Edition,2009,73878,189475,Diesel,Automatic,3.5,618,Red,Liftback,Asia Pacific,2,Very Good,Yes
1685,EQC,Avantgarde,2015,85342,99846,Electric,Automatic,0,325,Silver,Sedan,Latin America,2,Very Good,Yes
1686,GLS,Avantgarde,2024,136006,47977,Hybrid,Manual,4.1,339,Silver,SUV,Latin America,2,New,No
1687,CLA,Base,2019,51369,40100,Hybrid,Automatic,4.3,222,Brown,Coupe,Latin America,4,Good,Yes
1688,GLC,Premium,2016,49986,200047,Petrol,Manual,2.3,136,White,SUV,North America,3,Excellent,Yes
1689,GLB,Base,2020,70526,31320,Diesel,Manual,5,387,Blue,Liftback,Middle East,1,Like New,Yes
1690,GLC,Sport,2011,60940,213481,Plug-in Hybrid,Manual,2.4,452,Silver,Wagon,Africa,4,Fair,No
1691,AMG GT,Avantgarde,2015,152335,188955,Petrol,Manual,6.7,464,Gold,Coupe,Latin America,3,Like New,Yes
1692,EQC,Premium,2013,89839,176576,Electric,Automatic,0,538,Brown,SUV,Europe,3,Good,No
1693,EQB,Base,2011,86738,124007,Electric,Automatic,0,458,Red,SUV,Africa,1,Excellent,Yes
1694,E-Class,AMG Line,2019,70616,71103,Plug-in Hybrid,Manual,5.9,116,Blue,Coupe,Latin America,3,Excellent,Yes
1695,GLA,Luxury,2010,73026,67750,Petrol,Manual,6.6,577,Gray,Sedan,Middle East,4,Excellent,Yes
1696,E-Class,Avantgarde,2023,79690,128129,Hybrid,Automatic,3.7,504,Gray,Wagon,Asia Pacific,2,Fair,Yes
1697,AMG GT,Night Edition,2013,162671,154062,Plug-in Hybrid,Automatic,3.2,532,Brown,Coupe,Middle East,3,Excellent,Yes
1698,EQC,Exclusive,2017,83013,106292,Electric,Automatic,0,298,Gray,Sedan,Africa,3,Very Good,No
1699,CLA,Exclusive,2011,41216,187565,Petrol,Automatic,4.6,364,Gray,Coupe,Latin America,1,Good,Yes
1700,EQA,AMG Line,2016,79120,54762,Electric,Automatic,0,296,Beige,SUV,Middle East,3,Excellent,Yes
1701,GLA,Base,2023,73290,59155,Hybrid,Automatic,5.7,559,Gray,SUV,Middle East,3,Fair,Yes
1702,E-Class,Avantgarde,2020,87250,175925,Plug-in Hybrid,Automatic,3.3,221,Brown,Sedan,North America,4,New,Yes
1703,GLC,Night Edition,2023,100902,122655,Plug-in Hybrid,Manual,3.6,422,Gold,SUV,Africa,3,New,Yes
1704,AMG GT,Night Edition,2020,162977,98995,Petrol,Manual,1.7,436,Green,Coupe,Latin America,3,New,No
1705,GLS,Exclusive,2009,97498,238420,Petrol,Automatic,6.4,534,Brown,SUV,Asia Pacific,3,Good,No
1706,GLS,AMG Line,2015,98239,140014,Diesel,Automatic,2.8,229,Red,SUV,Europe,3,Like New,Yes
1707,GLS,Avantgarde,2021,133909,147551,Plug-in Hybrid,Automatic,6.4,489,Beige,SUV,Asia Pacific,3,Excellent,Yes
1708,EQC,Avantgarde,2009,82322,162143,Electric,Automatic,0,596,Gray,SUV,Middle East,4,Fair,No
1709,EQC,Premium,2010,85458,126027,Electric,Automatic,0,548,Brown,Sedan,Asia Pacific,4,Fair,No
1710,GLS,Premium,2012,115138,227808,Plug-in Hybrid,Manual,5.9,522,Green,SUV,North America,2,Good,No
1711,GLA,Premium Plus,2011,42590,201127,Petrol,Automatic,5.9,236,Gold,Coupe,Europe,3,Excellent,No
1712,A-Class,Sport,2013,71933,112187,Diesel,Automatic,5.3,593,Blue,Liftback,Asia Pacific,2,New,Yes
1713,C-Class,Base,2022,70479,91512,Diesel,Manual,2.7,454,Beige,Coupe,Europe,2,Excellent,Yes
1714,GLS,Premium,2024,149026,10789,Hybrid,Automatic,1.3,509,Silver,SUV,Africa,1,New,No
1715,GLE,Premium Plus,2021,82263,74448,Hybrid,Automatic,4.3,251,Green,SUV,Middle East,3,Good,Yes
1716,EQA,Avantgarde,2008,66006,240541,Electric,Automatic,0,395,Beige,SUV,Asia Pacific,4,Excellent,Yes
1717,C-Class,AMG Line,2019,44030,84367,Petrol,Automatic,4.4,115,Red,SUV,Latin America,3,Good,Yes
1718,GLA,Night Edition,2014,82365,137641,Petrol,Automatic,6.2,587,Silver,Wagon,Latin America,1,New,Yes
1719,EQA,Avantgarde,2016,70236,70999,Electric,Automatic,0,293,Black,Sedan,North America,2,Very Good,Yes
1720,GLE,Base,2020,115495,107834,Diesel,Automatic,4.5,611,Green,SUV,Asia Pacific,2,New,No
1721,GLA,Night Edition,2012,66844,224565,Diesel,Automatic,2.4,584,Green,Convertible,Asia Pacific,1,Like New,Yes
1722,S-Class,Sport,2016,104710,66502,Hybrid,Manual,5.7,212,Gray,SUV,Europe,4,Very Good,Yes
1723,GLB,Avantgarde,2023,59856,100925,Petrol,Manual,2.3,314,White,Roadster,Middle East,3,Very Good,Yes
1724,GLA,Night Edition,2021,58419,176598,Petrol,Automatic,4.7,336,Green,Wagon,Asia Pacific,1,Like New,Yes
1725,GLS,AMG Line,2024,107843,81493,Diesel,Automatic,2.5,124,Green,SUV,North America,4,Like New,No
1726,GLE,Premium Plus,2013,106167,152641,Plug-in Hybrid,Automatic,2.6,622,Red,SUV,North America,2,Excellent,No
1727,S-Class,Avantgarde,2011,82071,102251,Diesel,Automatic,6.7,213,Silver,SUV,Europe,1,Fair,Yes
1728,GLA,Base,2009,80136,164623,Plug-in Hybrid,Manual,4.4,493,Brown,Roadster,Latin America,4,New,Yes
1729,GLE,Exclusive,2012,88364,161838,Plug-in Hybrid,Manual,2,471,Blue,SUV,Africa,3,Good,No
1730,S-Class,Luxury,2018,99986,203601,Hybrid,Manual,3.1,195,Brown,SUV,Latin America,2,Excellent,Yes
1731,B-Class,Premium,2025,60095,105042,Petrol,Automatic,5,420,Gray,Hatchback,Europe,2,Very Good,Yes
1732,EQC,Premium,2025,109586,58288,Electric,Automatic,0,369,White,SUV,Europe,1,Like New,Yes
1733,GLB,Sport,2023,51560,170302,Petrol,Manual,4.5,221,Gray,Liftback,Europe,3,Very Good,Yes
1734,C-Class,Base,2017,60633,129430,Diesel,Manual,4.3,538,Beige,Liftback,North America,2,Good,Yes
1735,GLA,AMG Line,2025,84185,109400,Plug-in Hybrid,Manual,5.3,294,Silver,Wagon,North America,3,New,Yes
1736,S-Class,Base,2018,101201,164595,Petrol,Automatic,7,491,Black,SUV,Middle East,3,Fair,Yes
1737,GLS,Base,2019,118923,150649,Plug-in Hybrid,Automatic,3.5,453,Gray,SUV,Middle East,2,Very Good,Yes
1738,GLB,Premium Plus,2011,46260,171720,Diesel,Automatic,3,272,Red,Liftback,Middle East,4,Like New,No
1739,EQA,Avantgarde,2014,91501,158891,Electric,Automatic,0,461,Black,Sedan,Europe,1,New,No
1740,GLS,Exclusive,2009,99537,211583,Hybrid,Manual,5.9,234,White,SUV,North America,2,Like New,No
1741,GLA,Night Edition,2014,67242,208097,Hybrid,Manual,4.7,488,Red,Wagon,Latin America,3,Like New,Yes
1742,GLE,Avantgarde,2014,76463,74651,Diesel,Manual,6.3,223,Gray,SUV,Asia Pacific,1,Excellent,Yes
1743,GLB,Avantgarde,2012,51143,144917,Plug-in Hybrid,Automatic,5.1,193,Brown,Hatchback,North America,2,Very Good,Yes
1744,S-Class,Night Edition,2008,107572,107706,Plug-in Hybrid,Manual,3.3,453,Red,SUV,Asia Pacific,3,Fair,Yes
1745,AMG GT,Avantgarde,2009,147788,143237,Plug-in Hybrid,Automatic,2.4,269,Gold,Coupe,Europe,4,Like New,No
1746,GLS,Luxury,2022,112102,134525,Petrol,Automatic,2.1,321,White,SUV,North America,2,Excellent,Yes
1747,S-Class,Luxury,2025,133723,122323,Plug-in Hybrid,Manual,3.7,346,Red,SUV,Middle East,1,Like New,No
1748,GLB,Avantgarde,2024,92823,108881,Hybrid,Manual,1.8,564,Gray,SUV,Latin America,2,Like New,No
1749,GLS,Sport,2021,131910,39470,Hybrid,Automatic,3.6,601,Silver,SUV,Asia Pacific,2,Good,No
1750,GLC,Exclusive,2020,55666,175882,Petrol,Automatic,4.2,113,Black,Liftback,Europe,3,Excellent,Yes
1751,E-Class,Night Edition,2008,53537,75186,Hybrid,Automatic,4,291,Silver,Convertible,Europe,4,Fair,No
1752,GLB,Luxury,2020,66873,109369,Diesel,Manual,2.5,433,Blue,Roadster,Africa,3,Excellent,No
1753,C-Class,Luxury,2015,73219,82845,Diesel,Automatic,4,462,Gold,Roadster,Middle East,2,New,Yes
1754,EQB,Sport,2013,75969,205709,Electric,Automatic,0,574,Red,SUV,Africa,3,Fair,Yes
1755,CLA,Premium Plus,2024,74910,80867,Diesel,Automatic,6.8,496,Gray,Coupe,Latin America,3,Like New,No
1756,CLA,Base,2016,64518,39320,Plug-in Hybrid,Automatic,2.7,353,Red,Coupe,Africa,3,Very Good,Yes
1757,S-Class,Base,2019,125877,96244,Plug-in Hybrid,Automatic,5.8,550,Gray,SUV,Africa,3,Good,Yes
1758,EQC,Avantgarde,2024,97017,96400,Electric,Automatic,0,410,Gold,Sedan,Latin America,4,Very Good,No
1759,E-Class,Sport,2009,83738,89483,Hybrid,Automatic,4,340,Black,SUV,Africa,1,New,Yes
1760,GLC,AMG Line,2023,78905,47759,Plug-in Hybrid,Manual,4.2,320,Gold,Liftback,North America,2,Good,Yes
1761,EQB,Sport,2015,88842,155316,Electric,Automatic,0,556,Blue,Sedan,Middle East,3,Good,No
1762,EQB,Luxury,2010,65044,113323,Electric,Automatic,0,410,Red,Sedan,Middle East,4,Fair,Yes
1763,E-Class,Avantgarde,2015,59493,159453,Diesel,Automatic,3.8,376,Silver,Hatchback,Europe,2,Fair,No
1764,GLS,Night Edition,2020,99751,159686,Plug-in Hybrid,Manual,1.6,210,Gold,SUV,Latin America,2,Good,Yes
1765,EQC,Luxury,2015,77102,114060,Electric,Automatic,0,366,Gold,Sedan,Europe,2,Fair,No
1766,EQC,Exclusive,2022,95666,111893,Electric,Automatic,0,247,Beige,Sedan,Europe,3,Like New,No
1767,GLS,Premium,2011,125220,56769,Plug-in Hybrid,Automatic,6.1,290,Beige,SUV,North America,2,New,Yes
1768,AMG GT,Luxury,2008,136631,111151,Hybrid,Automatic,6.2,360,Silver,Coupe,North America,3,Very Good,Yes
1769,GLC,Exclusive,2022,58793,150209,Plug-in Hybrid,Manual,6.7,228,Red,Roadster,Middle East,3,Fair,Yes
1770,GLE,Luxury,2020,99688,142930,Diesel,Automatic,3.5,391,White,SUV,Latin America,3,New,Yes
1771,GLC,Premium Plus,2019,92181,59314,Diesel,Manual,4.4,519,Green,Roadster,Latin America,1,New,Yes
1772,GLC,Base,2008,46723,112858,Petrol,Manual,5,348,Brown,Liftback,Latin America,1,Fair,No
1773,GLB,Base,2017,79645,40577,Hybrid,Automatic,4.1,607,Red,Hatchback,North America,3,Good,No
1774,GLA,Premium,2021,32596,80002,Diesel,Automatic,4.2,119,Gray,Convertible,Europe,4,Fair,No
1775,GLE,Sport,2021,90437,116591,Hybrid,Automatic,3.5,523,Black,SUV,Asia Pacific,4,Fair,Yes
1776,GLC,Luxury,2019,84161,35643,Plug-in Hybrid,Automatic,3.7,359,Red,SUV,Asia Pacific,3,Excellent,No
1777,EQA,Avantgarde,2023,72588,37983,Electric,Automatic,0,258,Red,Sedan,Africa,2,Good,Yes
1778,AMG GT,Night Edition,2014,159521,195895,Plug-in Hybrid,Automatic,1.4,336,Beige,Coupe,Europe,1,New,Yes
1779,C-Class,Exclusive,2014,39054,194775,Hybrid,Manual,5.1,150,Gray,Convertible,Asia Pacific,3,Good,Yes
1780,GLC,Base,2009,57492,114347,Diesel,Manual,1.9,389,Black,Wagon,North America,4,Good,Yes
1781,E-Class,Premium,2012,62378,143791,Plug-in Hybrid,Manual,5.3,353,Red,Coupe,Latin America,1,Fair,No
1782,GLE,Night Edition,2020,68487,116410,Diesel,Automatic,6.2,121,Beige,SUV,Europe,1,Excellent,Yes
1783,AMG GT,Base,2021,144913,129835,Diesel,Manual,2.2,167,Gray,Coupe,Asia Pacific,2,New,Yes
1784,S-Class,Avantgarde,2020,89500,198160,Hybrid,Automatic,1.8,118,Gray,SUV,Latin America,3,Good,Yes
1785,AMG GT,AMG Line,2015,155069,211782,Petrol,Manual,5.3,609,Black,Coupe,North America,2,Excellent,Yes
1786,GLE,AMG Line,2024,84001,165165,Hybrid,Automatic,5.4,261,Black,SUV,Middle East,3,Very Good,Yes
1787,E-Class,Avantgarde,2009,78932,162185,Petrol,Automatic,5.6,603,Gray,Wagon,Africa,3,Very Good,Yes
1788,E-Class,Premium Plus,2016,100171,97540,Hybrid,Manual,5.1,466,Brown,Coupe,Middle East,1,New,Yes
1789,C-Class,Premium Plus,2016,73845,205128,Hybrid,Automatic,5.9,601,Silver,Coupe,Middle East,1,Excellent,Yes
1790,AMG GT,AMG Line,2014,127552,138463,Diesel,Manual,3.1,176,Gray,Coupe,Asia Pacific,2,Excellent,Yes
1791,EQC,Luxury,2023,85517,187612,Electric,Automatic,0,399,Blue,Sedan,Asia Pacific,2,Fair,Yes
1792,EQB,Premium,2025,90683,74531,Electric,Automatic,0,245,Blue,Sedan,Africa,2,Excellent,No
1793,GLB,Sport,2023,84831,101289,Petrol,Manual,5.7,627,Gold,Convertible,Europe,4,Excellent,Yes
1794,AMG GT,Premium,2016,127721,94738,Hybrid,Automatic,3.8,175,Red,Coupe,Africa,1,Good,No
1795,B-Class,Avantgarde,2010,56944,121777,Plug-in Hybrid,Automatic,4.9,306,Beige,Convertible,Latin America,2,Like New,Yes
1796,GLC,Exclusive,2009,62721,158173,Plug-in Hybrid,Manual,6.2,379,Black,Wagon,Latin America,4,Good,No
1797,EQA,Premium Plus,2015,59433,165220,Electric,Automatic,0,275,Silver,SUV,Middle East,1,Good,Yes
1798,B-Class,Avantgarde,2024,82695,12016,Diesel,Manual,2.5,511,Silver,Convertible,Middle East,2,New,Yes
1799,GLE,Premium Plus,2008,66060,145006,Diesel,Manual,1.5,334,Silver,SUV,Africa,2,Good,Yes
1800,E-Class,Night Edition,2010,78704,153548,Hybrid,Manual,4.8,502,Red,Wagon,Africa,2,Very Good,No
1801,E-Class,Premium Plus,2013,83718,155376,Plug-in Hybrid,Manual,3.5,614,Black,Hatchback,Latin America,3,Fair,No
1802,CLA,Premium,2015,37935,121091,Hybrid,Automatic,2.7,246,Beige,Coupe,North America,3,Fair,Yes
1803,EQC,Base,2020,94415,102397,Electric,Automatic,0,433,Red,Sedan,Middle East,3,Good,Yes
1804,S-Class,Avantgarde,2017,137463,208739,Hybrid,Automatic,4.2,629,Black,SUV,Middle East,4,New,Yes
1805,EQC,Exclusive,2015,83373,42627,Electric,Automatic,0,275,Beige,Sedan,Africa,4,Good,Yes
1806,C-Class,Premium,2009,46145,184299,Petrol,Manual,6.6,146,Red,Sedan,Africa,3,New,Yes
1807,EQA,Exclusive,2008,86257,116753,Electric,Automatic,0,369,Gray,Sedan,Europe,3,New,No
1808,CLA,Luxury,2015,61552,72311,Hybrid,Automatic,6.8,568,Brown,Coupe,Latin America,4,Fair,Yes
1809,B-Class,Premium,2024,75823,118382,Hybrid,Manual,5.3,572,Silver,Sedan,Asia Pacific,4,Excellent,Yes
1810,EQC,Night Edition,2015,99124,183748,Electric,Automatic,0,437,Brown,Sedan,North America,3,New,Yes
1811,GLE,Premium,2025,77007,175892,Petrol,Manual,6,274,Gray,SUV,Latin America,3,Very Good,Yes
1812,GLE,Sport,2024,118140,44875,Petrol,Manual,5.6,489,Brown,SUV,Africa,1,New,Yes
1813,A-Class,Luxury,2009,60940,155408,Plug-in Hybrid,Automatic,2.3,583,Gold,Sedan,Latin America,3,Very Good,No
1814,S-Class,Base,2021,127933,104197,Plug-in Hybrid,Manual,1.7,487,Gold,SUV,Europe,1,Very Good,No
1815,EQB,Sport,2013,68526,198361,Electric,Automatic,0,303,Gray,SUV,Africa,3,Good,No
1816,GLB,Base,2015,90154,124692,Plug-in Hybrid,Manual,2,479,Gold,Roadster,Latin America,2,New,Yes
1817,B-Class,Exclusive,2016,59896,151622,Hybrid,Manual,1.6,405,Beige,Hatchback,Asia Pacific,1,Excellent,Yes
1818,EQB,Luxury,2011,96207,211867,Electric,Automatic,0,603,Blue,Sedan,Europe,1,Like New,No
1819,EQB,Night Edition,2020,104809,164501,Electric,Automatic,0,594,Silver,Sedan,Latin America,3,Like New,No
1820,AMG GT,Luxury,2008,129669,218002,Petrol,Manual,1.7,213,Gray,Coupe,Middle East,4,Like New,No
1821,GLB,Base,2022,84623,51857,Diesel,Automatic,3.7,566,Beige,Coupe,Europe,4,Like New,Yes
1822,C-Class,Premium,2010,67315,160897,Hybrid,Manual,6.5,338,Red,Hatchback,Europe,2,New,No
1823,GLA,AMG Line,2016,46766,48858,Diesel,Manual,6.9,319,Brown,Coupe,Africa,2,Fair,No
1824,CLA,Premium,2011,48629,202435,Petrol,Automatic,2.2,560,Gray,Coupe,North America,4,Good,Yes
1825,EQC,Avantgarde,2009,87137,216896,Electric,Automatic,0,564,White,Sedan,Middle East,1,Very Good,No
1826,GLC,Night Edition,2020,80280,83077,Plug-in Hybrid,Automatic,3.8,523,Blue,Wagon,Middle East,1,Fair,Yes
1827,GLA,Luxury,2012,64874,144866,Petrol,Manual,3.9,511,Gray,SUV,Africa,2,Like New,Yes
1828,GLA,Night Edition,2021,55481,154428,Plug-in Hybrid,Automatic,3.4,122,Black,SUV,Europe,4,Like New,Yes
1829,GLE,Exclusive,2018,85162,128916,Petrol,Automatic,6.2,593,Gold,SUV,Europe,4,Fair,Yes
1830,S-Class,Luxury,2014,113886,51357,Hybrid,Automatic,2.8,471,Blue,SUV,Europe,3,Good,Yes
1831,CLA,AMG Line,2018,41646,145167,Diesel,Manual,4.3,133,Red,Coupe,Latin America,2,Excellent,No
1832,AMG GT,Sport,2011,138539,83890,Petrol,Automatic,5.3,319,Beige,Coupe,Asia Pacific,4,Very Good,Yes
1833,GLS,Sport,2020,129191,193886,Plug-in Hybrid,Manual,4.5,489,Green,SUV,Europe,1,Like New,Yes
1834,GLA,Base,2023,63595,146010,Plug-in Hybrid,Manual,5.7,332,Gold,SUV,Asia Pacific,1,Good,No
1835,GLS,Sport,2021,125766,158461,Hybrid,Automatic,3.3,425,Black,SUV,Europe,4,Like New,Yes
1836,C-Class,AMG Line,2025,77858,110370,Diesel,Automatic,1.3,608,Red,Liftback,Africa,2,Good,No
1837,EQC,Night Edition,2009,95172,167931,Electric,Automatic,0,436,Gold,Sedan,North America,1,New,Yes
1838,GLB,Premium Plus,2024,74282,172369,Petrol,Automatic,2.7,325,Silver,Liftback,North America,3,New,No
1839,A-Class,Sport,2014,16023,132886,Diesel,Manual,2.9,166,White,Roadster,North America,3,Fair,No
1840,GLA,Premium,2016,59160,187774,Plug-in Hybrid,Automatic,6.2,277,Beige,Coupe,Asia Pacific,4,Like New,No
1841,EQC,Premium Plus,2021,91005,177222,Electric,Automatic,0,277,Beige,Sedan,Europe,3,Like New,Yes
1842,AMG GT,Base,2016,159572,187687,Petrol,Automatic,2.8,440,Gray,Coupe,Europe,3,New,No
1843,B-Class,Base,2014,70662,130318,Diesel,Automatic,6.9,575,Gold,Sedan,North America,2,New,No
1844,EQC,Luxury,2017,84416,47015,Electric,Automatic,0,303,Silver,SUV,Africa,4,Good,No
1845,E-Class,Base,2014,65851,120399,Diesel,Automatic,2,188,Gold,Convertible,Latin America,1,Like New,Yes
1846,C-Class,Exclusive,2018,61746,172924,Petrol,Automatic,1.9,520,Silver,Coupe,Latin America,1,Very Good,No
1847,A-Class,Premium Plus,2012,52472,182132,Petrol,Manual,5,558,Brown,Liftback,North America,1,Very Good,Yes
1848,GLE,AMG Line,2025,90849,85749,Hybrid,Manual,5.7,135,Red,SUV,Africa,4,Like New,Yes
1849,E-Class,Avantgarde,2014,39326,192918,Petrol,Automatic,4.8,155,Brown,Hatchback,Latin America,4,Fair,Yes
1850,A-Class,Premium,2012,35972,109497,Petrol,Manual,3.3,236,Black,Liftback,Asia Pacific,3,Very Good,No
1851,E-Class,Sport,2025,68380,156324,Hybrid,Manual,6.9,171,White,SUV,Europe,2,Very Good,No
1852,EQC,Luxury,2008,75763,222898,Electric,Automatic,0,397,Silver,Sedan,Latin America,3,Good,Yes
1853,C-Class,Avantgarde,2014,68465,214433,Plug-in Hybrid,Automatic,4.9,585,Gray,Convertible,Latin America,4,Good,No
1854,B-Class,Luxury,2021,78190,183432,Plug-in Hybrid,Manual,5.1,548,Red,Hatchback,Europe,3,Like New,Yes
1855,GLA,Base,2014,47177,144407,Diesel,Manual,4.7,308,Gray,Roadster,Latin America,4,Very Good,Yes
1856,EQC,Avantgarde,2022,97910,188024,Electric,Automatic,0,548,Blue,Sedan,Asia Pacific,4,Good,Yes
1857,GLC,Night Edition,2011,65560,161734,Petrol,Manual,2.7,554,Gray,Sedan,Latin America,1,Good,Yes
1858,CLA,Exclusive,2024,59159,135185,Plug-in Hybrid,Automatic,6.3,231,Red,Coupe,Africa,1,Very Good,No
1859,B-Class,Luxury,2024,69745,10844,Diesel,Manual,2.3,593,White,Hatchback,North America,2,Good,No
1860,EQC,Sport,2012,86894,83607,Electric,Automatic,0,360,White,SUV,Middle East,3,Very Good,Yes
1861,GLB,Premium Plus,2016,73073,169289,Petrol,Manual,5.5,559,Gray,Liftback,North America,4,Like New,Yes
1862,GLB,Avantgarde,2013,52414,196025,Diesel,Manual,4.4,238,Green,Roadster,Europe,4,New,Yes
1863,EQC,Premium,2009,86526,157788,Electric,Automatic,0,418,Blue,Sedan,North America,1,Excellent,No
1864,CLA,Night Edition,2008,28304,207777,Petrol,Automatic,2.4,119,Beige,Coupe,Africa,3,Excellent,Yes
1865,B-Class,Avantgarde,2020,52562,73276,Petrol,Automatic,4.2,240,Green,Coupe,North America,2,Like New,Yes
1866,B-Class,Sport,2020,35032,164093,Diesel,Manual,2.5,244,Gold,Convertible,Asia Pacific,3,Good,No
1867,EQA,Avantgarde,2019,77302,163972,Electric,Automatic,0,289,Silver,Sedan,North America,1,Excellent,No
1868,GLB,Night Edition,2016,49269,109209,Diesel,Manual,2.8,473,Gray,Convertible,Africa,1,Fair,Yes
1869,GLA,Premium,2017,43266,81453,Hybrid,Manual,3.9,190,Brown,Convertible,Latin America,2,Fair,No
1870,GLE,Premium Plus,2010,76035,187555,Diesel,Manual,5.9,298,Green,SUV,Latin America,3,Like New,Yes
1871,B-Class,Avantgarde,2023,70210,28940,Petrol,Manual,4.1,568,Gray,Liftback,Europe,2,Good,Yes
1872,A-Class,AMG Line,2011,55389,142621,Plug-in Hybrid,Automatic,3.1,211,Silver,Coupe,North America,3,New,Yes
1873,EQC,Luxury,2012,94804,149000,Electric,Automatic,0,518,Gray,Sedan,Africa,1,Excellent,Yes
1874,AMG GT,Premium,2015,137035,159317,Diesel,Automatic,6.4,247,Red,Coupe,Africa,2,Like New,No
1875,EQA,Premium Plus,2009,73166,187387,Electric,Automatic,0,344,Gray,Sedan,Asia Pacific,1,Like New,Yes
1876,E-Class,Night Edition,2019,77183,50606,Hybrid,Automatic,2.2,464,White,Wagon,Europe,4,Fair,Yes
1877,A-Class,Premium,2017,67655,145532,Diesel,Automatic,6.4,505,Gold,Liftback,North America,4,New,Yes
1878,GLS,Sport,2013,79021,146372,Diesel,Automatic,5,161,Gold,SUV,Middle East,3,Good,Yes
1879,EQB,Night Edition,2016,79717,62957,Electric,Automatic,0,282,Brown,Sedan,North America,1,Very Good,Yes
1880,EQB,Luxury,2009,77723,188699,Electric,Automatic,0,338,Black,Sedan,Africa,1,Like New,No
1881,EQA,Base,2014,54503,114559,Electric,Automatic,0,229,Beige,SUV,Africa,3,Fair,Yes
1882,GLA,Exclusive,2024,76333,139150,Petrol,Automatic,3.1,554,White,SUV,North America,2,Excellent,Yes
1883,C-Class,AMG Line,2025,43452,156764,Plug-in Hybrid,Manual,2.9,123,White,Convertible,Latin America,1,Fair,Yes
1884,CLA,Sport,2025,46879,122867,Diesel,Manual,3.6,356,Beige,Coupe,Latin America,3,Fair,Yes
1885,GLS,Premium Plus,2014,124677,148602,Hybrid,Manual,3.1,377,White,SUV,Asia Pacific,4,New,Yes
1886,EQA,Luxury,2025,110374,47866,Electric,Automatic,0,473,Beige,Sedan,Middle East,2,New,Yes
1887,AMG GT,Night Edition,2008,151935,96347,Petrol,Manual,6.4,557,White,Coupe,Africa,2,Excellent,Yes
1888,EQA,Luxury,2023,94290,17214,Electric,Automatic,0,462,Green,SUV,North America,2,Very Good,Yes
1889,GLC,Avantgarde,2013,91760,78418,Plug-in Hybrid,Manual,6.8,605,Gold,Liftback,Africa,3,Very Good,Yes
1890,S-Class,Premium,2018,118766,205940,Petrol,Automatic,5.3,526,White,SUV,Middle East,3,Like New,Yes
1891,E-Class,Avantgarde,2023,68789,98380,Diesel,Manual,4.3,202,Red,Coupe,North America,4,Excellent,No
1892,CLA,Base,2010,77572,231288,Plug-in Hybrid,Automatic,6.7,630,Blue,Coupe,Africa,3,New,Yes
1893,GLC,Base,2017,72516,139365,Plug-in Hybrid,Automatic,4.8,302,Gray,Wagon,Latin America,3,Excellent,No
1894,B-Class,Sport,2008,52771,94944,Diesel,Manual,4.7,382,Brown,Liftback,Europe,3,Like New,No
1895,EQA,Exclusive,2013,79139,129110,Electric,Automatic,0,385,Gold,SUV,Africa,3,Excellent,No
1896,GLE,Night Edition,2013,95564,191454,Hybrid,Manual,6.2,637,White,SUV,Africa,3,Good,Yes
1897,GLA,Sport,2013,64619,68760,Diesel,Manual,4.3,400,Green,Hatchback,Latin America,4,Like New,No
1898,CLA,Night Edition,2013,39332,138663,Petrol,Manual,6.5,205,Brown,Coupe,Europe,1,Excellent,Yes
1899,GLA,Premium Plus,2014,46545,102966,Hybrid,Automatic,2.8,178,White,Sedan,North America,4,Excellent,Yes
1900,A-Class,AMG Line,2022,47481,49355,Petrol,Manual,3.5,334,Brown,SUV,Latin America,1,Fair,Yes
1901,GLC,Luxury,2009,48031,141545,Petrol,Automatic,6.7,185,Beige,Convertible,Asia Pacific,2,Very Good,No
1902,CLA,Luxury,2021,45565,38726,Diesel,Manual,6.8,176,Gold,Coupe,Europe,3,Very Good,Yes
1903,GLC,Premium,2018,89495,112323,Petrol,Manual,5.7,462,Green,Liftback,Middle East,2,New,Yes
1904,EQB,AMG Line,2010,86597,154977,Electric,Automatic,0,437,White,SUV,Middle East,3,Like New,Yes
1905,AMG GT,Premium Plus,2022,164589,101406,Diesel,Automatic,4.3,404,Gold,Coupe,Middle East,4,New,Yes
1906,GLC,Avantgarde,2021,90524,137421,Plug-in Hybrid,Automatic,4.6,496,Beige,SUV,Europe,2,Excellent,Yes
1907,AMG GT,Luxury,2010,149323,59541,Diesel,Automatic,2.5,573,Black,Coupe,Africa,1,Very Good,No
1908,EQC,Night Edition,2020,92820,130435,Electric,Automatic,0,191,Green,SUV,Asia Pacific,4,New,No
1909,C-Class,Luxury,2016,39032,212897,Hybrid,Manual,2.4,289,Green,Hatchback,Latin America,2,Fair,Yes
1910,S-Class,AMG Line,2018,117921,148135,Hybrid,Automatic,2.1,516,Beige,SUV,Middle East,4,Very Good,No
1911,EQB,Luxury,2018,102244,91571,Electric,Automatic,0,619,Gold,SUV,Middle East,2,Excellent,Yes
1912,EQA,Base,2025,119565,41448,Electric,Automatic,0,592,Blue,Sedan,Latin America,3,New,Yes
1913,A-Class,Base,2008,54586,73639,Plug-in Hybrid,Manual,5.7,550,Black,Hatchback,Africa,3,Fair,No
1914,GLS,Sport,2023,119419,141833,Petrol,Manual,3.9,289,White,SUV,Asia Pacific,4,New,Yes
1915,C-Class,Premium,2010,56552,127680,Plug-in Hybrid,Manual,6.8,281,Gray,Coupe,North America,2,Very Good,Yes
1916,GLC,Luxury,2013,85622,79698,Petrol,Manual,6.8,625,Gold,SUV,Latin America,1,Excellent,Yes
1917,CLA,Night Edition,2014,74650,121791,Hybrid,Automatic,3.6,488,Green,Coupe,Latin America,4,New,Yes
1918,CLA,Avantgarde,2018,44437,48045,Diesel,Automatic,6.4,162,Red,Coupe,Asia Pacific,4,Excellent,Yes
1919,A-Class,Premium Plus,2020,61323,50858,Plug-in Hybrid,Automatic,5.1,428,White,Sedan,Europe,3,Good,Yes
1920,GLA,Exclusive,2020,71194,24294,Hybrid,Automatic,4.2,365,Gray,Convertible,Europe,3,Excellent,Yes
1921,GLB,Base,2024,80047,54471,Hybrid,Automatic,5,504,Beige,SUV,Asia Pacific,4,Very Good,Yes
1922,EQB,AMG Line,2021,90452,178164,Electric,Automatic,0,418,Brown,SUV,Asia Pacific,3,Like New,Yes
1923,E-Class,Luxury,2016,83416,153550,Plug-in Hybrid,Automatic,2.3,427,Gray,Coupe,Latin America,4,Very Good,Yes
1924,EQC,Exclusive,2021,109005,171134,Electric,Automatic,0,452,Gray,SUV,Asia Pacific,3,New,No
1925,EQA,AMG Line,2018,95029,62040,Electric,Automatic,0,576,Gold,SUV,Europe,4,Excellent,Yes
1926,CLA,AMG Line,2020,42623,166333,Petrol,Automatic,2.8,193,Gold,Coupe,North America,4,Very Good,No
1927,B-Class,Premium,2010,28941,103379,Petrol,Manual,6.6,281,Red,Sedan,Europe,1,Fair,Yes
1928,GLB,Sport,2019,67807,108054,Plug-in Hybrid,Automatic,6.4,251,Beige,SUV,Europe,4,Like New,Yes
1929,A-Class,Premium,2011,21730,231361,Plug-in Hybrid,Manual,4.6,139,Beige,Roadster,North America,2,Fair,Yes
1930,EQB,Avantgarde,2020,93951,158262,Electric,Automatic,0,552,Brown,Sedan,Europe,3,Very Good,No
1931,EQA,Sport,2015,73152,150408,Electric,Automatic,0,219,Silver,Sedan,Europe,4,Like New,Yes
1932,GLC,Luxury,2014,58087,149600,Hybrid,Automatic,3.4,132,Blue,Coupe,Latin America,2,Excellent,Yes
1933,S-Class,Exclusive,2023,140119,12370,Plug-in Hybrid,Automatic,2.3,531,Gray,SUV,North America,3,Very Good,No
1934,EQC,AMG Line,2019,86001,201007,Electric,Automatic,0,264,Beige,SUV,North America,3,Like New,No
1935,CLA,Premium Plus,2015,43021,127203,Plug-in Hybrid,Manual,6.5,237,Blue,Coupe,Europe,2,Fair,Yes
1936,GLA,Base,2020,48322,189912,Petrol,Manual,4.6,140,Silver,Coupe,Latin America,4,Like New,Yes
1937,AMG GT,Exclusive,2021,167448,48104,Hybrid,Manual,4.6,314,White,Coupe,North America,4,New,Yes
1938,GLB,Premium Plus,2016,28951,128894,Diesel,Automatic,5.8,157,Red,Roadster,Latin America,3,Fair,Yes
1939,GLE,Base,2010,107282,167584,Hybrid,Automatic,1.9,602,Green,SUV,Africa,4,New,Yes
1940,A-Class,Luxury,2011,34733,133842,Hybrid,Manual,3.4,183,Silver,Convertible,Africa,3,Very Good,Yes
1941,GLE,Luxury,2025,87016,10923,Petrol,Automatic,5.9,245,Green,SUV,Middle East,3,Very Good,Yes
1942,GLC,Exclusive,2024,80022,90944,Petrol,Automatic,3.3,207,Gold,Sedan,Europe,4,New,Yes
1943,B-Class,Base,2011,57716,203417,Petrol,Automatic,6.7,533,Green,Coupe,Asia Pacific,1,Excellent,No
1944,A-Class,Avantgarde,2024,69376,172372,Hybrid,Manual,1.6,518,Gold,Hatchback,Latin America,3,Like New,No
1945,GLC,Avantgarde,2023,84291,125721,Diesel,Automatic,4.5,415,Gold,SUV,North America,2,New,Yes
1946,EQB,Premium,2020,92143,73169,Electric,Automatic,0,557,Blue,SUV,Middle East,2,Good,Yes
1947,GLA,Premium Plus,2014,74827,54454,Diesel,Manual,6.6,614,Green,Sedan,Middle East,4,Excellent,No
1948,CLA,Luxury,2009,52493,198928,Hybrid,Automatic,5.3,310,White,Coupe,Africa,3,Like New,Yes
1949,AMG GT,Premium,2011,131007,225273,Diesel,Automatic,6.7,233,Black,Coupe,Middle East,1,New,Yes
1950,GLB,Premium Plus,2016,40736,191049,Diesel,Automatic,4.4,266,Silver,Coupe,Latin America,4,Very Good,Yes
1951,GLA,Base,2009,31787,159520,Petrol,Manual,5.4,249,Beige,Hatchback,North America,3,Fair,Yes
1952,CLA,Avantgarde,2008,52282,165180,Plug-in Hybrid,Manual,2.1,387,White,Coupe,Europe,4,Very Good,Yes
1953,EQC,Premium,2013,101287,171263,Electric,Automatic,0,425,Gold,Sedan,Africa,2,New,Yes
1954,EQA,Avantgarde,2023,68602,155389,Electric,Automatic,0,291,Gold,SUV,Latin America,2,Good,No
1955,CLA,Premium,2013,66977,132029,Hybrid,Manual,4.4,594,Silver,Coupe,Asia Pacific,1,Good,No
1956,A-Class,AMG Line,2024,54190,23782,Diesel,Manual,3.1,473,Silver,Sedan,Europe,3,Fair,Yes
1957,EQA,AMG Line,2011,66722,148404,Electric,Automatic,0,345,White,Sedan,Latin America,1,Very Good,Yes
1958,A-Class,Sport,2021,44142,185513,Diesel,Manual,2.6,348,Red,Convertible,Africa,1,Excellent,Yes
1959,EQB,Exclusive,2023,82201,153369,Electric,Automatic,0,297,Gold,Sedan,North America,4,Excellent,Yes
1960,GLC,Exclusive,2008,41650,119741,Diesel,Manual,4.5,333,Red,Hatchback,Europe,4,Fair,No
1961,B-Class,Premium,2009,47817,183843,Hybrid,Automatic,5.4,540,Green,Convertible,Europe,4,Good,Yes
1962,EQB,Luxury,2015,92281,96664,Electric,Automatic,0,530,Gray,Sedan,Europe,1,Excellent,Yes
1963,GLC,Luxury,2015,53998,142824,Hybrid,Automatic,3.1,276,Silver,Liftback,Asia Pacific,2,Fair,Yes
1964,E-Class,Premium,2014,45824,116369,Diesel,Automatic,2.2,194,Green,Liftback,Europe,4,Fair,Yes
1965,E-Class,Exclusive,2012,57257,146170,Hybrid,Automatic,2.3,325,Gold,Roadster,Latin America,1,Fair,No
1966,A-Class,Night Edition,2024,92411,20391,Petrol,Automatic,6.4,637,Brown,Convertible,Europe,2,New,Yes
1967,GLB,Sport,2019,49424,184515,Hybrid,Automatic,1.9,367,Red,Sedan,Africa,4,Fair,Yes
1968,GLC,Premium Plus,2011,58361,184271,Plug-in Hybrid,Automatic,2.4,385,Blue,Hatchback,Europe,3,Fair,Yes
1969,B-Class,Avantgarde,2016,41860,171970,Diesel,Manual,6.3,291,White,Sedan,Middle East,4,Excellent,Yes
1970,C-Class,Premium,2014,78331,158613,Hybrid,Manual,4.2,601,Gold,Wagon,North America,1,Excellent,Yes
1971,GLB,Luxury,2019,74170,25066,Plug-in Hybrid,Manual,2.4,192,Gray,Wagon,Africa,4,Like New,Yes
1972,GLE,Sport,2025,96728,39310,Plug-in Hybrid,Automatic,2,432,Red,SUV,Asia Pacific,4,Fair,Yes
1973,E-Class,Exclusive,2018,68577,189314,Diesel,Automatic,6.6,346,Silver,Liftback,Europe,3,Excellent,No
1974,GLE,Sport,2020,89593,55167,Petrol,Manual,2.1,503,Silver,SUV,Middle East,1,Fair,Yes
1975,C-Class,Avantgarde,2008,73440,135089,Plug-in Hybrid,Manual,3.1,540,Red,Liftback,Latin America,2,Excellent,Yes
1976,GLC,Premium,2024,75182,172792,Petrol,Manual,6.4,354,Green,Coupe,Asia Pacific,3,Excellent,No
1977,EQB,Premium,2023,83267,45493,Electric,Automatic,0,276,Blue,Sedan,Europe,4,Very Good,Yes
1978,C-Class,AMG Line,2021,64251,73912,Petrol,Automatic,3.5,454,Gray,Wagon,Middle East,2,Good,No
1979,GLC,Sport,2012,63338,192117,Diesel,Automatic,4.4,605,Gold,Wagon,Middle East,3,Fair,No
1980,GLA,Premium Plus,2022,62188,188600,Hybrid,Manual,2.1,391,Black,Convertible,North America,2,Excellent,No
1981,EQB,Night Edition,2024,107464,167058,Electric,Automatic,0,562,Black,Sedan,Asia Pacific,3,Like New,No
1982,EQB,Exclusive,2017,75462,99770,Electric,Automatic,0,394,Blue,SUV,Europe,2,Fair,Yes
1983,GLS,Luxury,2022,97996,147825,Diesel,Manual,3.5,153,Gray,SUV,Latin America,4,Excellent,No
1984,EQB,Luxury,2012,70452,67025,Electric,Automatic,0,322,Black,SUV,Latin America,4,Good,Yes
1985,GLS,Luxury,2010,96044,189313,Petrol,Manual,3,260,White,SUV,Middle East,1,Like New,No
1986,S-Class,Sport,2012,83644,212304,Diesel,Manual,1.5,244,Red,SUV,Latin America,1,Very Good,No
1987,EQC,Luxury,2025,105026,20336,Electric,Automatic,0,289,Brown,SUV,Latin America,3,Like New,Yes
1988,GLB,Base,2013,39375,147228,Plug-in Hybrid,Manual,4.1,124,Silver,Roadster,Middle East,3,Good,Yes
1989,GLA,Avantgarde,2009,45789,172751,Diesel,Automatic,3.2,271,Gold,Sedan,Africa,4,Like New,Yes
1990,EQC,Premium,2011,80786,224910,Electric,Automatic,0,615,Beige,Sedan,Middle East,1,Fair,No
1991,B-Class,Avantgarde,2013,35360,220502,Hybrid,Automatic,5.8,350,Gray,SUV,Europe,1,Fair,No
1992,A-Class,AMG Line,2023,44923,17123,Plug-in Hybrid,Automatic,5.7,122,Blue,Convertible,North America,2,Good,No
1993,EQB,AMG Line,2018,90899,39469,Electric,Automatic,0,241,Brown,SUV,Europe,2,New,No
1994,E-Class,Base,2015,85906,189691,Hybrid,Automatic,6.5,547,Brown,Liftback,Asia Pacific,2,Excellent,Yes
1995,S-Class,Avantgarde,2014,82852,115185,Petrol,Automatic,3.7,138,Red,SUV,Middle East,4,Good,No
1996,EQC,Premium Plus,2021,86704,49483,Electric,Automatic,0,233,White,Sedan,Latin America,3,Good,Yes
1997,GLC,Avantgarde,2016,89866,211595,Hybrid,Automatic,5.1,498,Beige,Convertible,Asia Pacific,4,New,Yes
1998,A-Class,Premium Plus,2009,52278,134932,Hybrid,Manual,6.3,498,Brown,Wagon,Latin America,3,Very Good,No
1999,C-Class,Premium Plus,2012,41636,108824,Hybrid,Manual,6.1,153,Brown,Hatchback,Europe,1,Good,Yes
2000,EQB,Premium,2015,85839,90338,Electric,Automatic,0,605,Green,SUV,North America,2,Fair,Yes
2001,GLS,Exclusive,2025,146971,58619,Hybrid,Manual,1.6,628,Red,SUV,Europe,3,Like New,No
2002,AMG GT,Sport,2020,165291,91274,Hybrid,Manual,1.7,625,White,Coupe,Middle East,1,Good,Yes
2003,S-Class,AMG Line,2020,127734,59425,Petrol,Manual,6.2,331,Silver,SUV,North America,2,New,Yes
2004,GLB,AMG Line,2011,72328,98175,Hybrid,Automatic,6.4,435,Brown,Hatchback,Europe,2,Like New,No
2005,AMG GT,Premium,2009,159716,200560,Diesel,Manual,1.3,599,Gray,Coupe,Asia Pacific,1,New,Yes
2006,S-Class,Night Edition,2021,127998,86683,Diesel,Automatic,4,632,Gray,SUV,Asia Pacific,3,Very Good,Yes
2007,GLB,Luxury,2024,71619,120398,Petrol,Automatic,6.4,392,Gray,Wagon,Middle East,4,Like New,No
2008,B-Class,Sport,2019,45619,171451,Petrol,Automatic,5,476,Gold,Coupe,Latin America,2,Fair,No
2009,EQA,Luxury,2013,77042,107975,Electric,Automatic,0,305,Red,Sedan,Asia Pacific,1,Like New,Yes
2010,E-Class,Premium,2016,89217,61879,Petrol,Manual,3.8,494,Black,Hatchback,Middle East,3,Like New,Yes
2011,E-Class,Premium Plus,2023,69316,96626,Hybrid,Automatic,3.4,169,Beige,Liftback,Latin America,1,Good,Yes
2012,C-Class,Avantgarde,2017,55323,193717,Petrol,Automatic,6.1,232,Red,Hatchback,Latin America,4,New,Yes
2013,EQC,Base,2015,88838,52875,Electric,Automatic,0,378,Black,SUV,Asia Pacific,1,Very Good,Yes
2014,CLA,Exclusive,2024,46185,57494,Petrol,Manual,6,165,Black,Coupe,Latin America,4,Very Good,Yes
2015,EQB,Premium Plus,2015,76623,161362,Electric,Automatic,0,392,Blue,Sedan,North America,1,Good,Yes
2016,EQA,Premium,2017,86585,210004,Electric,Automatic,0,357,Gray,Sedan,Asia Pacific,1,New,Yes
2017,EQB,Sport,2023,81471,98763,Electric,Automatic,0,225,Green,Sedan,Africa,3,Very Good,No
2018,AMG GT,AMG Line,2010,137610,164690,Diesel,Automatic,4,522,Red,Coupe,Middle East,2,Good,Yes
2019,S-Class,Base,2019,100471,200583,Petrol,Automatic,2.9,428,Red,SUV,Europe,2,Fair,Yes
2020,GLC,Sport,2020,69000,189241,Plug-in Hybrid,Automatic,2.9,235,Red,Convertible,North America,3,Very Good,Yes
2021,GLB,AMG Line,2016,45335,204019,Plug-in Hybrid,Manual,6.7,150,Blue,Roadster,Europe,2,Good,Yes
2022,EQC,Base,2022,102440,137810,Electric,Automatic,0,580,Gray,Sedan,Africa,4,Very Good,Yes
2023,EQB,Base,2013,84094,163818,Electric,Automatic,0,507,Gray,Sedan,North America,2,Very Good,No
2024,A-Class,Base,2025,71560,113578,Petrol,Manual,1.6,576,Gray,SUV,Latin America,3,Excellent,Yes
2025,B-Class,Luxury,2017,59691,203917,Plug-in Hybrid,Manual,5.2,557,Red,Convertible,Africa,1,Good,No
2026,GLE,Luxury,2021,76046,50899,Hybrid,Automatic,6.8,119,White,SUV,Europe,1,Very Good,No
2027,GLB,Premium Plus,2024,54832,174745,Diesel,Automatic,4.6,206,White,Convertible,Middle East,4,Excellent,No
2028,A-Class,Exclusive,2023,67691,98526,Plug-in Hybrid,Manual,6.3,405,Gold,Roadster,Africa,1,Very Good,No
2029,EQB,AMG Line,2019,82318,87712,Electric,Automatic,0,245,Red,Sedan,North America,1,Like New,Yes
2030,GLE,Exclusive,2011,87752,132287,Plug-in Hybrid,Manual,2.4,389,Red,SUV,Europe,2,Very Good,Yes
2031,AMG GT,Exclusive,2012,129813,90117,Diesel,Manual,5,246,Brown,Coupe,North America,3,Very Good,Yes
2032,EQB,AMG Line,2013,99788,125797,Electric,Automatic,0,517,Gray,Sedan,Europe,3,New,Yes
2033,GLE,Exclusive,2013,84378,143558,Diesel,Automatic,6.1,404,Green,SUV,Middle East,4,Excellent,Yes
2034,GLA,Exclusive,2021,84565,105504,Plug-in Hybrid,Automatic,4.2,464,Brown,Roadster,North America,4,Like New,Yes
2035,E-Class,Sport,2009,49146,210867,Petrol,Automatic,6.6,131,Gray,Liftback,Europe,2,Like New,No
2036,GLA,Sport,2022,55994,79106,Diesel,Manual,6.3,310,Black,Wagon,Latin America,1,Very Good,No
2037,C-Class,AMG Line,2009,36658,217979,Petrol,Manual,4.1,394,Silver,Roadster,Latin America,1,Fair,Yes
2038,GLC,Luxury,2011,58135,171046,Plug-in Hybrid,Manual,5,323,Silver,Liftback,Latin America,2,Fair,No
2039,EQB,Premium,2024,118779,86880,Electric,Automatic,0,599,Green,Sedan,North America,2,New,No
2040,E-Class,Exclusive,2010,53594,100472,Petrol,Manual,1.4,290,Red,Convertible,Asia Pacific,1,Fair,No
2041,GLS,Sport,2019,88789,164008,Petrol,Automatic,4.9,152,Green,SUV,Europe,3,Good,No
2042,GLB,Sport,2017,74099,65462,Diesel,Automatic,2.7,492,Red,Coupe,Europe,2,Excellent,Yes
2043,GLA,Night Edition,2022,54697,104638,Diesel,Automatic,4.5,304,Blue,SUV,Middle East,1,Very Good,Yes
2044,EQB,Exclusive,2011,62511,145963,Electric,Automatic,0,203,Blue,SUV,Europe,1,Very Good,No
2045,C-Class,AMG Line,2013,71271,90967,Petrol,Automatic,2.9,559,Black,Sedan,North America,3,Excellent,No
2046,C-Class,Premium Plus,2013,47542,169039,Plug-in Hybrid,Automatic,4.5,168,Beige,Roadster,Africa,3,Very Good,Yes
2047,GLS,AMG Line,2023,115259,182965,Petrol,Automatic,1.8,261,Beige,SUV,Europe,3,New,No
2048,GLS,Luxury,2015,115993,170924,Hybrid,Automatic,3.3,561,Brown,SUV,North America,3,Very Good,Yes
2049,GLE,Exclusive,2013,79093,110000,Diesel,Automatic,5.7,352,Black,SUV,North America,1,Excellent,Yes
2050,C-Class,Base,2021,68631,123778,Petrol,Automatic,5.7,250,Beige,Hatchback,Middle East,1,New,Yes
2051,S-Class,AMG Line,2009,94928,159025,Plug-in Hybrid,Manual,5.5,253,Silver,SUV,Asia Pacific,4,Good,Yes
2052,E-Class,Sport,2018,58129,92624,Plug-in Hybrid,Automatic,6.1,144,White,Wagon,Africa,3,Fair,Yes
2053,C-Class,Sport,2022,85201,186171,Plug-in Hybrid,Manual,5.6,395,Gold,Hatchback,Africa,3,New,Yes
2054,GLB,Premium Plus,2012,60847,113951,Petrol,Manual,1.7,300,White,Sedan,Europe,1,New,Yes
2055,C-Class,Luxury,2018,62348,205097,Hybrid,Manual,4.8,340,Silver,Roadster,North America,2,Like New,No
2056,S-Class,Premium Plus,2024,131493,50135,Diesel,Manual,4.1,361,Blue,SUV,Africa,1,New,Yes
2057,GLC,Luxury,2019,80377,132962,Diesel,Manual,6,561,Brown,Liftback,North America,1,Excellent,Yes
2058,GLE,Sport,2018,71350,181410,Petrol,Manual,4.8,394,Gray,SUV,Latin America,3,Fair,No
2059,EQB,Base,2023,105737,99002,Electric,Automatic,0,575,Silver,SUV,Asia Pacific,4,Excellent,Yes
2060,GLA,Night Edition,2018,81184,59581,Plug-in Hybrid,Manual,3,384,Gold,Roadster,Middle East,4,Like New,No
2061,E-Class,Premium Plus,2024,82580,67163,Diesel,Automatic,1.5,257,Brown,SUV,Africa,1,Like New,No
2062,GLA,Base,2018,70522,125165,Diesel,Manual,6,548,Green,Roadster,Africa,4,Like New,No
2063,AMG GT,Base,2022,149956,188116,Petrol,Automatic,4.9,211,Silver,Coupe,Latin America,1,New,No
2064,AMG GT,Premium Plus,2022,138714,112233,Hybrid,Manual,6.5,369,Beige,Coupe,Europe,3,Fair,No
2065,A-Class,AMG Line,2014,31314,113888,Diesel,Automatic,6.9,337,Beige,Hatchback,Latin America,3,Fair,Yes
2066,GLB,AMG Line,2010,64790,182486,Plug-in Hybrid,Manual,2.3,385,Silver,Sedan,Europe,4,Like New,No
2067,EQA,Sport,2014,79471,141532,Electric,Automatic,0,504,Blue,Sedan,North America,3,Good,No
2068,C-Class,Luxury,2025,59158,12716,Plug-in Hybrid,Manual,3.3,240,Gray,Sedan,North America,3,Fair,Yes
2069,EQB,Avantgarde,2017,104632,33661,Electric,Automatic,0,498,Silver,Sedan,Europe,1,Like New,Yes
2070,EQB,Luxury,2019,90693,169680,Electric,Automatic,0,359,Silver,SUV,Asia Pacific,2,Like New,No
2071,C-Class,Exclusive,2024,78161,183845,Plug-in Hybrid,Automatic,4.3,547,Black,Coupe,Latin America,4,Very Good,Yes
2072,B-Class,Sport,2023,71894,58841,Plug-in Hybrid,Automatic,1.7,395,Brown,Wagon,Asia Pacific,1,Very Good,Yes
2073,EQB,AMG Line,2025,98392,119549,Electric,Automatic,0,553,Beige,SUV,Middle East,1,Good,No
2074,EQA,Avantgarde,2025,106897,21219,Electric,Automatic,0,422,Gray,Sedan,Middle East,1,New,Yes
2075,C-Class,Luxury,2013,49826,112417,Diesel,Automatic,6.3,521,White,Roadster,Asia Pacific,4,Fair,Yes
2076,GLA,AMG Line,2021,78310,147775,Plug-in Hybrid,Manual,4,559,Blue,Roadster,Middle East,3,Very Good,No
2077,CLA,Exclusive,2025,50727,93209,Diesel,Automatic,4.5,338,Gold,Coupe,North America,2,Fair,Yes
2078,GLA,Premium,2017,63007,197933,Diesel,Manual,5.4,495,Blue,Wagon,Europe,3,Excellent,No
2079,EQB,Premium Plus,2008,84673,142774,Electric,Automatic,0,459,White,Sedan,Latin America,3,Excellent,No
2080,EQB,Sport,2014,69442,43215,Electric,Automatic,0,214,White,SUV,North America,2,Very Good,No
2081,AMG GT,Premium Plus,2019,171184,137971,Hybrid,Manual,2.7,512,Gold,Coupe,Latin America,3,New,Yes
2082,GLS,AMG Line,2024,130807,174913,Diesel,Automatic,2.6,540,Brown,SUV,Middle East,4,New,No
2083,AMG GT,Sport,2021,134147,171208,Diesel,Manual,5.3,437,Blue,Coupe,Europe,4,Fair,Yes
2084,AMG GT,AMG Line,2024,144083,133185,Petrol,Automatic,3.3,275,Beige,Coupe,Africa,1,Very Good,Yes
2085,GLB,Luxury,2013,81279,92577,Petrol,Automatic,2,556,Black,Sedan,Africa,1,New,Yes
2086,B-Class,Base,2012,64549,200323,Plug-in Hybrid,Manual,6.1,451,Blue,Sedan,Middle East,2,Like New,Yes
2087,E-Class,Premium,2009,85590,198538,Petrol,Manual,5,628,Beige,Hatchback,Middle East,2,Like New,Yes
2088,B-Class,Exclusive,2012,56122,56863,Diesel,Automatic,1.8,628,Gold,Sedan,Asia Pacific,3,Fair,Yes
2089,S-Class,Premium Plus,2019,98398,64445,Plug-in Hybrid,Manual,6.2,159,Silver,SUV,Middle East,1,Fair,Yes
2090,GLB,Exclusive,2016,75511,41422,Petrol,Automatic,4.4,310,White,Hatchback,Middle East,2,New,Yes
2091,GLB,Avantgarde,2024,46276,127112,Petrol,Manual,6.9,195,Silver,Liftback,Europe,4,Fair,No
2092,EQB,Night Edition,2009,88243,159476,Electric,Automatic,0,372,Brown,Sedan,Latin America,4,New,Yes
2093,E-Class,Premium,2020,85092,194799,Petrol,Automatic,4,607,Brown,Wagon,Asia Pacific,3,Very Good,No
2094,S-Class,Base,2013,90684,210084,Hybrid,Automatic,3.9,261,Blue,SUV,Latin America,4,Good,Yes
2095,E-Class,Exclusive,2023,92737,96537,Petrol,Automatic,3.8,626,Gold,Convertible,Latin America,3,Very Good,No
2096,B-Class,Base,2008,73969,183079,Plug-in Hybrid,Manual,2.3,593,Gold,Roadster,Europe,3,New,Yes
2097,S-Class,Base,2020,130427,42886,Hybrid,Automatic,6.2,404,White,SUV,Africa,2,Like New,No
2098,GLA,Premium Plus,2016,36613,117038,Petrol,Manual,6.4,110,Gold,Wagon,Europe,3,Very Good,Yes
2099,GLS,Night Edition,2011,105590,134567,Plug-in Hybrid,Automatic,3.7,335,Red,SUV,Europe,2,Good,Yes
2100,CLA,Sport,2024,53474,140240,Hybrid,Manual,4.1,149,Blue,Coupe,Middle East,1,Like New,No
2101,C-Class,Premium Plus,2014,86317,42770,Plug-in Hybrid,Manual,4.3,551,White,Hatchback,Africa,2,Excellent,No
2102,C-Class,AMG Line,2016,56659,78172,Petrol,Manual,5,436,Blue,Convertible,Asia Pacific,2,Good,Yes
2103,C-Class,Exclusive,2025,64518,67544,Petrol,Manual,6.4,260,Blue,Sedan,North America,1,Excellent,Yes
2104,E-Class,Premium,2014,65964,97636,Petrol,Manual,2.3,224,Silver,Liftback,Latin America,3,Excellent,Yes
2105,E-Class,Base,2009,68521,196765,Diesel,Automatic,4.9,582,Beige,Liftback,North America,2,Very Good,No
2106,AMG GT,Premium,2011,147898,84722,Hybrid,Manual,4.5,273,Brown,Coupe,Europe,1,Like New,No
2107,GLE,Avantgarde,2010,95840,167358,Plug-in Hybrid,Automatic,1.7,515,Beige,SUV,Africa,1,Excellent,Yes
2108,GLE,Luxury,2017,63617,157353,Diesel,Automatic,5.4,189,Green,SUV,Asia Pacific,3,Good,Yes
2109,EQB,Premium Plus,2008,88103,183435,Electric,Automatic,0,507,Gray,SUV,Latin America,2,Like New,No
2110,A-Class,Sport,2010,56128,57406,Hybrid,Automatic,1.8,451,Green,Wagon,Africa,3,Excellent,Yes
2111,GLA,Premium,2018,74836,181977,Petrol,Automatic,6.8,520,White,Convertible,North America,4,New,No
2112,GLS,Luxury,2013,98494,156023,Petrol,Manual,1.5,487,Black,SUV,Asia Pacific,1,Fair,Yes
2113,EQA,Premium,2021,88445,20649,Electric,Automatic,0,538,White,Sedan,Europe,3,Fair,Yes
2114,A-Class,Exclusive,2023,53255,148612,Diesel,Manual,3.6,505,Blue,Roadster,Asia Pacific,2,Good,No
2115,AMG GT,Premium Plus,2021,162566,122514,Plug-in Hybrid,Automatic,4.9,566,Gray,Coupe,Asia Pacific,1,Good,No
2116,C-Class,Sport,2009,31447,142155,Diesel,Manual,6.2,195,Red,Wagon,Asia Pacific,3,Very Good,Yes
2117,C-Class,Exclusive,2016,77521,64051,Diesel,Manual,1.8,444,White,Hatchback,Middle East,2,New,Yes
2118,S-Class,AMG Line,2017,133777,50415,Hybrid,Manual,2.3,558,Blue,SUV,Africa,3,Like New,Yes
2119,EQB,Exclusive,2020,87206,26445,Electric,Automatic,0,413,White,SUV,North America,3,Good,Yes
2120,EQA,Premium,2013,67533,51561,Electric,Automatic,0,278,White,Sedan,Middle East,3,Good,No
2121,A-Class,Avantgarde,2008,22626,169413,Diesel,Manual,2.6,324,Gray,SUV,Latin America,4,Fair,Yes
2122,GLE,Sport,2018,88548,184993,Diesel,Manual,3.1,636,Red,SUV,Europe,3,Good,No
2123,EQC,Luxury,2015,77647,77701,Electric,Automatic,0,200,Gold,Sedan,Middle East,3,Very Good,No
2124,EQA,Luxury,2024,95246,130284,Electric,Automatic,0,345,Brown,Sedan,Asia Pacific,3,New,No
2125,GLE,Premium Plus,2020,91266,61263,Diesel,Automatic,2.1,219,Gray,SUV,North America,1,New,Yes
2126,GLB,AMG Line,2010,50364,77997,Plug-in Hybrid,Manual,1.9,124,Brown,Sedan,North America,1,Excellent,No
2127,A-Class,Avantgarde,2015,64109,56512,Plug-in Hybrid,Manual,3.3,285,Gray,Convertible,Latin America,1,Like New,No
2128,GLA,Luxury,2014,60525,205906,Plug-in Hybrid,Automatic,6.7,477,Silver,Wagon,Asia Pacific,3,Very Good,Yes
2129,S-Class,Sport,2014,123288,211207,Petrol,Manual,1.5,629,Beige,SUV,Africa,1,Excellent,Yes
2130,EQB,Luxury,2012,71651,194055,Electric,Automatic,0,209,Red,Sedan,Africa,3,Like New,No
2131,C-Class,Night Edition,2016,87904,81162,Petrol,Automatic,2.2,608,Black,Sedan,Europe,4,New,Yes
2132,EQA,Luxury,2024,97471,162017,Electric,Automatic,0,422,Brown,SUV,Middle East,4,New,Yes
2133,C-Class,Sport,2018,46287,182137,Diesel,Automatic,5.2,275,Beige,Coupe,Africa,1,Very Good,Yes
2134,EQC,Night Edition,2023,88521,97319,Electric,Automatic,0,224,Black,Sedan,Europe,2,Very Good,Yes
2135,C-Class,Avantgarde,2023,64552,124571,Plug-in Hybrid,Manual,6.8,212,Gold,Coupe,Middle East,1,Excellent,Yes
2136,B-Class,Exclusive,2019,35034,194672,Plug-in Hybrid,Manual,1.7,169,Red,Roadster,Middle East,4,Fair,No
2137,AMG GT,Premium Plus,2013,160136,137435,Petrol,Manual,4,575,Blue,Coupe,Africa,3,Like New,Yes
2138,GLC,AMG Line,2009,63191,174613,Hybrid,Manual,2.5,262,Brown,Convertible,North America,4,Like New,No
2139,A-Class,Avantgarde,2011,53914,132014,Hybrid,Manual,2.7,579,Silver,Wagon,Middle East,4,Good,Yes
2140,GLB,Sport,2015,55373,123905,Hybrid,Manual,4.4,440,White,Wagon,Europe,3,Fair,Yes
2141,EQC,Premium,2021,103234,61956,Electric,Automatic,0,397,Gold,Sedan,Africa,2,Like New,Yes
2142,C-Class,Sport,2024,38536,182055,Diesel,Manual,5.3,123,Silver,Liftback,Africa,3,Good,No
2143,GLC,Premium,2023,62908,30387,Petrol,Automatic,5.5,282,Gray,Hatchback,Latin America,1,Fair,Yes
2144,GLC,Premium,2018,62209,155349,Hybrid,Manual,6.8,216,White,Convertible,Middle East,2,Very Good,Yes
2145,GLC,Exclusive,2009,55634,216784,Hybrid,Automatic,6.2,503,White,Liftback,Asia Pacific,4,Fair,No
2146,EQC,Avantgarde,2015,77241,130996,Electric,Automatic,0,228,Beige,Sedan,North America,1,Very Good,Yes
2147,GLE,Premium,2024,79111,136270,Plug-in Hybrid,Manual,3.8,248,Red,SUV,Latin America,4,Fair,Yes
2148,GLE,Luxury,2022,99668,153449,Diesel,Automatic,6.1,614,Beige,SUV,Africa,1,Very Good,No
2149,EQC,Avantgarde,2015,88426,193480,Electric,Automatic,0,374,Gold,SUV,Europe,2,Excellent,Yes
2150,C-Class,Luxury,2014,55188,45226,Petrol,Manual,5.8,345,Brown,Wagon,Asia Pacific,2,Good,Yes
2151,GLS,Luxury,2020,104456,148045,Plug-in Hybrid,Manual,5,268,White,SUV,Africa,2,Good,No
2152,S-Class,Sport,2019,116677,175449,Plug-in Hybrid,Manual,6.9,424,Black,SUV,North America,1,Very Good,No
2153,C-Class,Night Edition,2018,64102,72329,Plug-in Hybrid,Manual,4.1,198,Red,Wagon,Asia Pacific,1,Excellent,Yes
2154,GLC,Base,2021,53462,165998,Hybrid,Manual,5.5,120,Silver,Hatchback,North America,4,Good,Yes
2155,GLA,Sport,2020,51701,74846,Petrol,Manual,6.1,129,White,Liftback,Latin America,2,Excellent,Yes
2156,EQC,Exclusive,2015,92251,215756,Electric,Automatic,0,590,Gray,Sedan,Europe,1,Very Good,Yes
2157,GLC,Exclusive,2009,67352,67235,Hybrid,Manual,1.7,177,Green,Coupe,Asia Pacific,1,New,Yes
2158,GLS,Exclusive,2012,121724,111904,Petrol,Manual,2.5,549,Brown,SUV,North America,2,Excellent,No
2159,GLS,AMG Line,2009,125167,209174,Plug-in Hybrid,Automatic,3.6,611,White,SUV,Europe,4,Excellent,Yes
2160,EQB,AMG Line,2025,89615,67930,Electric,Automatic,0,487,Silver,Sedan,Africa,4,Fair,No
2161,CLA,Premium Plus,2020,45041,156551,Diesel,Automatic,5.7,228,Green,Coupe,Asia Pacific,4,Excellent,No
2162,EQB,Night Edition,2009,90228,119432,Electric,Automatic,0,520,Silver,SUV,Europe,3,Excellent,Yes
2163,GLE,Base,2025,98146,174414,Petrol,Automatic,4.6,351,Blue,SUV,Asia Pacific,4,New,No
2164,GLB,Sport,2012,71568,225787,Petrol,Manual,2.3,565,Blue,SUV,North America,3,New,Yes
2165,EQB,Premium Plus,2017,78778,113793,Electric,Automatic,0,432,Beige,SUV,Latin America,2,Good,Yes
2166,E-Class,AMG Line,2008,75516,150032,Hybrid,Manual,2.8,386,Black,Roadster,Africa,1,Like New,No
2167,C-Class,Luxury,2013,42113,95941,Petrol,Automatic,2.3,209,Brown,Sedan,Latin America,1,Good,Yes
2168,AMG GT,AMG Line,2012,155134,118727,Diesel,Manual,6,445,Red,Coupe,Europe,4,New,Yes
2169,GLC,Exclusive,2018,67085,130039,Petrol,Automatic,2.3,347,Beige,Convertible,North America,4,Very Good,Yes
2170,CLA,Base,2022,75573,104642,Plug-in Hybrid,Automatic,5.7,535,Silver,Coupe,Middle East,3,Very Good,Yes
2171,S-Class,Night Edition,2023,127176,161755,Hybrid,Manual,3.2,407,Green,SUV,Europe,3,Like New,No
2172,GLE,Premium,2019,101770,166199,Plug-in Hybrid,Manual,5.6,586,Beige,SUV,North America,3,Good,Yes
2173,A-Class,Sport,2018,30270,68651,Petrol,Automatic,6.2,158,Beige,Sedan,Middle East,2,Fair,No
2174,C-Class,AMG Line,2019,75368,183683,Plug-in Hybrid,Automatic,1.3,513,Black,Hatchback,Middle East,2,Excellent,Yes
2175,C-Class,Premium,2021,39575,141498,Diesel,Automatic,6.8,131,Green,Coupe,Middle East,3,Very Good,Yes
2176,AMG GT,Premium,2024,141354,19530,Hybrid,Automatic,1.4,211,Beige,Coupe,Africa,2,Fair,No
2177,EQA,Premium Plus,2021,76058,161837,Electric,Automatic,0,541,Red,SUV,Europe,2,Fair,Yes
2178,CLA,Premium Plus,2013,48615,98387,Diesel,Manual,3.5,358,Red,Coupe,Middle East,4,Very Good,Yes
2179,C-Class,Exclusive,2024,66982,46550,Diesel,Automatic,1.8,188,Beige,SUV,Middle East,4,New,Yes
2180,E-Class,Luxury,2018,85043,125381,Diesel,Automatic,6.4,415,Silver,Sedan,Middle East,2,New,Yes
2181,B-Class,Exclusive,2013,77424,93510,Hybrid,Manual,4.1,550,Silver,Convertible,Middle East,4,New,No
2182,GLA,AMG Line,2018,39516,52130,Diesel,Manual,5.9,131,White,Liftback,Europe,4,Very Good,Yes
2183,EQB,Sport,2022,90729,20729,Electric,Automatic,0,427,Green,SUV,Latin America,1,Good,No
2184,AMG GT,Exclusive,2019,144178,170513,Plug-in Hybrid,Manual,2.6,460,White,Coupe,Africa,4,Fair,No
2185,GLC,AMG Line,2019,51224,187717,Petrol,Automatic,5,279,Beige,Coupe,Middle East,2,Fair,Yes
2186,E-Class,Exclusive,2015,82408,162300,Hybrid,Automatic,3.6,548,Silver,Hatchback,Middle East,4,Good,No
2187,GLS,Sport,2023,113069,141395,Plug-in Hybrid,Automatic,4.1,240,Black,SUV,North America,2,Very Good,Yes
2188,CLA,Premium,2012,78255,124665,Plug-in Hybrid,Manual,4.6,527,Beige,Coupe,Europe,3,Like New,No
2189,B-Class,AMG Line,2011,40358,208326,Diesel,Automatic,4.2,391,White,SUV,Latin America,4,Very Good,No
2190,S-Class,Premium Plus,2008,104637,124608,Hybrid,Automatic,2.8,430,Gold,SUV,Europe,3,Good,Yes
2191,CLA,Night Edition,2022,69498,118587,Hybrid,Automatic,2.6,211,Beige,Coupe,Asia Pacific,3,New,Yes
2192,GLC,Premium Plus,2019,46828,30534,Diesel,Manual,6.3,128,Brown,Liftback,Africa,1,Fair,Yes
2193,S-Class,Sport,2011,93556,95788,Plug-in Hybrid,Automatic,6.8,133,White,SUV,Asia Pacific,1,Good,No
2194,S-Class,Night Edition,2009,115677,161563,Diesel,Automatic,1.8,603,Blue,SUV,Latin America,4,Excellent,Yes
2195,EQC,Exclusive,2014,93904,95900,Electric,Automatic,0,479,Black,Sedan,Europe,3,Good,Yes
2196,GLE,Premium,2024,75168,185806,Diesel,Automatic,5.9,296,Red,SUV,Latin America,1,Good,No
2197,GLA,Exclusive,2018,54083,89373,Petrol,Manual,3.2,156,Blue,Sedan,North America,3,Like New,Yes
2198,GLE,Exclusive,2022,77033,104601,Diesel,Automatic,4.4,130,White,SUV,Africa,2,Excellent,Yes
2199,EQA,AMG Line,2017,70726,161980,Electric,Automatic,0,292,Black,SUV,North America,1,Excellent,No
2200,S-Class,Premium,2018,132595,79937,Hybrid,Automatic,3.4,448,White,SUV,Europe,3,New,No
2201,EQA,Exclusive,2010,57610,212764,Electric,Automatic,0,220,White,Sedan,Africa,2,Very Good,No
2202,S-Class,Avantgarde,2013,107643,126038,Diesel,Manual,4,258,Beige,SUV,North America,1,New,Yes
2203,GLC,Premium,2022,86960,40378,Petrol,Manual,4.3,296,Gold,Coupe,Middle East,1,New,No
2204,EQB,AMG Line,2018,111171,51937,Electric,Automatic,0,590,Red,SUV,Middle East,2,Like New,Yes
2205,EQB,Avantgarde,2022,90611,170011,Electric,Automatic,0,220,Black,SUV,Asia Pacific,2,New,No
2206,EQA,Exclusive,2021,94087,169731,Electric,Automatic,0,372,Silver,Sedan,Latin America,1,New,Yes
2207,EQA,Base,2010,74223,148880,Electric,Automatic,0,251,Brown,Sedan,Middle East,3,New,Yes
2208,GLC,Avantgarde,2008,44392,82442,Diesel,Manual,2.8,192,Gray,SUV,Europe,1,Very Good,No
2209,E-Class,AMG Line,2014,77841,93084,Petrol,Manual,6.8,636,Blue,Roadster,Africa,3,Fair,No
2210,GLA,Exclusive,2020,86257,86470,Diesel,Automatic,1.4,562,Silver,Liftback,Latin America,1,New,No
2211,EQB,Exclusive,2009,80459,237865,Electric,Automatic,0,381,Green,SUV,Asia Pacific,1,New,Yes
2212,A-Class,Avantgarde,2021,65226,96226,Hybrid,Manual,2.3,541,Beige,Roadster,Europe,4,Very Good,No
2213,GLB,AMG Line,2009,26633,213824,Petrol,Automatic,1.7,254,Gray,Wagon,Africa,4,Fair,Yes
2214,C-Class,Luxury,2019,62590,155431,Diesel,Automatic,4.7,362,Silver,Roadster,Africa,4,Like New,No
2215,A-Class,Luxury,2009,45153,92534,Hybrid,Automatic,5.1,345,Blue,Liftback,Middle East,4,Very Good,No
2216,E-Class,Sport,2023,77798,112362,Diesel,Automatic,3.8,355,Green,Liftback,Asia Pacific,2,Excellent,Yes
2217,GLC,AMG Line,2022,94732,148665,Plug-in Hybrid,Automatic,5.4,472,White,Sedan,Europe,3,Like New,No
2218,AMG GT,Premium Plus,2009,127987,194874,Plug-in Hybrid,Manual,2.8,308,Green,Coupe,Middle East,3,Fair,Yes
2219,E-Class,AMG Line,2024,90996,9062,Petrol,Automatic,3,494,White,Liftback,Europe,3,Very Good,Yes
2220,AMG GT,Luxury,2012,149246,97467,Plug-in Hybrid,Manual,5.6,393,Gold,Coupe,Middle East,3,Good,No
2221,C-Class,AMG Line,2021,69603,176082,Plug-in Hybrid,Automatic,5.5,194,Beige,SUV,Middle East,1,New,No
2222,B-Class,Avantgarde,2021,40588,37513,Petrol,Manual,3.6,165,Black,Sedan,Latin America,1,Good,Yes
2223,EQB,Premium Plus,2018,69293,89747,Electric,Automatic,0,338,Silver,Sedan,Latin America,4,Fair,No
2224,GLE,Avantgarde,2008,75228,206953,Petrol,Manual,1.5,481,Gold,SUV,Latin America,3,Very Good,No
2225,EQB,Premium Plus,2010,63461,196906,Electric,Automatic,0,311,Red,SUV,Asia Pacific,4,Very Good,No
2226,CLA,Avantgarde,2012,79927,99440,Diesel,Automatic,6.5,632,Gold,Coupe,Africa,1,New,No
2227,GLS,Exclusive,2021,105810,58222,Diesel,Manual,3.8,158,Brown,SUV,Middle East,2,Excellent,Yes
2228,GLA,Night Edition,2025,68858,83841,Diesel,Automatic,6.2,362,Gold,Sedan,Africa,1,Like New,Yes
2229,GLE,Premium Plus,2012,73057,190176,Diesel,Manual,2.9,159,Silver,SUV,Latin America,1,New,Yes
2230,EQC,Premium,2025,103426,113968,Electric,Automatic,0,442,Gold,SUV,Asia Pacific,2,Excellent,Yes
2231,EQB,Sport,2017,100179,55933,Electric,Automatic,0,587,Blue,Sedan,Latin America,4,Very Good,Yes
2232,GLB,Exclusive,2010,59432,178667,Plug-in Hybrid,Manual,3.1,228,Silver,Hatchback,North America,3,Like New,Yes
2233,S-Class,Sport,2015,113508,209439,Hybrid,Manual,2.3,481,Brown,SUV,Asia Pacific,3,Excellent,Yes
2234,GLB,Luxury,2011,69185,62840,Diesel,Manual,4,458,Gold,Hatchback,Latin America,2,Like New,No
2235,CLA,Luxury,2008,41316,124987,Petrol,Automatic,5.8,344,Green,Coupe,Europe,4,Good,Yes
2236,B-Class,Base,2018,46700,175125,Petrol,Automatic,3.1,453,Gray,Wagon,Africa,1,Good,No
2237,GLC,Premium Plus,2010,49558,104304,Petrol,Manual,6.1,268,Blue,Sedan,Middle East,4,Good,Yes
2238,CLA,Luxury,2024,49993,138858,Hybrid,Automatic,5.7,218,White,Coupe,North America,1,Very Good,No
2239,S-Class,Night Edition,2014,124694,125905,Diesel,Automatic,2.9,523,Silver,SUV,Europe,3,New,Yes
2240,B-Class,Avantgarde,2008,54435,234589,Plug-in Hybrid,Automatic,2.5,292,Gray,SUV,Latin America,4,New,Yes
2241,B-Class,Night Edition,2025,66053,118430,Hybrid,Manual,4.9,238,Beige,Sedan,Asia Pacific,1,New,Yes
2242,A-Class,AMG Line,2009,24958,146826,Petrol,Automatic,3.4,194,Silver,Coupe,Middle East,3,Good,No
2243,GLC,Exclusive,2024,99084,39002,Plug-in Hybrid,Manual,5.1,405,Gold,Liftback,Latin America,1,Like New,Yes
2244,GLC,Luxury,2015,72769,46979,Petrol,Manual,3.1,242,Gold,SUV,Latin America,4,Like New,No
2245,EQC,Premium Plus,2015,113766,135145,Electric,Automatic,0,556,Silver,Sedan,Middle East,2,New,Yes
2246,GLB,Avantgarde,2008,51672,211599,Diesel,Manual,2,569,Beige,SUV,Europe,2,Very Good,No
2247,GLE,Sport,2008,78015,167345,Plug-in Hybrid,Manual,5.1,261,Brown,SUV,Asia Pacific,1,Excellent,No
2248,GLB,Premium,2020,62786,168162,Plug-in Hybrid,Automatic,2.4,332,Black,Hatchback,Latin America,4,Very Good,No
2249,E-Class,AMG Line,2013,92520,144523,Plug-in Hybrid,Automatic,6.3,529,Red,SUV,Africa,4,Excellent,Yes
2250,C-Class,Sport,2021,49222,122630,Diesel,Manual,3,268,Red,Hatchback,Asia Pacific,4,Good,Yes
2251,GLE,Luxury,2019,106807,199747,Diesel,Manual,6.5,616,Beige,SUV,Asia Pacific,1,New,No
2252,A-Class,Exclusive,2010,35323,171743,Hybrid,Manual,4.3,238,Black,Coupe,North America,1,Very Good,Yes
2253,AMG GT,Sport,2025,135032,68342,Petrol,Manual,7,220,Gold,Coupe,Europe,2,Fair,Yes
2254,GLA,Exclusive,2017,64332,176382,Plug-in Hybrid,Automatic,6,530,Green,Coupe,North America,1,Good,Yes
2255,EQB,Night Edition,2021,81540,175133,Electric,Automatic,0,289,Green,Sedan,Latin America,1,Like New,No
2256,B-Class,Avantgarde,2014,37523,183536,Petrol,Manual,6,234,Red,Sedan,Latin America,3,Very Good,No
2257,C-Class,Avantgarde,2011,70671,133700,Hybrid,Automatic,2.1,403,White,Coupe,Asia Pacific,2,New,Yes
2258,S-Class,Base,2011,99527,94140,Petrol,Manual,3.8,118,Brown,SUV,Latin America,3,New,No
2259,EQC,Premium Plus,2010,64667,158333,Electric,Automatic,0,224,Green,Sedan,Africa,1,Fair,No
2260,A-Class,Luxury,2019,40014,148453,Petrol,Manual,6.3,289,Gray,Coupe,Europe,4,Good,Yes
2261,C-Class,Avantgarde,2022,76407,81257,Hybrid,Manual,4.5,400,Blue,SUV,North America,2,Like New,No
2262,AMG GT,Avantgarde,2017,143381,82248,Hybrid,Manual,3.5,319,Beige,Coupe,Africa,1,Very Good,No
2263,GLE,Premium Plus,2012,66100,223690,Diesel,Manual,6.8,377,Silver,SUV,North America,1,Very Good,Yes
2264,GLA,Luxury,2008,72231,155085,Diesel,Manual,5.9,627,Brown,Hatchback,Latin America,3,New,No
2265,CLA,Exclusive,2017,51771,39652,Petrol,Manual,5.2,136,Silver,Coupe,Europe,3,Like New,Yes
2266,GLA,Luxury,2015,60366,110302,Diesel,Manual,7,466,Green,Liftback,Latin America,3,Excellent,Yes
2267,E-Class,AMG Line,2025,62658,47722,Petrol,Manual,6.8,162,Brown,Coupe,Latin America,1,Fair,Yes
2268,GLE,Sport,2020,99487,66051,Hybrid,Automatic,3.2,462,Green,SUV,Middle East,3,Excellent,Yes
2269,S-Class,Luxury,2010,111400,69266,Plug-in Hybrid,Automatic,3.8,511,Beige,SUV,Asia Pacific,1,Fair,No
2270,GLA,Avantgarde,2012,51718,209783,Petrol,Manual,6,474,Green,Liftback,Africa,1,Very Good,Yes
2271,GLB,Premium Plus,2024,76490,26674,Plug-in Hybrid,Automatic,1.3,457,Gold,Roadster,Africa,3,Fair,No
2272,EQC,Sport,2015,93913,39739,Electric,Automatic,0,327,Silver,Sedan,Latin America,3,Excellent,No
2273,C-Class,Premium Plus,2008,42334,214876,Petrol,Automatic,4,322,Silver,Roadster,Asia Pacific,3,Excellent,Yes
2274,GLC,Sport,2016,62416,137196,Plug-in Hybrid,Automatic,4.6,151,Black,Liftback,Europe,4,Very Good,Yes
2275,EQB,Exclusive,2020,85508,73898,Electric,Automatic,0,366,Green,SUV,Asia Pacific,1,Very Good,Yes
2276,E-Class,Premium Plus,2016,74243,130490,Diesel,Automatic,6.4,522,White,Liftback,Asia Pacific,1,Very Good,No
2277,EQC,AMG Line,2012,88949,123067,Electric,Automatic,0,384,Silver,Sedan,Europe,3,Excellent,No
2278,GLS,Sport,2022,104645,173140,Petrol,Automatic,4,508,Blue,SUV,Middle East,3,Fair,No
2279,C-Class,Avantgarde,2011,56253,75451,Diesel,Manual,3.5,460,Gold,Wagon,Asia Pacific,2,Good,No
2280,B-Class,AMG Line,2013,69068,87176,Hybrid,Manual,6.8,511,Black,SUV,Middle East,1,Like New,No
2281,S-Class,Luxury,2025,103110,9914,Diesel,Automatic,3.3,133,Gray,SUV,Middle East,3,Good,Yes
2282,GLC,Sport,2019,67533,112222,Plug-in Hybrid,Automatic,5.2,207,Blue,Roadster,North America,3,Good,No
2283,CLA,Premium Plus,2014,36817,96232,Diesel,Manual,4.2,179,Silver,Coupe,Latin America,3,Very Good,Yes
2284,GLS,Base,2009,102465,169811,Plug-in Hybrid,Automatic,3,306,Red,SUV,Africa,2,Very Good,No
2285,E-Class,Premium,2009,77325,97457,Plug-in Hybrid,Automatic,6.6,221,Brown,Sedan,North America,4,New,Yes
2286,EQB,Premium Plus,2008,74613,85442,Electric,Automatic,0,398,White,Sedan,Europe,2,Good,Yes
2287,A-Class,Sport,2024,45661,10803,Diesel,Manual,6.6,165,White,Liftback,North America,1,Very Good,Yes
2288,EQB,Base,2019,94366,118492,Electric,Automatic,0,419,Beige,Sedan,Europe,4,Like New,Yes
2289,C-Class,Exclusive,2025,92821,93198,Petrol,Automatic,3.7,616,White,Wagon,Middle East,1,Like New,Yes
2290,EQC,AMG Line,2015,72597,72318,Electric,Automatic,0,204,Green,SUV,Africa,4,Good,Yes
2291,B-Class,Night Edition,2011,72646,71995,Plug-in Hybrid,Manual,5.2,370,Green,Convertible,North America,1,New,No
2292,EQB,Premium Plus,2008,63491,69701,Electric,Automatic,0,191,Black,Sedan,Middle East,2,Good,Yes
2293,GLA,Premium,2017,61638,138276,Hybrid,Manual,3.2,478,Gold,Coupe,North America,1,Good,No
2294,S-Class,Luxury,2011,121312,95181,Petrol,Automatic,3.2,587,Black,SUV,Asia Pacific,2,Excellent,Yes
2295,GLA,Premium Plus,2020,57136,149133,Hybrid,Automatic,6.9,382,Black,Hatchback,Middle East,4,Very Good,Yes
2296,CLA,Luxury,2025,72434,17791,Hybrid,Automatic,3.8,308,Red,Coupe,North America,4,Like New,Yes
2297,E-Class,Premium Plus,2020,89083,150542,Plug-in Hybrid,Automatic,4,392,Gray,Coupe,Middle East,4,Excellent,No
2298,GLA,Night Edition,2025,78129,62352,Plug-in Hybrid,Manual,6.8,402,Blue,Liftback,Europe,1,Very Good,Yes
2299,B-Class,Base,2020,39677,176141,Diesel,Automatic,5,337,Red,Liftback,Europe,4,Good,Yes
2300,E-Class,Base,2009,93072,190569,Plug-in Hybrid,Manual,5.5,463,Silver,Coupe,North America,3,New,Yes
2301,S-Class,Sport,2025,125140,147659,Diesel,Manual,4.6,364,Red,SUV,North America,3,New,No
2302,A-Class,Base,2013,39452,124181,Diesel,Manual,6.5,378,Black,Coupe,Europe,2,Good,Yes
2303,GLE,AMG Line,2025,111295,82387,Hybrid,Automatic,6.5,594,Red,SUV,Asia Pacific,1,Excellent,Yes
2304,EQC,Premium,2011,110597,59695,Electric,Automatic,0,461,Gold,Sedan,Africa,2,New,No
2305,CLA,Exclusive,2013,66081,106292,Hybrid,Automatic,4.5,513,Gold,Coupe,Asia Pacific,2,Excellent,Yes
2306,B-Class,Avantgarde,2023,79291,44383,Plug-in Hybrid,Automatic,6.4,379,Gray,Convertible,Europe,1,Like New,Yes
2307,E-Class,Base,2009,54508,145065,Hybrid,Automatic,4.9,173,Red,Sedan,Latin America,1,Very Good,No
2308,B-Class,Premium Plus,2008,18256,233609,Diesel,Manual,1.4,120,Black,Liftback,Africa,2,Excellent,Yes
2309,E-Class,AMG Line,2011,74688,73705,Petrol,Automatic,2.1,284,Green,SUV,Latin America,3,Like New,Yes
2310,GLB,Premium Plus,2014,57698,217154,Petrol,Automatic,2.6,577,White,Wagon,North America,3,Good,No
2311,GLB,Premium,2018,73613,32716,Diesel,Manual,5.1,291,Brown,Roadster,Latin America,4,New,Yes
2312,CLA,Luxury,2014,67319,80735,Plug-in Hybrid,Manual,2.1,611,Silver,Coupe,North America,2,Fair,Yes
2313,GLB,Exclusive,2011,70294,58452,Petrol,Automatic,6.7,477,Black,Wagon,Africa,1,Excellent,Yes
2314,S-Class,Avantgarde,2021,110537,99597,Petrol,Automatic,6.6,476,Green,SUV,Middle East,1,Fair,Yes
2315,GLC,Premium Plus,2020,61009,132165,Diesel,Manual,5.2,343,White,Liftback,Middle East,1,Very Good,Yes
2316,C-Class,AMG Line,2022,80330,39412,Petrol,Automatic,6.9,417,Gray,Wagon,Asia Pacific,1,Like New,Yes
2317,GLS,AMG Line,2017,119290,84670,Petrol,Manual,3.3,615,Brown,SUV,Asia Pacific,1,Good,No
2318,S-Class,AMG Line,2023,125667,160315,Hybrid,Manual,6.5,455,Red,SUV,Europe,2,Like New,Yes
2319,CLA,Avantgarde,2014,70715,68486,Diesel,Manual,6.6,556,Beige,Coupe,Europe,1,Like New,Yes
2320,B-Class,Base,2009,32504,70111,Hybrid,Automatic,6.6,202,Black,Roadster,Africa,4,Good,Yes
2321,A-Class,AMG Line,2023,80837,42471,Petrol,Automatic,5.8,576,White,Convertible,Middle East,1,Like New,No
2322,EQB,Premium,2024,86760,106977,Electric,Automatic,0,284,Beige,Sedan,Latin America,4,Excellent,Yes
2323,A-Class,Premium Plus,2011,66834,186089,Hybrid,Manual,2.3,561,Red,Liftback,Latin America,1,New,Yes
2324,E-Class,Luxury,2017,75954,146062,Plug-in Hybrid,Automatic,6.1,382,Green,Roadster,Africa,2,Good,Yes
2325,E-Class,Exclusive,2014,73097,70832,Diesel,Manual,4.1,299,Brown,Hatchback,Africa,3,Like New,Yes
2326,S-Class,Luxury,2008,89574,242921,Petrol,Automatic,2.2,165,Green,SUV,Latin America,3,New,Yes
2327,CLA,Premium,2025,48257,98949,Diesel,Manual,4.9,247,Gray,Coupe,Asia Pacific,1,Very Good,No
2328,CLA,Base,2024,65727,107886,Petrol,Automatic,3.8,403,Black,Coupe,Europe,4,Excellent,Yes
2329,E-Class,Premium,2023,91369,73027,Petrol,Manual,6,502,Black,SUV,Latin America,2,Excellent,Yes
2330,EQA,Sport,2019,100116,167414,Electric,Automatic,0,521,Red,Sedan,Latin America,3,New,No
2331,EQB,Base,2010,96769,66601,Electric,Automatic,0,528,Brown,Sedan,Europe,1,Like New,No
2332,EQB,Avantgarde,2017,93624,90142,Electric,Automatic,0,266,Red,Sedan,Middle East,2,New,Yes
2333,EQB,Exclusive,2009,81752,159948,Electric,Automatic,0,547,White,Sedan,Africa,3,Good,Yes
2334,GLE,Exclusive,2010,90889,78721,Diesel,Manual,2.1,446,Silver,SUV,Africa,1,Like New,Yes
2335,E-Class,Luxury,2018,64551,58315,Petrol,Automatic,2.5,242,Silver,SUV,Africa,3,Good,Yes
2336,B-Class,Sport,2025,43427,5366,Hybrid,Automatic,1.6,120,Green,Wagon,Africa,2,Fair,No
2337,GLB,AMG Line,2013,61478,128964,Hybrid,Automatic,3.2,485,Silver,Liftback,North America,2,Good,Yes
2338,GLS,Avantgarde,2024,127336,44125,Petrol,Automatic,7,545,Red,SUV,Latin America,1,Very Good,No
2339,AMG GT,AMG Line,2018,148344,120332,Hybrid,Automatic,4,347,Green,Coupe,North America,3,Excellent,Yes
2340,S-Class,Exclusive,2013,116963,54494,Plug-in Hybrid,Manual,2.3,254,Red,SUV,Middle East,3,Like New,Yes
2341,GLS,Premium,2017,102506,61023,Diesel,Automatic,6.6,359,Gold,SUV,Africa,4,Good,Yes
2342,AMG GT,AMG Line,2021,130704,196258,Hybrid,Manual,4.2,200,Black,Coupe,Africa,1,Good,No
2343,EQA,Sport,2024,73912,45715,Electric,Automatic,0,213,Green,SUV,Europe,4,Good,No
2344,S-Class,Luxury,2020,131072,90191,Hybrid,Manual,5.1,586,Beige,SUV,Asia Pacific,1,Very Good,Yes
2345,EQA,Premium,2020,70444,104258,Electric,Automatic,0,398,Gold,Sedan,Latin America,2,Fair,Yes
2346,C-Class,Luxury,2017,47247,174799,Petrol,Automatic,6.8,343,Silver,SUV,Middle East,2,Good,No
2347,C-Class,Sport,2023,57011,177734,Diesel,Automatic,2.2,205,Green,Coupe,Europe,3,Like New,No
2348,S-Class,Luxury,2015,107664,99860,Hybrid,Manual,3.3,499,Gray,SUV,Africa,3,Fair,No
2349,A-Class,Exclusive,2008,44110,220493,Petrol,Automatic,5.1,586,Gray,Roadster,Latin America,4,Good,No
2350,GLB,AMG Line,2011,42754,116547,Hybrid,Manual,6.8,168,Black,SUV,Europe,3,Very Good,Yes
2351,A-Class,Premium,2021,59736,182780,Petrol,Manual,3,624,Green,Roadster,Africa,2,Good,Yes
2352,GLC,Base,2025,77273,34438,Diesel,Automatic,4.4,499,Silver,Coupe,Africa,2,Fair,Yes
2353,EQC,AMG Line,2019,99337,114112,Electric,Automatic,0,374,Beige,SUV,Latin America,4,Excellent,No
2354,C-Class,Premium,2011,43774,194375,Hybrid,Manual,1.7,353,Gold,Coupe,North America,1,Fair,Yes
2355,A-Class,Base,2021,37491,99160,Plug-in Hybrid,Automatic,6.3,182,Silver,Sedan,North America,2,Fair,No
2356,AMG GT,Premium,2016,130454,91754,Plug-in Hybrid,Automatic,4.4,134,Silver,Coupe,Europe,1,Good,No
2357,C-Class,Sport,2014,63314,178487,Hybrid,Manual,4.2,239,Black,Coupe,Asia Pacific,4,New,Yes
2358,E-Class,AMG Line,2019,94986,177942,Petrol,Manual,2.4,543,Black,Sedan,North America,4,New,Yes
2359,GLB,Luxury,2009,46141,197569,Plug-in Hybrid,Automatic,2.7,384,Gray,Liftback,Europe,2,Fair,No
2360,EQC,Exclusive,2016,105598,75002,Electric,Automatic,0,572,Green,Sedan,North America,2,Very Good,Yes
2361,GLC,Night Edition,2018,40582,181492,Hybrid,Manual,4.6,141,White,SUV,Latin America,4,Fair,No
2362,B-Class,Sport,2021,41651,168526,Diesel,Automatic,1.5,411,Gold,Roadster,Middle East,4,Fair,Yes
2363,A-Class,Night Edition,2014,57268,82045,Hybrid,Manual,1.5,527,White,Convertible,Middle East,2,Good,Yes
2364,CLA,Exclusive,2012,41216,208881,Diesel,Automatic,2.8,203,Black,Coupe,Latin America,4,Like New,No
2365,EQA,Luxury,2017,97080,147806,Electric,Automatic,0,527,Blue,Sedan,Asia Pacific,4,New,Yes
2366,EQA,Sport,2008,51782,75740,Electric,Automatic,0,220,Gray,Sedan,Middle East,1,Fair,Yes
2367,GLB,Avantgarde,2022,94466,117021,Petrol,Automatic,5.9,601,White,Coupe,Latin America,4,New,Yes
2368,CLA,AMG Line,2019,65993,165638,Hybrid,Automatic,2.9,353,Black,Coupe,Africa,1,Like New,No
2369,EQA,AMG Line,2016,71130,119048,Electric,Automatic,0,264,Gray,SUV,Latin America,4,Excellent,Yes
2370,GLS,AMG Line,2021,106067,27100,Petrol,Automatic,6.1,258,Brown,SUV,Asia Pacific,4,Very Good,Yes
2371,C-Class,Premium Plus,2016,39121,114814,Plug-in Hybrid,Automatic,6.8,123,Gold,Coupe,Latin America,2,Fair,Yes
2372,CLA,Night Edition,2025,74499,81177,Diesel,Manual,1.4,480,Brown,Coupe,North America,1,Like New,Yes
2373,B-Class,Exclusive,2023,50233,134707,Plug-in Hybrid,Manual,4,173,Silver,Liftback,Latin America,1,Good,Yes
2374,GLE,Premium Plus,2017,76979,187410,Plug-in Hybrid,Automatic,1.4,110,Gold,SUV,Europe,2,Like New,Yes
2375,GLA,Base,2011,50199,157328,Hybrid,Manual,4.6,527,Green,Liftback,Africa,1,Fair,Yes
2376,CLA,Premium,2025,73033,146930,Plug-in Hybrid,Manual,3.6,304,Gray,Coupe,North America,4,Like New,No
2377,S-Class,Exclusive,2022,133669,158223,Petrol,Manual,5.4,576,Black,SUV,Middle East,1,Like New,No
2378,GLC,Luxury,2013,67930,90974,Diesel,Manual,6.5,332,Green,Roadster,North America,1,Excellent,Yes
2379,GLS,Premium,2022,108987,48526,Plug-in Hybrid,Manual,4.2,209,Blue,SUV,Middle East,3,Good,Yes
2380,EQC,Premium,2015,103503,139186,Electric,Automatic,0,532,Red,Sedan,Latin America,3,Excellent,Yes
2381,CLA,Base,2015,67465,154084,Hybrid,Manual,1.6,613,White,Coupe,Europe,3,Very Good,Yes
2382,B-Class,Night Edition,2017,36362,138474,Diesel,Automatic,5.4,353,Beige,Coupe,Middle East,3,Fair,No
2383,E-Class,Premium Plus,2010,65001,175282,Petrol,Automatic,5.6,188,Green,Hatchback,Asia Pacific,1,New,Yes
2384,EQC,AMG Line,2015,89295,83496,Electric,Automatic,0,494,Blue,SUV,Europe,2,Fair,No
2385,GLC,Premium,2024,91884,108621,Diesel,Automatic,3.3,565,Red,Hatchback,Europe,3,Excellent,No
2386,CLA,Premium Plus,2012,69252,210878,Plug-in Hybrid,Automatic,1.3,591,Beige,Coupe,North America,3,Excellent,No
2387,CLA,Luxury,2016,44034,152501,Diesel,Manual,2.5,231,Silver,Coupe,North America,4,Excellent,No
2388,GLE,Night Edition,2015,108528,50455,Petrol,Manual,4.7,500,Red,SUV,Asia Pacific,2,New,Yes
2389,GLA,Sport,2009,41815,65122,Hybrid,Manual,4.2,137,White,Sedan,Latin America,3,Excellent,Yes
2390,E-Class,Premium Plus,2020,45311,160648,Diesel,Manual,2.5,173,Beige,Coupe,Asia Pacific,1,Fair,Yes
2391,EQC,Sport,2015,77059,140656,Electric,Automatic,0,419,Black,SUV,Europe,1,Fair,Yes
2392,GLS,Base,2014,114141,135092,Petrol,Automatic,5,514,Gray,SUV,North America,4,Very Good,Yes
2393,GLS,Sport,2008,113270,154993,Diesel,Manual,5,583,Gray,SUV,North America,4,Excellent,No
2394,CLA,Exclusive,2009,22051,168101,Diesel,Automatic,1.5,181,Gold,Coupe,Europe,2,Good,Yes
2395,GLB,Sport,2009,57096,106758,Petrol,Manual,6.8,206,Brown,Sedan,Middle East,3,New,No
2396,GLC,AMG Line,2024,66666,19204,Petrol,Automatic,6.3,219,White,SUV,Asia Pacific,1,Good,Yes
2397,GLB,AMG Line,2025,89909,102235,Diesel,Manual,6.8,592,Black,Coupe,Europe,3,Like New,Yes
2398,C-Class,Night Edition,2012,58887,127379,Petrol,Automatic,2,565,Blue,Hatchback,Africa,2,Good,No
2399,CLA,Avantgarde,2021,80386,130806,Hybrid,Automatic,2.6,586,Gold,Coupe,Europe,2,Excellent,Yes
2400,CLA,Base,2025,66786,152501,Diesel,Manual,3.3,357,White,Coupe,Middle East,1,New,Yes
2401,EQA,Base,2012,67947,200018,Electric,Automatic,0,526,Red,Sedan,Asia Pacific,3,Fair,Yes
2402,EQC,Luxury,2022,124948,33084,Electric,Automatic,0,570,Gray,Sedan,Asia Pacific,2,New,Yes
2403,GLC,Luxury,2022,74476,170924,Petrol,Automatic,1.9,204,Black,Roadster,North America,1,New,No
2404,E-Class,Night Edition,2022,77455,88934,Diesel,Manual,5.3,365,Gray,Coupe,Middle East,1,Very Good,Yes
2405,GLC,AMG Line,2022,60210,189977,Petrol,Automatic,2,367,Beige,Wagon,Middle East,2,Fair,Yes
2406,GLC,Base,2014,86932,58038,Plug-in Hybrid,Manual,2.6,611,Silver,Wagon,Europe,4,Fair,No
2407,B-Class,Luxury,2021,80305,84356,Hybrid,Automatic,1.8,512,Red,Roadster,Europe,1,New,Yes
2408,EQA,Exclusive,2024,76155,123531,Electric,Automatic,0,196,Beige,Sedan,Europe,2,Like New,Yes
2409,EQB,Base,2014,92425,151924,Electric,Automatic,0,570,Gold,SUV,Asia Pacific,4,Excellent,Yes
2410,A-Class,Base,2025,49115,107084,Petrol,Automatic,3.5,461,Green,Wagon,Europe,1,Fair,Yes
2411,EQC,Luxury,2015,92935,94728,Electric,Automatic,0,484,Blue,Sedan,Middle East,3,Good,No
2412,AMG GT,Luxury,2022,161283,97620,Diesel,Automatic,5,426,Brown,Coupe,Middle East,1,New,Yes
2413,GLB,Exclusive,2024,59617,173311,Plug-in Hybrid,Automatic,5.5,375,Red,SUV,Latin America,1,Fair,No
2414,GLA,Luxury,2011,46874,146974,Petrol,Manual,6.2,358,Black,Coupe,North America,1,Good,Yes
2415,A-Class,Base,2017,65249,40849,Petrol,Manual,2.2,369,Beige,SUV,Europe,2,New,Yes
2416,EQA,Premium Plus,2009,62690,117544,Electric,Automatic,0,279,Gold,SUV,Africa,4,Very Good,Yes
2417,GLA,Base,2021,49114,172396,Plug-in Hybrid,Manual,6.7,163,Green,Wagon,Africa,3,Good,Yes
2418,GLS,Premium,2020,126246,73876,Petrol,Automatic,2.1,587,Brown,SUV,Middle East,2,Very Good,Yes
2419,C-Class,Sport,2011,53736,102155,Plug-in Hybrid,Automatic,5.5,216,Silver,Coupe,Africa,2,Excellent,Yes
2420,EQB,Night Edition,2016,90005,207417,Electric,Automatic,0,551,Blue,Sedan,Latin America,4,Excellent,Yes
2421,C-Class,Avantgarde,2014,73341,90594,Petrol,Automatic,6.6,589,Green,Liftback,Middle East,1,Very Good,Yes
2422,E-Class,AMG Line,2025,102721,89688,Petrol,Manual,5.5,518,Brown,Liftback,Asia Pacific,2,Like New,No
2423,GLE,Premium Plus,2016,87279,209703,Plug-in Hybrid,Manual,6,208,Silver,SUV,Europe,4,New,Yes
2424,GLE,Premium,2017,100354,190816,Plug-in Hybrid,Automatic,5.2,433,Blue,SUV,Middle East,2,Like New,Yes
2425,A-Class,Night Edition,2020,52365,165308,Petrol,Manual,4.3,343,Black,Liftback,Middle East,4,Excellent,Yes
2426,GLE,Night Edition,2019,103870,127666,Diesel,Automatic,5.5,606,Black,SUV,Europe,4,Like New,Yes
2427,E-Class,Premium Plus,2016,91664,54242,Petrol,Automatic,2.4,441,Black,Hatchback,North America,2,New,No
2428,B-Class,Premium,2020,60235,132743,Plug-in Hybrid,Manual,5.7,553,Gray,Convertible,Latin America,2,Fair,No
2429,GLB,Premium Plus,2024,49246,37688,Petrol,Automatic,3.1,227,Blue,Roadster,North America,2,Fair,Yes
2430,C-Class,Base,2019,45113,174142,Petrol,Manual,5.2,231,White,Coupe,Asia Pacific,3,Good,Yes
2431,EQA,Premium Plus,2022,88893,123016,Electric,Automatic,0,468,Beige,SUV,Europe,4,Excellent,Yes
2432,GLB,Night Edition,2013,53538,79862,Diesel,Manual,5.9,313,Red,Coupe,Latin America,4,Very Good,No
2433,GLS,Exclusive,2017,124146,42831,Hybrid,Automatic,3.9,612,Green,SUV,Latin America,3,Fair,Yes
2434,C-Class,Luxury,2018,68540,93644,Petrol,Manual,6.5,396,Gray,SUV,Middle East,2,Like New,No
2435,GLE,Premium Plus,2024,100630,18841,Hybrid,Manual,4.1,272,Brown,SUV,North America,1,Like New,Yes
2436,GLC,Sport,2016,76240,197130,Petrol,Manual,3.4,545,Beige,Hatchback,Latin America,1,Excellent,No
2437,GLC,Premium Plus,2022,79094,28619,Hybrid,Manual,4.7,512,Blue,Hatchback,Middle East,1,Fair,Yes
2438,E-Class,Premium,2010,86558,132578,Plug-in Hybrid,Manual,2.3,288,Blue,Coupe,Latin America,2,New,No
2439,GLE,Luxury,2018,125478,28594,Hybrid,Manual,2.1,604,Brown,SUV,Middle East,2,New,Yes
2440,EQA,Premium Plus,2014,63777,216352,Electric,Automatic,0,307,Gold,Sedan,Africa,4,Very Good,Yes
2441,GLA,Premium,2025,75020,35060,Plug-in Hybrid,Automatic,5.9,261,Brown,Hatchback,Latin America,1,Like New,Yes
2442,GLB,Sport,2010,78725,122407,Plug-in Hybrid,Automatic,3.9,394,Silver,Coupe,North America,2,New,No
2443,GLB,Premium Plus,2008,54444,66108,Petrol,Manual,6.9,313,Green,Wagon,Asia Pacific,1,Excellent,Yes
2444,EQA,Avantgarde,2023,105388,45233,Electric,Automatic,0,587,Silver,Sedan,Europe,3,Like New,No
2445,GLA,Base,2018,55582,204116,Petrol,Manual,5.8,316,Red,Convertible,Middle East,4,Excellent,Yes
2446,AMG GT,Sport,2022,157333,75291,Hybrid,Manual,1.3,236,Beige,Coupe,North America,2,New,Yes
2447,B-Class,Base,2020,65570,171854,Hybrid,Manual,5.8,336,White,Convertible,Latin America,2,New,No
2448,CLA,Avantgarde,2021,44945,131426,Plug-in Hybrid,Manual,4.7,210,Beige,Coupe,Middle East,3,Fair,No
2449,GLE,Base,2014,63567,164569,Hybrid,Automatic,3.9,154,Gold,SUV,North America,4,Good,Yes
2450,GLS,Sport,2015,116609,48081,Plug-in Hybrid,Manual,5.6,172,Red,SUV,Latin America,3,Like New,Yes
2451,GLS,Avantgarde,2016,107306,66082,Petrol,Automatic,5.8,133,Gold,SUV,Africa,2,New,No
2452,GLA,Base,2020,67396,173708,Hybrid,Manual,1.6,236,Red,Sedan,Latin America,3,New,Yes
2453,EQA,Night Edition,2023,79645,151054,Electric,Automatic,0,349,Green,SUV,Africa,2,Very Good,Yes
2454,GLE,Sport,2025,111557,150097,Plug-in Hybrid,Manual,3.9,489,Blue,SUV,Europe,4,Like New,No
2455,GLE,Sport,2014,82720,153629,Petrol,Manual,2.8,180,Gray,SUV,North America,3,New,Yes
2456,AMG GT,Night Edition,2024,153940,164547,Plug-in Hybrid,Automatic,6.2,192,Silver,Coupe,North America,2,Like New,Yes
2457,AMG GT,Base,2020,139432,138093,Diesel,Automatic,5.3,486,Blue,Coupe,Africa,1,Fair,Yes
2458,GLS,AMG Line,2015,94175,202786,Hybrid,Manual,6.8,357,Blue,SUV,North America,1,Fair,No
2459,GLE,Base,2009,39706,232922,Diesel,Automatic,3.6,164,Silver,SUV,North America,4,Fair,Yes
2460,AMG GT,Night Edition,2008,142795,230027,Plug-in Hybrid,Automatic,3.7,637,Beige,Coupe,Latin America,3,Fair,Yes
2461,C-Class,Premium,2014,40897,82158,Plug-in Hybrid,Automatic,6.1,156,Green,Hatchback,North America,3,Fair,No
2462,GLE,Avantgarde,2017,85027,83298,Plug-in Hybrid,Manual,2,204,Green,SUV,North America,2,Excellent,No
2463,GLA,Exclusive,2019,68679,135248,Petrol,Automatic,3.4,382,Green,Liftback,Africa,1,New,Yes
2464,S-Class,Luxury,2012,90758,193631,Hybrid,Automatic,4,172,Gray,SUV,North America,4,Excellent,Yes
2465,EQC,Luxury,2010,91278,126897,Electric,Automatic,0,480,Green,SUV,Africa,4,Very Good,Yes
2466,S-Class,Premium Plus,2014,118749,88959,Plug-in Hybrid,Manual,3.8,147,Gold,SUV,Europe,2,New,Yes
2467,EQC,Avantgarde,2011,108944,175892,Electric,Automatic,0,574,Gold,Sedan,Middle East,2,New,Yes
2468,S-Class,Base,2017,113588,94860,Diesel,Automatic,2,594,Black,SUV,Europe,4,Fair,Yes
2469,GLE,AMG Line,2008,86331,148991,Plug-in Hybrid,Manual,3.9,468,Blue,SUV,Latin America,2,Good,Yes
2470,GLE,Sport,2009,69812,66790,Diesel,Automatic,4,337,White,SUV,Asia Pacific,3,Very Good,No
2471,A-Class,Avantgarde,2016,61849,36414,Hybrid,Automatic,6.5,271,Red,Wagon,North America,2,New,No
2472,C-Class,Premium Plus,2020,56924,172057,Diesel,Manual,5.4,480,Brown,Coupe,Europe,3,Good,No
2473,GLA,Exclusive,2020,45597,96140,Hybrid,Manual,5.6,132,Gold,Convertible,Asia Pacific,3,Good,Yes
2474,S-Class,Avantgarde,2023,116944,38716,Diesel,Automatic,3.4,488,Brown,SUV,Middle East,4,Good,No
2475,EQC,Exclusive,2010,81216,88126,Electric,Automatic,0,479,Green,SUV,Africa,2,Fair,Yes
2476,EQB,Premium Plus,2010,59635,203329,Electric,Automatic,0,317,Blue,Sedan,Asia Pacific,1,Good,Yes
2477,CLA,AMG Line,2008,55016,188104,Plug-in Hybrid,Manual,4.3,217,Gray,Coupe,Middle East,3,New,No
2478,GLS,AMG Line,2020,96949,191915,Diesel,Manual,4.1,112,Silver,SUV,North America,3,Like New,Yes
2479,GLE,Night Edition,2019,99739,111767,Plug-in Hybrid,Automatic,5.8,477,Blue,SUV,North America,2,Very Good,Yes
2480,E-Class,AMG Line,2018,64772,169573,Diesel,Manual,3.7,280,Gray,Liftback,Asia Pacific,1,Very Good,Yes
2481,S-Class,Base,2023,134274,91017,Hybrid,Manual,3.3,601,Black,SUV,Latin America,2,Very Good,No
2482,GLA,Premium,2014,59449,126583,Petrol,Automatic,2.1,535,Blue,Roadster,Europe,1,Very Good,No
2483,GLA,Exclusive,2018,61414,99314,Hybrid,Automatic,5,439,Black,Coupe,Europe,4,Good,Yes
2484,B-Class,Avantgarde,2018,55754,158289,Plug-in Hybrid,Manual,1.8,376,Silver,Sedan,Europe,4,Very Good,No
2485,GLB,AMG Line,2024,57473,159584,Petrol,Manual,3.4,271,Brown,Sedan,Latin America,2,Excellent,Yes
2486,EQA,Night Edition,2009,54658,139042,Electric,Automatic,0,198,Brown,Sedan,Africa,3,Very Good,Yes
2487,A-Class,Luxury,2021,62158,35797,Plug-in Hybrid,Automatic,2.3,438,Gray,SUV,Europe,2,Fair,Yes
2488,S-Class,AMG Line,2018,137561,83307,Plug-in Hybrid,Automatic,3.6,476,White,SUV,Latin America,1,Like New,Yes
2489,AMG GT,Exclusive,2023,169350,88087,Plug-in Hybrid,Manual,4.6,407,Red,Coupe,Middle East,2,Like New,Yes
2490,EQC,AMG Line,2011,87566,78264,Electric,Automatic,0,270,Brown,Sedan,Asia Pacific,1,Excellent,Yes
2491,GLE,Base,2017,71721,33252,Petrol,Manual,2.5,252,Red,SUV,Middle East,3,Fair,Yes
2492,E-Class,Night Edition,2008,73005,95668,Plug-in Hybrid,Manual,6.5,486,Black,Convertible,Latin America,4,Fair,Yes
2493,GLC,Premium,2012,65970,168768,Plug-in Hybrid,Automatic,1.6,262,Green,Sedan,Europe,4,Excellent,No
2494,GLS,Night Edition,2019,125608,91898,Plug-in Hybrid,Manual,2.3,509,Gray,SUV,Latin America,1,Good,No
2495,C-Class,AMG Line,2023,79463,47267,Hybrid,Automatic,3.3,525,Brown,Coupe,Asia Pacific,3,Good,Yes
2496,A-Class,Premium,2015,54156,88517,Diesel,Automatic,1.8,289,Blue,Coupe,Latin America,4,New,Yes
2497,GLC,AMG Line,2009,67878,149853,Petrol,Manual,6.6,428,Gold,Sedan,Africa,2,Excellent,No
2498,C-Class,Sport,2015,51599,216280,Hybrid,Manual,3.9,174,White,Wagon,Asia Pacific,1,Like New,No
2499,EQB,Exclusive,2024,90720,56237,Electric,Automatic,0,361,Black,Sedan,Asia Pacific,1,Very Good,Yes
2500,AMG GT,Sport,2023,150097,176528,Petrol,Automatic,5,578,Beige,Coupe,Latin America,4,Fair,Yes
2501,EQB,Sport,2012,78148,69497,Electric,Automatic,0,376,Blue,SUV,North America,4,Good,Yes
2502,EQB,AMG Line,2017,74067,178754,Electric,Automatic,0,337,Silver,SUV,Asia Pacific,1,Very Good,No
2503,EQA,Base,2023,98800,55741,Electric,Automatic,0,564,Red,SUV,Europe,1,Very Good,Yes
2504,EQC,Premium,2021,83975,133119,Electric,Automatic,0,192,Silver,SUV,Middle East,4,Excellent,Yes
2505,CLA,Avantgarde,2010,35392,124110,Petrol,Manual,5.4,246,Red,Coupe,Africa,4,Good,No
2506,EQA,Premium Plus,2015,72640,89342,Electric,Automatic,0,420,Green,Sedan,Middle East,4,Good,Yes
2507,CLA,Base,2011,49491,126756,Plug-in Hybrid,Manual,5.9,388,White,Coupe,Europe,4,Fair,Yes
2508,GLE,AMG Line,2024,99460,19042,Diesel,Manual,1.8,235,White,SUV,Europe,3,New,Yes
2509,GLE,Premium,2012,101001,184532,Plug-in Hybrid,Automatic,3.6,477,Black,SUV,Latin America,2,New,Yes
2510,GLE,Avantgarde,2024,78184,32973,Petrol,Manual,6.6,320,Gold,SUV,Latin America,4,Fair,No
2511,EQC,Premium,2025,73714,130189,Electric,Automatic,0,223,Blue,Sedan,Africa,2,Fair,Yes
2512,S-Class,Sport,2012,85400,160950,Petrol,Manual,6.2,144,Black,SUV,Europe,4,Very Good,Yes
2513,EQB,AMG Line,2018,85573,103051,Electric,Automatic,0,208,Gray,SUV,Asia Pacific,2,New,Yes
2514,S-Class,Sport,2010,101632,97137,Hybrid,Manual,5,167,Brown,SUV,Europe,1,Like New,No
2515,EQB,Luxury,2016,86367,35350,Electric,Automatic,0,480,Beige,SUV,Asia Pacific,4,Good,No
2516,CLA,Premium,2024,77666,185034,Petrol,Manual,2.9,538,Gray,Coupe,Middle East,4,Like New,Yes
2517,GLE,Sport,2012,71619,188494,Petrol,Automatic,5.2,190,Beige,SUV,Latin America,2,Like New,Yes
2518,GLC,Premium,2020,63593,107397,Diesel,Manual,2.5,201,Gold,Convertible,North America,4,Like New,Yes
2519,EQC,Sport,2010,64517,180242,Electric,Automatic,0,204,Red,SUV,Asia Pacific,3,Good,Yes
2520,C-Class,AMG Line,2020,82090,52589,Diesel,Manual,2.6,563,Silver,Roadster,Latin America,2,Like New,Yes
2521,GLS,Sport,2024,111527,117897,Petrol,Manual,6.8,236,Green,SUV,North America,3,Excellent,No
2522,EQB,Avantgarde,2024,75186,152523,Electric,Automatic,0,365,Brown,Sedan,Middle East,3,Fair,No
2523,GLS,Exclusive,2020,130035,105779,Petrol,Manual,4.3,426,Gray,SUV,Africa,3,New,Yes
2524,E-Class,Base,2013,62900,132174,Diesel,Manual,3.8,109,Beige,Wagon,Latin America,3,New,No
2525,E-Class,Luxury,2015,85005,203207,Plug-in Hybrid,Manual,4.3,570,Brown,Sedan,North America,1,Very Good,Yes
2526,GLC,Sport,2016,72709,112657,Petrol,Automatic,5,191,Green,Liftback,Middle East,2,New,No
2527,EQC,Avantgarde,2019,114775,43695,Electric,Automatic,0,535,Green,SUV,Asia Pacific,1,Like New,Yes
2528,GLA,Sport,2010,56954,82225,Plug-in Hybrid,Manual,4.1,407,Black,Wagon,Asia Pacific,2,Good,Yes
2529,E-Class,Sport,2014,73928,187888,Diesel,Manual,4.8,637,Gray,Liftback,Middle East,4,Fair,Yes
2530,EQC,Luxury,2018,111464,105762,Electric,Automatic,0,500,Red,SUV,Asia Pacific,4,New,Yes
2531,CLA,AMG Line,2024,89433,182903,Hybrid,Manual,4.8,601,Red,Coupe,Europe,1,New,Yes
2532,S-Class,Avantgarde,2012,116519,51118,Plug-in Hybrid,Automatic,2,437,Gray,SUV,North America,2,Good,No
2533,E-Class,Base,2023,64711,54758,Hybrid,Manual,3.4,161,Blue,Wagon,Latin America,2,Fair,No
2534,EQB,Base,2012,58864,199522,Electric,Automatic,0,365,White,Sedan,Latin America,3,Fair,Yes
2535,AMG GT,Premium,2016,158375,192648,Diesel,Automatic,2.1,465,Beige,Coupe,Asia Pacific,1,New,Yes
2536,EQC,Base,2014,86502,153396,Electric,Automatic,0,429,Beige,SUV,Middle East,4,Very Good,Yes
2537,B-Class,Base,2015,48542,118236,Diesel,Manual,5.4,537,Green,SUV,Africa,3,Fair,No
2538,AMG GT,Night Edition,2018,141040,127653,Hybrid,Manual,2.7,351,Green,Coupe,North America,1,Good,Yes
2539,EQC,Premium Plus,2010,95583,62704,Electric,Automatic,0,335,Black,Sedan,Africa,2,New,Yes
2540,B-Class,Avantgarde,2009,70156,135285,Diesel,Automatic,6.4,575,Gray,Convertible,Europe,2,New,Yes
2541,GLE,Premium Plus,2011,94286,146448,Diesel,Manual,3.3,562,Silver,SUV,Africa,3,Like New,Yes
2542,GLB,Base,2020,54376,114096,Hybrid,Automatic,3.4,306,Blue,Roadster,Latin America,1,Fair,Yes
2543,E-Class,AMG Line,2023,70150,150785,Diesel,Manual,3.8,286,Brown,SUV,Europe,1,Very Good,Yes
2544,S-Class,Night Edition,2021,101658,74624,Diesel,Manual,4.9,258,Silver,SUV,Europe,2,Very Good,Yes
2545,S-Class,Premium,2010,105621,210962,Plug-in Hybrid,Automatic,2.5,177,Green,SUV,Africa,4,New,No
2546,EQA,Exclusive,2009,68084,203116,Electric,Automatic,0,393,White,Sedan,Middle East,3,Very Good,No
2547,GLC,Base,2013,69578,104329,Hybrid,Automatic,2.3,141,Brown,Coupe,Europe,1,New,Yes
2548,C-Class,Premium Plus,2024,66321,46754,Hybrid,Automatic,3.4,188,Green,Coupe,Latin America,4,Excellent,Yes
2549,E-Class,Night Edition,2021,64843,23559,Hybrid,Manual,5.8,208,Brown,Hatchback,Europe,2,Fair,Yes
2550,C-Class,Premium,2023,63071,150208,Diesel,Automatic,2.5,433,Gold,Liftback,North America,2,Very Good,Yes
2551,GLE,Premium Plus,2017,93922,88798,Plug-in Hybrid,Automatic,2.3,265,Brown,SUV,Latin America,3,Like New,Yes
2552,B-Class,Luxury,2024,90979,110795,Plug-in Hybrid,Manual,5.6,633,White,Hatchback,Asia Pacific,4,Like New,Yes
2553,C-Class,Premium,2020,32605,172288,Hybrid,Manual,6.9,109,Green,Hatchback,Europe,1,Fair,Yes
2554,A-Class,Avantgarde,2017,40390,181062,Hybrid,Automatic,1.8,312,Silver,Roadster,Asia Pacific,1,Good,Yes
2555,EQA,Luxury,2008,52727,224432,Electric,Automatic,0,201,Silver,Sedan,North America,4,Very Good,No
2556,EQA,Night Edition,2020,69949,60166,Electric,Automatic,0,221,Green,Sedan,Middle East,1,Good,Yes
2557,GLC,Night Edition,2015,80648,94341,Petrol,Automatic,2,494,Silver,SUV,Africa,1,Excellent,No
2558,E-Class,Exclusive,2011,62432,109619,Hybrid,Manual,4,335,Gold,Coupe,Latin America,3,Good,Yes
2559,EQB,Exclusive,2010,66136,139799,Electric,Automatic,0,298,Brown,Sedan,Latin America,2,Very Good,Yes
2560,B-Class,Exclusive,2019,66002,96498,Diesel,Automatic,4.2,553,Red,Sedan,Europe,1,Excellent,Yes
2561,EQC,Premium Plus,2017,81742,139925,Electric,Automatic,0,278,Blue,SUV,North America,3,Good,Yes
2562,GLA,Premium Plus,2008,24529,119783,Diesel,Automatic,6.4,124,Gray,Liftback,Latin America,2,Good,No
2563,C-Class,Exclusive,2013,76099,68695,Petrol,Manual,5,506,Blue,Roadster,Africa,1,Like New,No
2564,B-Class,AMG Line,2022,78143,35486,Petrol,Manual,2.3,450,White,Liftback,Europe,1,New,Yes
2565,S-Class,Luxury,2012,85098,192724,Diesel,Automatic,2.9,127,Silver,SUV,Africa,1,Like New,Yes
2566,E-Class,Luxury,2011,70899,138232,Petrol,Automatic,3.8,424,Green,Wagon,Europe,2,Excellent,Yes
2567,EQC,Base,2020,88313,102049,Electric,Automatic,0,196,Blue,Sedan,Africa,4,Excellent,No
2568,E-Class,Premium,2024,95814,107255,Plug-in Hybrid,Automatic,3.5,224,Silver,Convertible,Middle East,1,New,No
2569,S-Class,Sport,2013,120810,67071,Petrol,Manual,6.7,316,Gold,SUV,Latin America,4,New,Yes
2570,EQC,Base,2018,87294,161199,Electric,Automatic,0,562,Beige,SUV,Asia Pacific,3,Fair,Yes
2571,S-Class,Luxury,2024,115944,160196,Hybrid,Manual,2.5,193,Gray,SUV,Latin America,4,New,Yes
2572,E-Class,Base,2021,80722,155905,Diesel,Automatic,3.9,251,Gray,Wagon,Asia Pacific,3,New,No
2573,GLE,Avantgarde,2021,100159,69023,Petrol,Automatic,1.7,371,Beige,SUV,Asia Pacific,1,Like New,Yes
2574,EQC,Avantgarde,2021,93400,79539,Electric,Automatic,0,451,White,SUV,North America,4,Fair,No
2575,EQB,Premium Plus,2023,80232,46841,Electric,Automatic,0,349,Black,Sedan,Latin America,2,Fair,Yes
2576,S-Class,Luxury,2011,91185,159885,Diesel,Manual,6.5,163,Beige,SUV,Africa,3,Excellent,No
2577,EQA,Night Edition,2008,76943,191524,Electric,Automatic,0,485,Green,Sedan,Middle East,1,Like New,Yes
2578,EQB,Avantgarde,2021,90765,118479,Electric,Automatic,0,261,Blue,Sedan,Africa,2,New,No
2579,GLA,Exclusive,2011,51315,54469,Diesel,Automatic,1.5,278,Brown,Coupe,Europe,3,Excellent,No
2580,CLA,Exclusive,2009,57919,123291,Hybrid,Manual,3.6,523,White,Coupe,North America,2,Good,Yes
2581,GLE,Sport,2008,100065,123850,Plug-in Hybrid,Automatic,5.3,382,Red,SUV,North America,4,New,No
2582,GLA,Night Edition,2020,79840,78754,Hybrid,Manual,6.6,622,Green,SUV,North America,3,Very Good,No
2583,GLS,Night Edition,2010,94291,95309,Diesel,Manual,3.9,372,Beige,SUV,North America,2,Good,Yes
2584,S-Class,Avantgarde,2018,125668,101560,Hybrid,Automatic,1.7,443,Green,SUV,North America,2,Excellent,Yes
2585,GLB,Premium Plus,2016,39309,87084,Petrol,Automatic,1.8,159,White,Sedan,Africa,2,Fair,No
2586,EQB,AMG Line,2015,85854,189842,Electric,Automatic,0,478,Silver,SUV,Middle East,1,Excellent,Yes
2587,A-Class,Avantgarde,2021,47750,118438,Diesel,Manual,1.3,167,Green,Sedan,Latin America,1,New,Yes
2588,A-Class,Premium Plus,2010,29268,158049,Diesel,Manual,5,134,White,Liftback,Europe,1,Like New,Yes
2589,GLC,Sport,2022,96549,142635,Diesel,Automatic,3.4,620,Beige,Roadster,Africa,2,New,No
2590,GLB,Base,2008,64402,145376,Diesel,Manual,5.9,623,Gray,SUV,Latin America,2,Excellent,Yes
2591,A-Class,Avantgarde,2024,50279,118526,Diesel,Automatic,1.7,252,Blue,Hatchback,Europe,3,Excellent,No
2592,GLS,Luxury,2023,120048,163127,Hybrid,Automatic,6.4,544,Beige,SUV,North America,1,Good,Yes
2593,A-Class,AMG Line,2018,55006,32093,Plug-in Hybrid,Automatic,2.9,228,Brown,Sedan,Africa,4,Excellent,No
2594,GLS,Avantgarde,2017,105660,87396,Petrol,Manual,4.4,497,Gray,SUV,North America,3,Fair,Yes
2595,GLE,Premium Plus,2009,79414,122283,Plug-in Hybrid,Automatic,1.5,159,Blue,SUV,Asia Pacific,2,Like New,Yes
2596,GLB,Luxury,2014,49624,69662,Petrol,Automatic,5.8,262,Red,Wagon,Asia Pacific,3,Good,Yes
2597,CLA,Luxury,2023,62627,168568,Petrol,Manual,5.6,574,Red,Coupe,North America,1,Fair,Yes
2598,E-Class,Luxury,2018,109437,84012,Plug-in Hybrid,Automatic,2.7,553,Gray,Coupe,Latin America,3,New,No
2599,GLS,Exclusive,2020,108106,104590,Diesel,Manual,4,433,Gold,SUV,Latin America,2,Good,Yes
2600,A-Class,Premium Plus,2019,49683,106864,Plug-in Hybrid,Manual,1.8,200,Black,Sedan,North America,2,Very Good,Yes
2601,C-Class,Sport,2022,83424,91457,Hybrid,Manual,6.1,434,Gold,Coupe,Europe,1,Like New,Yes
2602,EQC,Premium,2008,91486,220393,Electric,Automatic,0,388,Gray,SUV,Europe,3,New,Yes
2603,C-Class,Avantgarde,2010,57259,175043,Hybrid,Manual,4.1,301,Silver,SUV,North America,2,Like New,Yes
2604,A-Class,AMG Line,2021,63105,78242,Hybrid,Automatic,4.7,533,White,Hatchback,Middle East,2,Good,No
2605,EQB,Avantgarde,2011,83133,181591,Electric,Automatic,0,478,Blue,SUV,Europe,3,Excellent,Yes
2606,GLE,Night Edition,2011,75917,162863,Plug-in Hybrid,Manual,5.5,136,Blue,SUV,Asia Pacific,1,Excellent,Yes
2607,GLC,Exclusive,2025,85993,82645,Diesel,Automatic,1.6,324,Black,SUV,Asia Pacific,1,New,No
2608,GLS,Exclusive,2009,124746,114123,Hybrid,Manual,6.2,419,Black,SUV,Asia Pacific,2,New,Yes
2609,GLC,AMG Line,2018,101402,79979,Hybrid,Automatic,4.5,603,Gray,Sedan,Asia Pacific,1,New,No
2610,CLA,Premium,2025,87650,125143,Hybrid,Manual,6,555,Brown,Coupe,Latin America,3,Like New,Yes
2611,EQC,Premium Plus,2021,96853,71030,Electric,Automatic,0,542,Gold,Sedan,North America,3,Fair,No
2612,B-Class,Premium,2009,46254,104566,Hybrid,Manual,4.1,462,White,Sedan,Asia Pacific,3,Fair,Yes
2613,GLA,AMG Line,2018,61986,70946,Diesel,Manual,6.7,293,Silver,Coupe,Asia Pacific,4,Like New,Yes
2614,GLA,Sport,2021,92970,35080,Hybrid,Manual,1.6,632,Gold,Coupe,Europe,1,Excellent,No
2615,AMG GT,Night Edition,2008,146470,74467,Diesel,Automatic,3.8,516,Brown,Coupe,Asia Pacific,1,Very Good,Yes
2616,EQC,Premium Plus,2008,84147,102529,Electric,Automatic,0,437,Gray,SUV,Asia Pacific,1,Good,Yes
2617,E-Class,Premium Plus,2024,101990,48316,Petrol,Manual,3.3,391,Blue,SUV,Africa,2,New,Yes
2618,C-Class,Avantgarde,2009,82562,85743,Plug-in Hybrid,Automatic,1.6,474,Silver,Sedan,Middle East,1,New,Yes
2619,S-Class,Premium,2020,95296,154550,Petrol,Manual,6.3,278,Blue,SUV,Middle East,1,Fair,Yes
2620,S-Class,Premium Plus,2014,107636,124375,Hybrid,Manual,1.7,323,Red,SUV,North America,3,Excellent,Yes
2621,B-Class,Base,2008,60892,162096,Petrol,Manual,6,515,Beige,Sedan,Europe,2,New,No
2622,A-Class,Exclusive,2020,56757,147346,Petrol,Manual,5.3,589,White,Coupe,Africa,4,Good,Yes
2623,C-Class,Sport,2012,44822,170991,Petrol,Automatic,6.9,267,Silver,Liftback,Latin America,1,Excellent,Yes
2624,GLB,AMG Line,2011,44130,103535,Diesel,Manual,3.7,334,Brown,Hatchback,North America,2,Good,No
2625,GLC,Luxury,2020,94116,127854,Plug-in Hybrid,Manual,4.8,429,Silver,Coupe,Middle East,4,Like New,No
2626,EQA,Luxury,2016,83724,177008,Electric,Automatic,0,415,Silver,Sedan,North America,3,Like New,Yes
2627,EQB,Luxury,2021,69038,115001,Electric,Automatic,0,294,Silver,SUV,Latin America,4,Fair,No
2628,AMG GT,Premium Plus,2018,154278,139101,Petrol,Automatic,6,355,Beige,Coupe,Latin America,2,New,Yes
2629,GLA,Luxury,2013,42373,97428,Plug-in Hybrid,Manual,5.9,131,White,Convertible,North America,4,Good,Yes
2630,GLA,Night Edition,2008,47110,167748,Petrol,Manual,6.5,434,Blue,Sedan,Latin America,2,Very Good,No
2631,EQA,Base,2019,73654,140949,Electric,Automatic,0,282,Red,SUV,Asia Pacific,1,Very Good,Yes
2632,GLC,Luxury,2021,73318,83154,Diesel,Automatic,5.2,519,Green,Wagon,Europe,1,Fair,Yes
2633,GLS,Night Edition,2014,125944,116877,Plug-in Hybrid,Automatic,5.1,568,Silver,SUV,Europe,1,Good,Yes
2634,GLS,Base,2025,135662,117596,Petrol,Automatic,1.7,552,Brown,SUV,Latin America,1,Like New,Yes
2635,A-Class,Sport,2025,67986,68640,Petrol,Manual,2.7,453,Gold,Coupe,Africa,3,Like New,Yes
2636,CLA,Sport,2016,60351,187897,Plug-in Hybrid,Automatic,6.1,185,Beige,Coupe,Latin America,1,New,Yes
2637,E-Class,Sport,2009,95431,174985,Petrol,Manual,1.5,636,Blue,Roadster,Middle East,4,New,No
2638,EQA,Premium,2013,99657,63426,Electric,Automatic,0,546,Red,SUV,Africa,1,New,Yes
2639,EQB,Sport,2011,89163,182442,Electric,Automatic,0,605,Gold,Sedan,Asia Pacific,2,Very Good,No
2640,B-Class,Avantgarde,2013,37159,223998,Diesel,Manual,5.1,339,Green,Liftback,North America,1,Excellent,Yes
2641,AMG GT,Base,2024,191068,39600,Hybrid,Manual,5.2,637,White,Coupe,Europe,4,New,Yes
2642,EQC,Premium,2013,96887,158487,Electric,Automatic,0,612,Gold,Sedan,Asia Pacific,3,Very Good,No
2643,EQB,Night Edition,2015,69795,192079,Electric,Automatic,0,442,Gray,Sedan,Middle East,4,Fair,Yes
2644,E-Class,AMG Line,2015,68303,74748,Petrol,Manual,5.3,426,Black,Hatchback,Latin America,2,Fair,Yes
2645,GLS,Exclusive,2012,92917,206887,Diesel,Automatic,3.7,490,Brown,SUV,Europe,3,Fair,No
2646,C-Class,Luxury,2017,78340,72338,Plug-in Hybrid,Automatic,4.5,336,Green,SUV,Europe,4,Like New,Yes
2647,E-Class,Premium Plus,2009,88975,150364,Plug-in Hybrid,Manual,5.1,389,Blue,Hatchback,Asia Pacific,1,New,Yes
2648,A-Class,Luxury,2011,56761,98827,Diesel,Manual,4.8,585,Gold,Sedan,Africa,2,Very Good,No
2649,GLC,Base,2021,94440,161565,Hybrid,Automatic,5.8,555,Silver,Liftback,North America,3,Like New,No
2650,GLC,Premium Plus,2009,37192,200793,Petrol,Automatic,6.8,237,Beige,Sedan,North America,2,Fair,Yes
2651,EQC,Premium,2020,94462,137610,Electric,Automatic,0,247,Beige,Sedan,Latin America,4,New,Yes
2652,CLA,Sport,2021,41294,173488,Plug-in Hybrid,Automatic,2.3,139,Brown,Coupe,Latin America,1,Good,No
2653,B-Class,Premium,2024,75977,74949,Plug-in Hybrid,Manual,3.1,265,Red,Liftback,Latin America,2,New,Yes
2654,EQA,AMG Line,2009,78969,125157,Electric,Automatic,0,252,Red,Sedan,Middle East,2,New,Yes
2655,EQB,Night Edition,2024,109566,70218,Electric,Automatic,0,573,Gray,SUV,Latin America,1,Excellent,Yes
2656,EQA,Avantgarde,2008,64384,183623,Electric,Automatic,0,353,Beige,SUV,Asia Pacific,3,Very Good,Yes
2657,B-Class,Exclusive,2020,61120,191832,Petrol,Manual,6.8,338,Brown,Sedan,Middle East,1,New,Yes
2658,GLB,Exclusive,2017,83850,203736,Petrol,Automatic,4,574,Beige,Liftback,Asia Pacific,2,New,Yes
2659,CLA,AMG Line,2024,51336,42414,Diesel,Manual,2.3,315,Silver,Coupe,Middle East,3,Fair,Yes
2660,A-Class,Premium,2013,49892,204371,Plug-in Hybrid,Automatic,1.7,424,Beige,Sedan,Africa,4,Good,Yes
2661,AMG GT,Avantgarde,2013,166722,57481,Hybrid,Manual,6.1,457,Black,Coupe,Europe,3,New,Yes
2662,GLA,Avantgarde,2017,72696,59729,Hybrid,Manual,1.4,613,Green,Roadster,Europe,4,Good,Yes
2663,CLA,Premium Plus,2021,67642,79014,Hybrid,Automatic,3.1,406,Beige,Coupe,Europe,3,Excellent,No
2664,CLA,Sport,2021,55755,48731,Hybrid,Automatic,4.4,261,Brown,Coupe,Europe,2,Very Good,No
2665,GLC,AMG Line,2022,51360,63058,Petrol,Manual,6.5,188,Green,Convertible,North America,2,Fair,No
2666,GLA,AMG Line,2018,58423,182383,Plug-in Hybrid,Manual,1.9,384,Black,Convertible,North America,3,Good,Yes
2667,S-Class,Exclusive,2017,120468,45040,Plug-in Hybrid,Automatic,6.4,113,Beige,SUV,Middle East,2,New,Yes
2668,GLS,AMG Line,2008,98024,224946,Petrol,Automatic,6.9,339,White,SUV,Latin America,4,Like New,Yes
2669,GLB,Premium Plus,2024,95181,124579,Plug-in Hybrid,Manual,1.8,482,Silver,Wagon,Asia Pacific,3,New,No
2670,GLC,Premium,2009,50272,227162,Diesel,Manual,4,479,Black,Roadster,Africa,4,Fair,Yes
2671,GLA,Avantgarde,2008,65522,168820,Hybrid,Automatic,5.4,441,Gold,SUV,Asia Pacific,1,New,Yes
2672,C-Class,Premium Plus,2020,77376,186076,Hybrid,Manual,6.3,529,Green,Coupe,Europe,4,Excellent,No
2673,E-Class,Night Edition,2008,82895,239699,Hybrid,Manual,6.6,517,Beige,SUV,Middle East,1,New,Yes
2674,E-Class,Sport,2016,80153,117478,Plug-in Hybrid,Manual,6.8,289,White,SUV,Europe,4,Excellent,No
2675,E-Class,Avantgarde,2008,60292,200216,Plug-in Hybrid,Manual,4.7,293,Beige,Coupe,Africa,1,Good,Yes
2676,GLC,Base,2009,73525,167107,Diesel,Manual,5.6,556,Red,Sedan,Asia Pacific,2,Excellent,Yes
2677,C-Class,Night Edition,2023,88594,48594,Plug-in Hybrid,Manual,5.4,598,Green,Sedan,North America,3,Good,No
2678,AMG GT,Luxury,2010,134186,195357,Plug-in Hybrid,Manual,2.7,441,White,Coupe,Middle East,3,Fair,Yes
2679,GLA,Premium Plus,2024,71908,9292,Hybrid,Automatic,5.8,482,White,Convertible,Middle East,3,Fair,Yes
2680,GLE,Night Edition,2017,85789,42638,Petrol,Manual,4.9,446,White,SUV,Africa,3,Fair,No
2681,GLS,AMG Line,2018,117631,126070,Diesel,Manual,2.6,467,Gold,SUV,Europe,3,Like New,No
2682,C-Class,Avantgarde,2009,35547,120471,Petrol,Automatic,6,126,Gold,Roadster,Latin America,1,Excellent,Yes
2683,S-Class,Premium,2020,146257,64959,Plug-in Hybrid,Automatic,5.3,623,Gold,SUV,Asia Pacific,4,Like New,Yes
2684,EQC,Sport,2023,93292,136440,Electric,Automatic,0,386,Silver,Sedan,Latin America,3,Good,Yes
2685,EQB,AMG Line,2012,90224,139128,Electric,Automatic,0,511,Blue,SUV,North America,3,Like New,No
2686,C-Class,Avantgarde,2016,61723,79034,Plug-in Hybrid,Automatic,3.1,229,Gold,Coupe,Europe,1,Excellent,Yes
2687,GLB,Exclusive,2019,61470,149630,Plug-in Hybrid,Automatic,2.2,351,Silver,Liftback,Africa,4,Good,No
2688,S-Class,Night Edition,2018,96708,168001,Hybrid,Automatic,6.9,335,Red,SUV,Africa,2,Fair,Yes
2689,C-Class,Luxury,2013,45043,198707,Diesel,Automatic,3.6,356,Black,Roadster,Africa,1,Very Good,No
2690,A-Class,Avantgarde,2018,62862,36468,Plug-in Hybrid,Automatic,5.9,333,Brown,Hatchback,Africa,4,Excellent,Yes
2691,GLB,Sport,2015,53727,178364,Diesel,Automatic,3.3,333,Black,Liftback,Europe,1,Excellent,Yes
2692,CLA,Exclusive,2025,77748,169730,Plug-in Hybrid,Automatic,5.7,603,Beige,Coupe,North America,1,Good,Yes
2693,GLB,AMG Line,2013,38698,160874,Petrol,Automatic,5.5,208,White,Sedan,Latin America,3,Good,Yes
2694,AMG GT,Avantgarde,2008,156379,207376,Plug-in Hybrid,Automatic,4.5,405,Black,Coupe,Latin America,4,New,No
2695,GLB,Premium,2023,78250,114391,Plug-in Hybrid,Automatic,6,255,White,Liftback,Asia Pacific,4,New,Yes
2696,S-Class,Avantgarde,2016,119728,143194,Diesel,Manual,1.5,532,Brown,SUV,Africa,1,Like New,Yes
2697,GLS,Base,2014,143656,57995,Plug-in Hybrid,Manual,2.5,505,Gold,SUV,Middle East,4,New,No
2698,EQA,Luxury,2011,65942,129901,Electric,Automatic,0,323,Green,Sedan,North America,4,Good,Yes
2699,GLB,Night Edition,2019,79763,106329,Hybrid,Automatic,4.6,426,Red,Liftback,Asia Pacific,3,New,Yes
2700,GLC,Avantgarde,2018,68111,91966,Plug-in Hybrid,Automatic,6.6,306,Red,Liftback,Middle East,4,Fair,Yes
2701,GLB,AMG Line,2015,62554,69634,Petrol,Automatic,4.5,312,Beige,Convertible,Middle East,4,Like New,Yes
2702,AMG GT,Luxury,2023,157332,59880,Petrol,Manual,1.6,512,Silver,Coupe,Latin America,4,Good,Yes
2703,GLC,Exclusive,2009,67401,68520,Hybrid,Automatic,1.6,348,White,Convertible,Asia Pacific,3,Excellent,Yes
2704,B-Class,Premium Plus,2021,49974,31177,Petrol,Automatic,5.4,177,Green,Hatchback,Middle East,2,Excellent,Yes
2705,AMG GT,Night Edition,2023,156017,13574,Plug-in Hybrid,Manual,6,273,Gray,Coupe,Latin America,2,Very Good,Yes
2706,AMG GT,Night Edition,2025,156934,160949,Hybrid,Manual,2.5,467,Brown,Coupe,Middle East,1,Good,Yes
2707,GLS,AMG Line,2009,99625,219523,Diesel,Automatic,4.9,522,Silver,SUV,Europe,3,Very Good,No
2708,B-Class,Night Edition,2011,46497,126646,Plug-in Hybrid,Automatic,5.1,320,Black,Hatchback,North America,4,Very Good,No
2709,GLS,Premium Plus,2016,122081,55780,Plug-in Hybrid,Manual,3.2,233,Gold,SUV,Africa,2,New,No
2710,CLA,Premium,2015,94671,102756,Plug-in Hybrid,Manual,6.6,611,Gold,Coupe,Asia Pacific,3,New,Yes
2711,GLB,Base,2012,86783,49452,Hybrid,Manual,7,562,Red,Wagon,Latin America,2,New,Yes
2712,A-Class,Premium Plus,2015,69077,110801,Hybrid,Automatic,3.7,488,Green,Sedan,Latin America,2,Like New,No
2713,GLE,AMG Line,2019,87034,97004,Hybrid,Manual,1.9,231,Green,SUV,Middle East,1,Like New,No
2714,EQC,AMG Line,2023,102298,84485,Electric,Automatic,0,604,Beige,SUV,Middle East,1,Fair,No
2715,GLE,Premium Plus,2022,109373,29328,Hybrid,Automatic,3.6,607,Brown,SUV,Middle East,1,Very Good,No
2716,EQC,Exclusive,2010,98806,85541,Electric,Automatic,0,492,Green,Sedan,Africa,1,Excellent,Yes
2717,A-Class,Premium Plus,2024,48960,114144,Petrol,Manual,2.8,253,White,Hatchback,Asia Pacific,2,Very Good,No
2718,AMG GT,Night Edition,2023,136869,47524,Hybrid,Manual,4.2,123,White,Coupe,North America,4,Very Good,No
2719,GLB,Luxury,2022,77029,99860,Plug-in Hybrid,Manual,1.3,590,Gold,Sedan,Asia Pacific,4,Fair,Yes
2720,EQA,Sport,2018,89390,69652,Electric,Automatic,0,443,Black,SUV,North America,4,Excellent,Yes
2721,GLE,AMG Line,2019,93152,46460,Petrol,Automatic,2,529,Gold,SUV,Latin America,3,Good,Yes
2722,AMG GT,Luxury,2024,156865,74828,Hybrid,Automatic,4.3,444,Blue,Coupe,Africa,1,Good,Yes
2723,A-Class,Sport,2009,31860,130197,Plug-in Hybrid,Automatic,5.3,244,White,Wagon,Middle East,3,Fair,Yes
2724,S-Class,Avantgarde,2024,109878,52313,Hybrid,Manual,4.9,110,Gold,SUV,Africa,2,Excellent,Yes
2725,GLE,Night Edition,2012,82854,214647,Hybrid,Manual,6,398,Black,SUV,North America,4,Excellent,Yes
2726,A-Class,Premium Plus,2012,40121,169987,Diesel,Automatic,6.1,403,Gold,Liftback,Middle East,4,Very Good,Yes
2727,A-Class,Luxury,2019,48409,55269,Petrol,Automatic,4.1,399,Beige,Wagon,Latin America,2,Good,Yes
2728,EQA,Premium,2022,111699,25673,Electric,Automatic,0,507,White,SUV,North America,2,New,Yes
2729,B-Class,Premium Plus,2008,43035,222477,Diesel,Manual,3.1,608,Beige,Liftback,Africa,4,Good,Yes
2730,GLS,Luxury,2024,137785,32529,Hybrid,Automatic,4,490,Gold,SUV,Africa,4,Excellent,No
2731,GLC,Base,2011,92795,216663,Plug-in Hybrid,Manual,4.1,606,White,Sedan,Asia Pacific,4,New,Yes
2732,GLE,Luxury,2010,82753,72245,Hybrid,Automatic,4,494,Beige,SUV,Asia Pacific,3,Fair,Yes
2733,EQC,Base,2025,87756,171802,Electric,Automatic,0,363,Beige,Sedan,North America,3,Good,No
2734,C-Class,Sport,2023,94911,51850,Plug-in Hybrid,Automatic,4.3,489,Blue,SUV,Middle East,1,New,Yes
2735,S-Class,AMG Line,2014,136305,60226,Diesel,Manual,5.9,617,Brown,SUV,North America,4,New,Yes
2736,EQA,Luxury,2009,63030,109276,Electric,Automatic,0,295,Silver,Sedan,Latin America,4,Very Good,Yes
2737,CLA,Sport,2024,54899,159558,Petrol,Manual,6.9,290,Blue,Coupe,Africa,2,Excellent,Yes
2738,CLA,Sport,2023,48579,62451,Plug-in Hybrid,Automatic,4.7,110,Black,Coupe,Asia Pacific,2,Good,No
2739,GLB,Exclusive,2020,65870,128371,Plug-in Hybrid,Manual,6,133,Gray,Sedan,North America,4,New,Yes
2740,GLB,Avantgarde,2010,32766,212832,Petrol,Manual,1.4,291,White,Roadster,Middle East,4,Fair,Yes
2741,GLS,Premium,2017,114286,174508,Plug-in Hybrid,Manual,5.5,146,Gold,SUV,Asia Pacific,2,New,Yes
2742,GLA,Exclusive,2012,60743,84973,Plug-in Hybrid,Automatic,1.3,485,Gray,Coupe,Middle East,2,Fair,Yes
2743,EQA,Exclusive,2012,80221,161624,Electric,Automatic,0,376,White,Sedan,Asia Pacific,4,Like New,No
2744,A-Class,Sport,2018,48988,97824,Diesel,Automatic,6.3,385,Red,Wagon,Africa,3,Very Good,Yes
2745,EQB,Premium Plus,2016,79124,208376,Electric,Automatic,0,363,Gold,Sedan,Middle East,2,Excellent,Yes
2746,E-Class,Avantgarde,2019,72217,196660,Hybrid,Automatic,1.7,134,Black,Wagon,Europe,3,New,No
2747,B-Class,AMG Line,2023,41619,147166,Hybrid,Manual,4,243,Green,Liftback,Middle East,3,Fair,Yes
2748,GLE,Sport,2013,79549,82307,Petrol,Manual,6.4,477,Green,SUV,Middle East,3,Fair,Yes
2749,EQC,Exclusive,2022,107396,98623,Electric,Automatic,0,332,Green,SUV,Europe,1,New,Yes
2750,GLS,Exclusive,2009,99294,71236,Petrol,Automatic,3.8,297,Black,SUV,Africa,3,Very Good,Yes
2751,E-Class,Premium,2025,84972,6086,Petrol,Automatic,5.9,263,Silver,SUV,Middle East,4,Excellent,No
2752,GLB,AMG Line,2009,61507,165220,Hybrid,Manual,4.7,536,White,Sedan,Europe,2,Very Good,Yes
2753,GLE,Luxury,2015,102827,81069,Petrol,Automatic,2,445,Black,SUV,Africa,1,New,Yes
2754,S-Class,Base,2019,126439,51688,Hybrid,Automatic,3,479,Gold,SUV,Latin America,3,Excellent,Yes
2755,GLA,Luxury,2015,65919,169499,Hybrid,Manual,6.9,468,Green,Liftback,Middle East,1,Like New,No
2756,GLA,Base,2010,62463,135699,Petrol,Manual,5.7,558,Blue,Convertible,Africa,1,Very Good,No
2757,GLC,Exclusive,2017,70264,201225,Petrol,Manual,5.7,217,Blue,Hatchback,Middle East,3,New,No
2758,GLB,Premium Plus,2018,81107,152146,Plug-in Hybrid,Manual,2.7,601,White,Convertible,Asia Pacific,4,Very Good,No
2759,EQA,Sport,2017,79739,173199,Electric,Automatic,0,510,Green,SUV,Latin America,2,Very Good,Yes
2760,EQC,AMG Line,2013,75466,89034,Electric,Automatic,0,334,Silver,Sedan,Middle East,1,Fair,Yes
2761,CLA,Base,2011,27558,164753,Diesel,Automatic,2.5,181,Brown,Coupe,Latin America,3,Good,No
2762,AMG GT,AMG Line,2024,148353,31923,Petrol,Manual,2.9,272,Brown,Coupe,Middle East,4,Very Good,Yes
2763,GLS,Sport,2008,106297,145783,Hybrid,Automatic,3.8,445,Red,SUV,Europe,4,Very Good,No
2764,GLC,AMG Line,2009,49454,159565,Diesel,Manual,5,220,Black,Convertible,Europe,2,Excellent,No
2765,E-Class,Sport,2024,86624,95093,Hybrid,Manual,4.8,513,Green,SUV,North America,3,Fair,No
2766,EQC,Sport,2014,66953,175304,Electric,Automatic,0,311,White,SUV,Europe,1,Fair,Yes
2767,AMG GT,Premium Plus,2010,154825,136087,Plug-in Hybrid,Automatic,2.5,273,White,Coupe,North America,1,New,Yes
2768,GLS,AMG Line,2018,98482,169752,Diesel,Automatic,6.9,274,Silver,SUV,Middle East,2,Excellent,Yes
2769,GLA,Sport,2008,52904,105406,Diesel,Manual,6.8,449,Gray,Coupe,Africa,4,Very Good,Yes
2770,AMG GT,Avantgarde,2013,158984,155303,Plug-in Hybrid,Manual,4.2,380,Blue,Coupe,North America,4,New,Yes
2771,GLS,Premium,2015,106533,55567,Petrol,Manual,1.8,238,Brown,SUV,Africa,3,Excellent,Yes
2772,A-Class,Sport,2018,51145,108089,Hybrid,Manual,2.9,449,Blue,SUV,Africa,2,Fair,Yes
2773,CLA,Premium Plus,2012,46425,123723,Hybrid,Manual,1.6,311,Blue,Coupe,Latin America,4,Good,Yes
2774,GLE,Luxury,2024,99022,163869,Plug-in Hybrid,Automatic,2.2,264,Gray,SUV,Asia Pacific,2,Like New,No
2775,GLE,Night Edition,2016,76719,36342,Hybrid,Automatic,2.1,158,Gold,SUV,Latin America,3,Very Good,No
2776,EQA,Premium,2010,89577,167363,Electric,Automatic,0,449,Black,Sedan,Latin America,1,New,Yes
2777,GLS,Base,2013,81165,178844,Diesel,Automatic,4.5,211,White,SUV,Middle East,1,Good,Yes
2778,GLC,Premium,2012,67759,105815,Plug-in Hybrid,Manual,4.5,315,Brown,Sedan,Middle East,2,Good,Yes
2779,GLC,Avantgarde,2022,99623,183666,Plug-in Hybrid,Automatic,5.9,545,Beige,Wagon,Latin America,4,Like New,No
2780,C-Class,Night Edition,2017,63715,39841,Petrol,Manual,2.5,551,Red,Convertible,Latin America,2,Fair,No
2781,EQA,Night Edition,2021,94773,84770,Electric,Automatic,0,552,Blue,Sedan,Middle East,3,Very Good,No
2782,GLA,Base,2024,64787,179802,Plug-in Hybrid,Automatic,4.8,434,Beige,Roadster,Europe,2,Fair,Yes
2783,EQC,Sport,2015,88283,124381,Electric,Automatic,0,306,Gray,Sedan,Middle East,2,Excellent,No
2784,A-Class,Premium Plus,2011,28002,82629,Hybrid,Manual,3.3,163,White,Convertible,Middle East,4,Fair,Yes
2785,AMG GT,Sport,2013,142647,54452,Petrol,Automatic,6.4,431,Blue,Coupe,North America,4,Very Good,No
2786,EQB,Night Edition,2018,98309,93231,Electric,Automatic,0,373,White,Sedan,Latin America,2,New,Yes
2787,GLB,Luxury,2009,63229,238243,Plug-in Hybrid,Automatic,3.4,433,Silver,Sedan,Europe,4,Like New,No
2788,EQC,Night Edition,2012,88659,148332,Electric,Automatic,0,351,Silver,Sedan,Middle East,2,Like New,No
2789,AMG GT,Luxury,2015,171813,80208,Diesel,Manual,4.7,597,Gold,Coupe,North America,3,New,Yes
2790,B-Class,Exclusive,2017,25434,173556,Diesel,Manual,2.8,169,White,Sedan,Asia Pacific,3,Good,No
2791,GLC,Luxury,2018,65560,127427,Plug-in Hybrid,Manual,2.6,138,White,SUV,Europe,2,Excellent,Yes
2792,C-Class,Avantgarde,2018,51117,162343,Diesel,Manual,3.6,186,Green,Liftback,Latin America,2,Like New,Yes
2793,E-Class,Exclusive,2016,60286,176263,Diesel,Manual,4.6,181,Gray,Wagon,Middle East,3,Excellent,No
2794,S-Class,Premium Plus,2010,107588,180921,Hybrid,Automatic,5,537,Blue,SUV,Middle East,1,Good,Yes
2795,GLB,Sport,2022,60184,112153,Diesel,Automatic,2.6,380,Blue,Hatchback,Asia Pacific,4,Very Good,No
2796,AMG GT,Night Edition,2012,150518,55537,Diesel,Manual,5.3,302,Red,Coupe,Asia Pacific,1,New,No
2797,GLC,Premium Plus,2011,79739,142581,Petrol,Automatic,5.7,445,White,Wagon,North America,1,New,Yes
2798,EQA,AMG Line,2023,82842,42325,Electric,Automatic,0,219,Blue,Sedan,North America,3,Excellent,Yes
2799,GLE,Night Edition,2015,91334,45866,Hybrid,Automatic,4.3,604,Beige,SUV,Europe,3,Fair,Yes
2800,EQC,Avantgarde,2010,86490,208635,Electric,Automatic,0,524,Blue,Sedan,Latin America,4,Very Good,No
2801,C-Class,Premium Plus,2010,81699,76415,Hybrid,Manual,6.5,511,Blue,Coupe,Asia Pacific,1,New,No
2802,C-Class,Premium,2013,56675,153089,Hybrid,Automatic,1.9,292,White,Coupe,Latin America,3,Excellent,Yes
2803,GLE,Premium Plus,2018,90843,62592,Diesel,Manual,6,574,Silver,SUV,Africa,2,Fair,Yes
2804,EQA,Base,2012,81944,50191,Electric,Automatic,0,362,Black,Sedan,Africa,4,Excellent,No
2805,GLB,Night Edition,2020,64787,47611,Hybrid,Manual,1.5,323,Green,Sedan,North America,2,Very Good,Yes
2806,GLE,Premium,2011,69643,227717,Diesel,Automatic,2.3,346,Brown,SUV,Middle East,2,Excellent,Yes
2807,EQB,Exclusive,2020,100001,48939,Electric,Automatic,0,363,Red,Sedan,Latin America,1,New,Yes
2808,E-Class,Premium,2013,93450,145306,Plug-in Hybrid,Manual,1.5,524,Green,Liftback,Asia Pacific,4,Like New,Yes
2809,S-Class,Exclusive,2022,122660,166842,Hybrid,Manual,5.3,409,Silver,SUV,Asia Pacific,4,Like New,No
2810,GLA,Night Edition,2015,65985,123157,Diesel,Manual,2.1,533,Red,Roadster,Latin America,4,Excellent,Yes
2811,GLA,Night Edition,2018,61018,172837,Petrol,Manual,6.4,613,White,Wagon,Africa,1,Fair,Yes
2812,GLE,AMG Line,2013,79197,175819,Diesel,Manual,4.7,354,Red,SUV,Europe,4,Like New,Yes
2813,EQC,Premium Plus,2011,111384,80686,Electric,Automatic,0,521,Red,Sedan,Europe,3,New,Yes
2814,EQB,Premium,2017,105045,42116,Electric,Automatic,0,493,Green,Sedan,Asia Pacific,1,New,Yes
2815,E-Class,Sport,2022,71913,66987,Diesel,Automatic,4.5,249,Gray,Liftback,North America,4,Very Good,No
2816,CLA,Night Edition,2025,82077,76917,Petrol,Automatic,5.4,479,Gold,Coupe,Middle East,4,New,No
2817,GLB,Premium,2014,71948,49930,Petrol,Automatic,6.7,508,Gray,Liftback,North America,4,Excellent,Yes
2818,GLB,AMG Line,2008,46359,233817,Plug-in Hybrid,Automatic,6.3,222,Green,Wagon,Europe,4,Excellent,Yes
2819,B-Class,Premium,2015,74610,114756,Plug-in Hybrid,Manual,2.6,554,Green,Sedan,Africa,4,Excellent,Yes
2820,CLA,Avantgarde,2014,71971,110716,Hybrid,Manual,2.4,399,White,Coupe,Asia Pacific,2,New,No
2821,S-Class,Premium,2023,105642,56733,Diesel,Automatic,3.4,283,Black,SUV,Africa,3,Very Good,No
2822,GLB,Sport,2013,28217,118648,Diesel,Automatic,5.6,171,Gold,Wagon,Africa,1,Fair,Yes
2823,EQC,Premium Plus,2015,78780,120209,Electric,Automatic,0,417,Gray,SUV,Asia Pacific,4,Fair,No
2824,A-Class,Premium,2021,68931,37526,Plug-in Hybrid,Manual,1.4,204,Blue,Convertible,Middle East,3,New,No
2825,CLA,Sport,2011,37915,165386,Diesel,Automatic,1.6,436,Green,Coupe,Middle East,4,Fair,Yes
2826,A-Class,Avantgarde,2023,66794,177393,Diesel,Automatic,3.3,513,Black,Sedan,Africa,1,Like New,Yes
2827,EQA,Base,2025,111276,38026,Electric,Automatic,0,447,Brown,SUV,Africa,4,New,Yes
2828,EQA,Luxury,2012,71026,107956,Electric,Automatic,0,331,Blue,Sedan,Africa,1,Excellent,Yes
2829,CLA,Exclusive,2008,45154,99039,Plug-in Hybrid,Automatic,4,389,Blue,Coupe,Latin America,4,Fair,No
2830,GLS,Sport,2025,122740,44567,Plug-in Hybrid,Manual,5.5,151,Black,SUV,Africa,3,Like New,Yes
2831,GLA,Sport,2022,56110,188920,Hybrid,Manual,4.9,421,Silver,Liftback,Asia Pacific,4,Good,Yes
2832,B-Class,Night Edition,2017,79019,186350,Plug-in Hybrid,Automatic,2.3,516,Black,Wagon,Europe,2,New,No
2833,GLS,Sport,2015,100174,200073,Petrol,Automatic,6.8,174,Gray,SUV,North America,3,New,Yes
2834,E-Class,Exclusive,2015,73724,130795,Petrol,Manual,6.7,158,Black,Hatchback,Latin America,4,New,Yes
2835,E-Class,Night Edition,2016,87295,145080,Petrol,Automatic,1.6,432,Blue,Sedan,Asia Pacific,4,New,No
2836,GLB,Premium Plus,2009,39502,238901,Hybrid,Automatic,5.7,245,Gray,Convertible,Africa,3,Good,Yes
2837,B-Class,AMG Line,2024,73900,36760,Plug-in Hybrid,Manual,3.9,245,Gray,Roadster,Africa,1,New,No
2838,A-Class,AMG Line,2016,53005,169714,Hybrid,Manual,5.6,388,Brown,Coupe,Europe,1,Excellent,Yes
2839,CLA,Avantgarde,2020,54675,138154,Petrol,Manual,2.8,330,Beige,Coupe,North America,3,Very Good,Yes
2840,S-Class,AMG Line,2011,107951,124565,Petrol,Manual,3.4,259,Red,SUV,Europe,4,New,Yes
2841,EQB,Premium Plus,2025,93074,130683,Electric,Automatic,0,518,Gray,SUV,Europe,1,Good,Yes
2842,AMG GT,Luxury,2023,177219,55011,Plug-in Hybrid,Automatic,1.5,549,Black,Coupe,Middle East,1,Like New,No
2843,B-Class,Base,2025,71114,154725,Petrol,Automatic,6.4,424,Black,Roadster,Middle East,3,New,Yes
2844,E-Class,Premium Plus,2025,100503,16678,Plug-in Hybrid,Manual,3.9,579,White,Sedan,Latin America,2,Fair,No
2845,GLE,Premium,2020,115976,139877,Hybrid,Manual,1.8,546,Silver,SUV,Africa,3,New,No
2846,GLS,Base,2022,97279,186198,Hybrid,Manual,4,120,Green,SUV,Asia Pacific,1,Excellent,Yes
2847,EQC,Night Edition,2019,108504,100648,Electric,Automatic,0,552,Blue,SUV,Latin America,1,Excellent,No
2848,B-Class,Luxury,2023,38942,111914,Hybrid,Automatic,4.8,213,White,Sedan,North America,3,Fair,No
2849,GLC,Base,2015,50370,157425,Petrol,Manual,6.3,310,Blue,Sedan,Middle East,4,Fair,No
2850,EQB,Base,2017,110162,60117,Electric,Automatic,0,484,Silver,SUV,Africa,4,New,Yes
2851,EQA,Base,2012,74542,119540,Electric,Automatic,0,434,White,Sedan,Latin America,4,Very Good,No
2852,GLA,Avantgarde,2024,54880,97113,Hybrid,Manual,6.4,213,Gold,Roadster,Latin America,1,Very Good,Yes
2853,GLE,Premium,2010,64804,198050,Plug-in Hybrid,Manual,1.8,149,Red,SUV,Middle East,1,Good,Yes
2854,GLE,Premium,2008,79556,225441,Petrol,Manual,5.4,527,Gray,SUV,Africa,1,Very Good,Yes
2855,S-Class,Base,2021,90361,139768,Diesel,Automatic,6.7,304,Gray,SUV,Asia Pacific,4,Fair,No
2856,B-Class,Exclusive,2011,61220,107726,Diesel,Manual,2,624,Beige,Sedan,Asia Pacific,3,Very Good,No
2857,EQC,Sport,2023,106210,83635,Electric,Automatic,0,526,Gray,Sedan,North America,2,Good,Yes
2858,E-Class,Premium Plus,2009,47970,159475,Hybrid,Manual,5.2,264,Silver,SUV,Europe,3,Fair,Yes
2859,B-Class,Avantgarde,2010,42457,106916,Hybrid,Manual,6.8,157,Gray,Hatchback,Europe,1,Excellent,No
2860,CLA,AMG Line,2008,45993,93284,Diesel,Manual,6.5,122,Red,Coupe,North America,4,New,Yes
2861,S-Class,AMG Line,2009,113400,76244,Hybrid,Manual,2.7,477,Red,SUV,Latin America,3,Good,Yes
2862,B-Class,Exclusive,2014,57446,105805,Diesel,Manual,2.9,366,White,Coupe,Europe,4,New,Yes
2863,GLB,Night Edition,2008,73359,73090,Plug-in Hybrid,Automatic,1.8,611,Red,Roadster,Latin America,3,Good,Yes
2864,GLA,Night Edition,2025,91450,173974,Plug-in Hybrid,Automatic,4.7,533,Gold,Convertible,Africa,2,New,No
2865,A-Class,Premium,2010,51920,160573,Petrol,Manual,4.8,436,Green,Liftback,Middle East,4,Like New,No
2866,GLE,Sport,2020,96192,38330,Hybrid,Automatic,4.9,232,Silver,SUV,North America,2,Like New,No
2867,GLE,Night Edition,2013,101846,73306,Hybrid,Manual,2.9,415,Black,SUV,Latin America,2,New,Yes
2868,AMG GT,Base,2014,142594,221906,Plug-in Hybrid,Automatic,4.1,333,Gray,Coupe,North America,3,Excellent,No
2869,EQC,Base,2009,95999,211703,Electric,Automatic,0,498,Green,Sedan,North America,2,New,Yes
2870,S-Class,Base,2023,113249,67760,Hybrid,Automatic,2.1,254,White,SUV,North America,1,Excellent,No
2871,GLA,Avantgarde,2015,79542,145150,Plug-in Hybrid,Automatic,1.6,449,Gray,Wagon,North America,2,New,Yes
2872,S-Class,Premium,2011,130994,106771,Plug-in Hybrid,Manual,3.6,418,White,SUV,Africa,1,New,No
2873,EQB,Sport,2008,64502,181158,Electric,Automatic,0,321,Black,Sedan,Europe,1,Good,Yes
2874,E-Class,Exclusive,2022,67525,21997,Petrol,Manual,6.6,198,Black,Liftback,Europe,4,Very Good,Yes
2875,GLE,Exclusive,2017,114399,175236,Plug-in Hybrid,Automatic,3.1,549,Black,SUV,Asia Pacific,2,New,Yes
2876,E-Class,Premium,2008,93542,111858,Petrol,Manual,5.6,627,Red,Wagon,Europe,2,New,No
2877,EQC,Avantgarde,2014,79980,118393,Electric,Automatic,0,273,Red,Sedan,Europe,2,Good,Yes
2878,GLE,Night Edition,2021,113814,42352,Diesel,Manual,3.4,592,Blue,SUV,North America,4,New,Yes
2879,EQB,Exclusive,2017,90734,129833,Electric,Automatic,0,610,Red,SUV,North America,3,Good,No
2880,GLS,Exclusive,2018,127491,35182,Hybrid,Automatic,4.6,479,Gold,SUV,Africa,1,Excellent,No
2881,EQB,Premium Plus,2008,63702,73955,Electric,Automatic,0,292,Gold,SUV,Europe,1,Fair,No
2882,GLC,Premium Plus,2011,59406,223798,Hybrid,Manual,1.6,138,Red,Wagon,Europe,2,New,No
2883,AMG GT,Night Edition,2023,157514,45652,Hybrid,Manual,3.3,197,Gray,Coupe,Middle East,3,New,No
2884,GLB,Base,2013,70276,60705,Plug-in Hybrid,Manual,4,317,Silver,SUV,Africa,3,Excellent,No
2885,CLA,Sport,2022,78261,39656,Hybrid,Automatic,4.3,364,Blue,Coupe,Europe,2,New,No
2886,S-Class,Premium Plus,2013,110838,89778,Plug-in Hybrid,Manual,1.3,111,Silver,SUV,Asia Pacific,2,New,No
2887,GLB,Night Edition,2014,51991,153832,Petrol,Manual,5.2,243,Red,SUV,Africa,3,Like New,No
2888,AMG GT,Premium,2011,140601,150313,Diesel,Automatic,5.4,225,Gray,Coupe,Latin America,1,New,Yes
2889,S-Class,Base,2010,109472,228155,Petrol,Manual,3.5,622,Green,SUV,Middle East,1,Very Good,No
2890,A-Class,Premium Plus,2022,77887,123905,Diesel,Automatic,6.7,613,Blue,Roadster,Latin America,4,New,No
2891,GLB,Exclusive,2018,47603,97257,Plug-in Hybrid,Automatic,4.3,137,Beige,Liftback,Latin America,3,Good,Yes
2892,GLB,Sport,2015,47420,99318,Petrol,Automatic,1.7,272,Black,SUV,North America,3,Very Good,No
2893,EQC,Avantgarde,2024,104906,128068,Electric,Automatic,0,498,Brown,Sedan,Middle East,1,Excellent,Yes
2894,AMG GT,Luxury,2024,157151,168728,Diesel,Automatic,6.5,396,Beige,Coupe,Europe,4,New,Yes
2895,CLA,AMG Line,2022,46878,27035,Hybrid,Automatic,3.9,129,Brown,Coupe,North America,2,Good,Yes
2896,A-Class,Luxury,2017,36826,196163,Diesel,Manual,2.5,322,Red,Coupe,North America,1,Good,No
2897,C-Class,Night Edition,2019,72414,172181,Plug-in Hybrid,Automatic,2.7,538,White,SUV,Latin America,3,Good,Yes
2898,EQC,AMG Line,2014,84561,150320,Electric,Automatic,0,276,Green,Sedan,Middle East,3,Like New,Yes
2899,EQA,Avantgarde,2022,113385,76115,Electric,Automatic,0,582,Gray,Sedan,Europe,3,New,Yes
2900,EQC,Luxury,2018,97579,160352,Electric,Automatic,0,529,Brown,Sedan,Africa,4,Good,No
2901,EQA,Premium,2008,49978,200900,Electric,Automatic,0,260,Silver,SUV,Europe,2,Good,No
2902,EQC,Premium,2018,87063,156196,Electric,Automatic,0,394,Green,SUV,Asia Pacific,3,Good,No
2903,GLC,Premium,2016,63799,48803,Hybrid,Automatic,7,322,Gray,Roadster,Africa,2,Fair,Yes
2904,GLB,Premium,2025,81879,77911,Hybrid,Automatic,5.6,440,Black,Convertible,Asia Pacific,1,Like New,No
2905,EQA,AMG Line,2024,77645,75549,Electric,Automatic,0,330,Silver,Sedan,Asia Pacific,3,Good,Yes
2906,GLS,Base,2008,115332,88077,Plug-in Hybrid,Automatic,5.4,270,Black,SUV,Africa,1,New,No
2907,AMG GT,Luxury,2024,136877,133485,Hybrid,Automatic,6.6,295,White,Coupe,Asia Pacific,1,Fair,Yes
2908,EQB,Luxury,2014,69369,198329,Electric,Automatic,0,315,Silver,Sedan,North America,3,Good,Yes
2909,EQA,Night Edition,2023,104043,170151,Electric,Automatic,0,587,Beige,Sedan,Africa,1,Like New,Yes
2910,EQC,Luxury,2014,96657,107592,Electric,Automatic,0,537,Blue,Sedan,Europe,2,Very Good,No
2911,GLS,Exclusive,2016,114236,174009,Diesel,Automatic,2.5,555,Blue,SUV,North America,3,Excellent,Yes
2912,C-Class,Premium Plus,2011,74695,66074,Plug-in Hybrid,Manual,4,589,Beige,Liftback,Asia Pacific,4,Good,Yes
2913,EQA,Night Edition,2019,72961,72268,Electric,Automatic,0,282,Blue,Sedan,Latin America,2,Good,Yes
2914,EQC,Exclusive,2012,112656,108695,Electric,Automatic,0,577,White,Sedan,North America,3,New,Yes
2915,GLC,Exclusive,2011,74681,131796,Plug-in Hybrid,Manual,4.5,324,Beige,Roadster,Africa,3,Excellent,No
2916,EQA,Premium,2011,79458,168375,Electric,Automatic,0,392,Gray,Sedan,Asia Pacific,1,Like New,No
2917,GLB,Premium,2010,59199,157801,Hybrid,Automatic,5.2,193,Brown,Convertible,Latin America,2,New,Yes
2918,S-Class,Premium Plus,2022,109169,51591,Diesel,Automatic,6.8,191,Gold,SUV,Latin America,3,Like New,Yes
2919,CLA,Avantgarde,2022,48749,100463,Petrol,Automatic,1.4,238,Silver,Coupe,Asia Pacific,4,Good,Yes
2920,EQB,Avantgarde,2018,72750,197922,Electric,Automatic,0,452,Beige,Sedan,Middle East,2,Fair,No
2921,GLC,Exclusive,2025,73254,157650,Diesel,Automatic,3.2,535,Gray,Roadster,Asia Pacific,2,Fair,No
2922,A-Class,Luxury,2024,94901,136762,Plug-in Hybrid,Automatic,3,611,Gray,Sedan,Europe,3,New,No
2923,EQB,AMG Line,2019,98792,150102,Electric,Automatic,0,468,Gray,SUV,Latin America,4,Like New,Yes
2924,EQC,Sport,2021,81667,95768,Electric,Automatic,0,281,Brown,Sedan,Middle East,4,Good,Yes
2925,S-Class,Exclusive,2009,117543,67538,Hybrid,Manual,4.6,634,Red,SUV,North America,4,Fair,No
2926,GLA,Avantgarde,2022,53660,172876,Diesel,Manual,2.5,229,Gold,Sedan,Europe,1,Like New,Yes
2927,GLA,Exclusive,2017,54004,140041,Hybrid,Manual,4.5,218,Gold,Coupe,Middle East,4,Like New,No
2928,EQC,Premium Plus,2024,113821,93268,Electric,Automatic,0,444,Red,SUV,Latin America,3,New,No
2929,B-Class,Night Edition,2023,70457,16745,Hybrid,Automatic,4,359,Gold,Convertible,Asia Pacific,3,Excellent,Yes
2930,GLC,Night Edition,2015,61378,200246,Petrol,Automatic,3.2,416,Gray,Coupe,Africa,3,Good,No
2931,GLB,Sport,2009,42003,103611,Diesel,Automatic,2.3,307,Blue,Roadster,Asia Pacific,4,Very Good,Yes
2932,EQC,Sport,2023,78645,185720,Electric,Automatic,0,200,Black,Sedan,Africa,4,Very Good,No
2933,S-Class,AMG Line,2022,98845,79592,Hybrid,Automatic,5.8,111,Beige,SUV,Middle East,4,Very Good,No
2934,GLB,Base,2014,76129,96572,Plug-in Hybrid,Manual,4.1,540,Green,SUV,Latin America,2,Good,Yes
2935,B-Class,Night Edition,2014,35247,121472,Diesel,Manual,4.5,191,Blue,Sedan,Middle East,2,Excellent,Yes
2936,GLS,Exclusive,2010,100194,120774,Hybrid,Manual,3.8,120,Blue,SUV,Latin America,3,New,Yes
2937,EQC,Premium,2015,109872,63424,Electric,Automatic,0,432,White,Sedan,Middle East,4,New,No
2938,GLB,AMG Line,2024,46201,96296,Hybrid,Automatic,5.2,135,Gray,Coupe,North America,4,Fair,Yes
2939,AMG GT,AMG Line,2024,126640,151329,Diesel,Automatic,4,202,Beige,Coupe,Middle East,4,Good,Yes
2940,EQB,Exclusive,2020,87725,62803,Electric,Automatic,0,222,Silver,SUV,Africa,1,Like New,Yes
2941,AMG GT,Base,2025,168857,134777,Petrol,Automatic,6,597,Beige,Coupe,Asia Pacific,3,Like New,No
2942,A-Class,Base,2010,37446,165802,Plug-in Hybrid,Automatic,4.9,235,Silver,Sedan,Europe,1,Very Good,No
2943,GLE,Night Edition,2025,99847,111301,Hybrid,Manual,3.9,213,Gold,SUV,Asia Pacific,4,New,Yes
2944,E-Class,AMG Line,2009,102321,135402,Plug-in Hybrid,Automatic,6.8,612,Brown,Sedan,North America,1,New,Yes
2945,GLE,Luxury,2023,84708,116749,Diesel,Manual,5.7,189,Beige,SUV,Asia Pacific,1,New,No
2946,AMG GT,Avantgarde,2016,135142,77874,Plug-in Hybrid,Manual,3.4,116,Green,Coupe,Europe,2,Good,No
2947,EQA,Exclusive,2009,79298,170794,Electric,Automatic,0,553,Blue,SUV,Africa,4,Excellent,Yes
2948,GLB,Base,2008,38500,102455,Hybrid,Automatic,6.7,208,Beige,Convertible,Europe,3,Fair,No
2949,GLE,Avantgarde,2017,73676,107568,Petrol,Manual,6.7,228,Black,SUV,Africa,1,Very Good,Yes
2950,EQB,AMG Line,2017,91801,171473,Electric,Automatic,0,401,Green,SUV,Latin America,4,Like New,Yes
2951,AMG GT,Premium Plus,2009,140438,188473,Plug-in Hybrid,Automatic,6.2,569,Silver,Coupe,Asia Pacific,4,Fair,No
2952,GLC,Luxury,2015,75451,57378,Plug-in Hybrid,Automatic,3.5,314,Gray,Convertible,Middle East,1,Very Good,Yes
2953,GLE,Premium Plus,2022,62790,149956,Diesel,Automatic,3.1,190,White,SUV,North America,2,Fair,No
2954,A-Class,Sport,2008,33319,160708,Plug-in Hybrid,Automatic,4.5,322,Silver,Liftback,Middle East,1,Fair,Yes
2955,GLC,AMG Line,2008,58674,159171,Petrol,Automatic,4.4,513,Red,Hatchback,Latin America,4,Fair,No
2956,GLB,Premium,2011,57155,173848,Diesel,Automatic,6.8,435,Beige,Convertible,Europe,2,Excellent,No
2957,GLE,Sport,2009,61306,171207,Diesel,Automatic,3,381,Silver,SUV,Middle East,3,Fair,Yes
2958,EQA,Night Edition,2020,83450,29739,Electric,Automatic,0,370,Gold,SUV,Africa,2,Very Good,Yes
2959,CLA,Exclusive,2011,38596,210506,Petrol,Manual,5.3,149,White,Coupe,North America,4,Like New,No
2960,C-Class,Base,2011,62465,78729,Hybrid,Manual,3.4,477,Blue,Hatchback,Asia Pacific,3,Very Good,No
2961,C-Class,Avantgarde,2011,51615,168934,Plug-in Hybrid,Manual,3.3,153,Silver,Wagon,Europe,4,Excellent,Yes
2962,GLC,Premium Plus,2023,53568,157200,Petrol,Automatic,4.3,282,Red,SUV,Latin America,3,Fair,Yes
2963,A-Class,AMG Line,2012,44302,212202,Petrol,Manual,3.9,247,Brown,Wagon,North America,2,New,Yes
2964,CLA,Night Edition,2009,64008,189673,Petrol,Automatic,2.2,547,Beige,Coupe,Latin America,3,Like New,Yes
2965,S-Class,Night Edition,2011,114894,196640,Plug-in Hybrid,Automatic,5.3,359,White,SUV,Asia Pacific,1,Like New,No
2966,GLS,Sport,2022,130392,32279,Plug-in Hybrid,Manual,3.8,591,Beige,SUV,Europe,4,Fair,Yes
2967,A-Class,Avantgarde,2010,20076,61561,Petrol,Manual,3.8,153,Gold,Wagon,Africa,2,Fair,No
2968,EQA,Premium,2015,69332,199780,Electric,Automatic,0,249,White,Sedan,Africa,4,Like New,Yes
2969,GLA,Luxury,2012,53532,105636,Hybrid,Automatic,3.7,141,Green,SUV,Middle East,1,New,Yes
2970,EQB,Sport,2022,88311,97301,Electric,Automatic,0,411,Gray,SUV,North America,4,Very Good,Yes
2971,S-Class,Night Edition,2013,106528,97674,Petrol,Manual,2.9,388,Beige,SUV,Latin America,4,Very Good,Yes
2972,GLB,AMG Line,2024,68770,54540,Plug-in Hybrid,Manual,6.3,340,Beige,SUV,Europe,1,Fair,Yes
2973,EQA,Night Edition,2012,86340,90927,Electric,Automatic,0,608,Red,Sedan,North America,3,Very Good,Yes
2974,C-Class,Premium Plus,2025,71509,61306,Petrol,Automatic,1.4,211,Red,Convertible,Africa,1,New,No
2975,S-Class,AMG Line,2011,127194,181658,Hybrid,Automatic,4.9,496,Green,SUV,Latin America,2,New,Yes
2976,GLC,Avantgarde,2011,85638,109458,Petrol,Automatic,3.8,467,Green,Wagon,Latin America,4,New,No
2977,GLB,Avantgarde,2013,38878,153997,Hybrid,Automatic,4.2,296,Beige,Coupe,Africa,4,Fair,Yes
2978,GLC,Luxury,2018,82532,60032,Hybrid,Automatic,6,487,White,Roadster,Asia Pacific,1,Good,Yes
2979,GLE,Premium Plus,2024,91931,168064,Hybrid,Automatic,2.5,192,Beige,SUV,Latin America,2,New,No
2980,GLA,Avantgarde,2013,75954,150587,Hybrid,Automatic,3.9,456,Red,SUV,Europe,4,New,Yes
2981,CLA,Premium,2021,74525,75342,Diesel,Automatic,2.2,417,Green,Coupe,Middle East,1,New,Yes
2982,GLS,Exclusive,2011,125912,89366,Diesel,Automatic,4.9,571,White,SUV,Africa,4,Like New,Yes
2983,EQB,Sport,2011,62626,213389,Electric,Automatic,0,347,Gray,SUV,Middle East,1,Good,Yes
2984,S-Class,Premium Plus,2013,118988,110586,Plug-in Hybrid,Automatic,3.2,623,Beige,SUV,Europe,3,Fair,Yes
2985,C-Class,Premium,2010,75263,197115,Hybrid,Automatic,2.4,500,Gray,Convertible,Latin America,1,New,Yes
2986,GLE,Base,2023,79847,161102,Diesel,Manual,1.5,421,White,SUV,Asia Pacific,1,Fair,Yes
2987,C-Class,Avantgarde,2025,67470,7731,Diesel,Automatic,6.3,440,Beige,Hatchback,North America,4,Good,No
2988,S-Class,Sport,2015,127720,43789,Petrol,Automatic,5,602,Gold,SUV,North America,3,Excellent,Yes
2989,GLE,Base,2008,43100,227314,Petrol,Manual,6.8,149,Brown,SUV,Asia Pacific,2,Fair,No
2990,B-Class,Base,2013,30140,196358,Petrol,Manual,2.6,189,Silver,SUV,Asia Pacific,1,Very Good,Yes
2991,GLA,Sport,2009,32981,109488,Hybrid,Manual,5.4,162,Black,Liftback,Europe,2,Fair,No
2992,EQA,Premium Plus,2017,84611,77032,Electric,Automatic,0,337,Green,SUV,Asia Pacific,3,Like New,Yes
2993,EQA,Premium,2024,89623,109586,Electric,Automatic,0,516,Gray,Sedan,North America,2,Very Good,Yes
2994,GLA,Exclusive,2014,62558,75051,Plug-in Hybrid,Automatic,3.3,225,Silver,Liftback,North America,3,Like New,Yes
2995,E-Class,Avantgarde,2014,80104,65271,Plug-in Hybrid,Manual,5.8,207,Brown,Sedan,Middle East,2,Like New,No
2996,GLA,Sport,2013,81903,119917,Plug-in Hybrid,Automatic,1.9,425,Brown,SUV,Europe,2,New,No
2997,GLB,Premium,2021,78462,83712,Diesel,Automatic,6.4,393,Gold,Coupe,North America,4,New,Yes
2998,GLE,Night Edition,2019,94708,144678,Hybrid,Manual,2,473,Brown,SUV,North America,4,Excellent,No
2999,GLB,Night Edition,2014,48252,56559,Petrol,Manual,4.2,153,Brown,Wagon,North America,2,Excellent,No
3000,EQC,Night Edition,2023,99300,32021,Electric,Automatic,0,382,Silver,SUV,Africa,3,Very Good,Yes
3001,AMG GT,AMG Line,2014,134881,63494,Petrol,Automatic,6,146,Silver,Coupe,Africa,2,Excellent,Yes
3002,B-Class,Night Edition,2011,58314,125444,Hybrid,Automatic,3.6,345,Green,Wagon,Latin America,2,Like New,Yes
3003,A-Class,Luxury,2010,39335,228370,Diesel,Automatic,5.4,260,Beige,Sedan,Latin America,4,New,No
3004,E-Class,Sport,2023,79740,42307,Diesel,Automatic,2,348,White,Liftback,Africa,1,Very Good,Yes
3005,S-Class,Premium Plus,2011,107592,80117,Diesel,Manual,3.8,620,Gold,SUV,Africa,3,Fair,Yes
3006,GLS,Premium,2020,106268,114553,Plug-in Hybrid,Automatic,3.7,160,Brown,SUV,Asia Pacific,2,Very Good,No
3007,CLA,Exclusive,2020,43684,79817,Hybrid,Manual,5.6,179,Brown,Coupe,Africa,3,Fair,Yes
3008,EQA,Premium,2015,72388,205758,Electric,Automatic,0,514,Gold,Sedan,Africa,1,Good,No
3009,CLA,Avantgarde,2008,46901,231404,Petrol,Manual,6.7,518,Gray,Coupe,Asia Pacific,3,Very Good,No
3010,GLE,Premium Plus,2017,105618,58886,Plug-in Hybrid,Automatic,2.7,355,Black,SUV,North America,1,Like New,Yes
3011,EQC,AMG Line,2008,87805,212488,Electric,Automatic,0,397,Blue,Sedan,North America,3,Like New,No
3012,EQA,Base,2014,83810,98160,Electric,Automatic,0,551,Green,Sedan,North America,1,Very Good,No
3013,EQA,Luxury,2023,105556,167774,Electric,Automatic,0,571,Beige,Sedan,Africa,1,New,Yes
3014,GLC,Avantgarde,2011,74930,211721,Petrol,Manual,4.1,501,Beige,Sedan,North America,1,Like New,No
3015,A-Class,Premium,2024,61485,155261,Plug-in Hybrid,Manual,6.8,405,Gold,Convertible,Europe,2,Very Good,Yes
3016,B-Class,Sport,2011,72627,225580,Hybrid,Manual,5.2,593,Green,Hatchback,Middle East,3,New,No
3017,GLE,Night Edition,2010,79572,85511,Petrol,Automatic,5.7,197,Green,SUV,Europe,4,New,Yes
3018,EQA,Premium,2013,70654,141678,Electric,Automatic,0,244,Blue,Sedan,North America,1,Like New,No
3019,EQB,Base,2021,94168,51498,Electric,Automatic,0,369,Blue,Sedan,Asia Pacific,4,Like New,No
3020,EQA,Sport,2013,53588,180676,Electric,Automatic,0,274,Black,Sedan,Middle East,4,Fair,No
3021,S-Class,Premium Plus,2009,111151,156292,Diesel,Manual,4.7,631,Blue,SUV,Latin America,3,Good,Yes
3022,S-Class,AMG Line,2025,108324,134028,Petrol,Automatic,1.9,247,Gold,SUV,Asia Pacific,2,Very Good,Yes
3023,C-Class,Premium,2013,43359,125596,Petrol,Manual,6.5,285,Blue,Hatchback,Africa,3,Good,Yes
3024,C-Class,AMG Line,2017,59413,93691,Diesel,Manual,1.6,269,Gold,Liftback,North America,3,Like New,Yes
3025,GLS,Luxury,2019,99701,140415,Plug-in Hybrid,Automatic,3.5,194,Gold,SUV,Middle East,1,Good,Yes
3026,E-Class,Night Edition,2015,63733,157835,Plug-in Hybrid,Automatic,2.8,196,Black,SUV,Middle East,1,Very Good,Yes
3027,CLA,Night Edition,2022,80093,190268,Hybrid,Automatic,4.8,555,White,Coupe,Latin America,3,Like New,No
3028,C-Class,Exclusive,2018,86735,149316,Plug-in Hybrid,Automatic,2.7,525,Brown,Sedan,Middle East,2,New,Yes
3029,GLE,AMG Line,2020,86117,86524,Plug-in Hybrid,Automatic,3.7,192,Gold,SUV,Asia Pacific,2,Excellent,No
3030,A-Class,Night Edition,2021,56052,187130,Diesel,Automatic,3.9,543,Gold,Sedan,North America,4,Very Good,Yes
3031,GLC,Base,2018,77517,188519,Plug-in Hybrid,Automatic,4,324,White,Wagon,Europe,2,Like New,Yes
3032,GLS,Premium,2016,106312,58998,Hybrid,Automatic,5.3,438,Red,SUV,North America,3,Fair,Yes
3033,GLA,Base,2013,78792,124714,Hybrid,Automatic,4.6,488,Gray,Roadster,Europe,2,New,Yes
3034,B-Class,AMG Line,2008,63461,111038,Diesel,Automatic,3.4,632,Green,Liftback,Middle East,1,Like New,Yes
3035,EQC,Premium,2021,101749,80433,Electric,Automatic,0,287,White,SUV,Middle East,2,New,Yes
3036,AMG GT,Exclusive,2020,162071,191650,Petrol,Automatic,6.7,582,Silver,Coupe,North America,4,Excellent,Yes
3037,GLE,AMG Line,2011,101934,114142,Plug-in Hybrid,Manual,6.9,394,Gray,SUV,Africa,4,New,No
3038,EQC,Sport,2014,87190,204789,Electric,Automatic,0,515,Gold,Sedan,Europe,1,Good,No
3039,GLC,Night Edition,2021,75213,56798,Hybrid,Automatic,1.5,408,Blue,Wagon,Middle East,1,Good,No
3040,E-Class,AMG Line,2023,76020,177669,Diesel,Automatic,6.5,352,Silver,Sedan,Middle East,4,Excellent,Yes
3041,A-Class,Luxury,2015,46860,130187,Petrol,Manual,6.5,230,White,Coupe,Africa,4,Like New,No
3042,A-Class,Premium,2024,59482,114765,Diesel,Automatic,3.4,408,Brown,Roadster,Europe,1,Excellent,Yes
3043,A-Class,Premium Plus,2022,38695,179966,Plug-in Hybrid,Manual,6.3,221,Green,Hatchback,Asia Pacific,2,Fair,No
3044,AMG GT,Premium Plus,2021,150178,122734,Diesel,Automatic,5.8,577,Beige,Coupe,Asia Pacific,4,Good,Yes
3045,C-Class,Premium,2017,87502,53731,Hybrid,Automatic,4.1,621,Brown,Coupe,Asia Pacific,3,Excellent,No
3046,B-Class,Premium,2022,70449,148648,Plug-in Hybrid,Automatic,1.5,477,Black,Wagon,Latin America,1,Excellent,No
3047,C-Class,Night Edition,2009,41281,202645,Petrol,Manual,2.4,134,Gray,SUV,Asia Pacific,2,Like New,No
3048,CLA,Luxury,2009,53339,91035,Hybrid,Automatic,5.8,511,Beige,Coupe,Middle East,2,Fair,Yes
3049,CLA,Base,2015,69801,115791,Plug-in Hybrid,Automatic,6.6,628,Silver,Coupe,Europe,3,Fair,No
3050,GLA,Premium,2016,40365,182329,Hybrid,Manual,3.5,190,Gold,Roadster,Middle East,2,Very Good,Yes
3051,GLA,Exclusive,2025,73201,16089,Diesel,Automatic,1.8,540,Gold,Wagon,Middle East,1,Good,Yes
3052,EQA,Premium,2010,66391,61572,Electric,Automatic,0,357,Brown,Sedan,North America,4,Fair,Yes
3053,EQA,Luxury,2008,83695,103729,Electric,Automatic,0,612,White,SUV,Middle East,2,Good,No
3054,B-Class,Avantgarde,2015,41908,153216,Petrol,Manual,4.8,342,Gray,SUV,Asia Pacific,3,Good,Yes
3055,EQB,Premium,2017,87815,56159,Electric,Automatic,0,471,Red,Sedan,Latin America,2,Good,No
3056,A-Class,Premium Plus,2017,32295,61533,Hybrid,Automatic,6.8,207,Silver,Coupe,Middle East,2,Fair,Yes
3057,GLB,Avantgarde,2010,73784,71622,Hybrid,Automatic,6.7,619,Gray,SUV,Europe,1,Good,No
3058,C-Class,Luxury,2018,47877,198915,Plug-in Hybrid,Manual,4.5,188,Beige,Sedan,Middle East,2,Very Good,Yes
3059,AMG GT,Night Edition,2020,148914,109693,Petrol,Automatic,2,483,Red,Coupe,Asia Pacific,1,Good,Yes
3060,CLA,AMG Line,2010,39717,163988,Diesel,Manual,3.9,217,Green,Coupe,Asia Pacific,3,Excellent,No
3061,GLB,Exclusive,2025,57268,174201,Petrol,Automatic,4.1,321,White,Roadster,North America,1,Good,Yes
3062,EQA,Avantgarde,2014,95146,111006,Electric,Automatic,0,538,Black,Sedan,North America,1,Like New,Yes
3063,GLB,AMG Line,2010,69884,116942,Hybrid,Automatic,2.4,320,Blue,Convertible,Latin America,3,New,Yes
3064,EQB,Exclusive,2015,78300,163130,Electric,Automatic,0,324,Silver,SUV,Latin America,3,Excellent,Yes
3065,C-Class,Avantgarde,2013,68015,78255,Plug-in Hybrid,Automatic,4,235,Beige,Sedan,North America,2,Like New,Yes
3066,CLA,Luxury,2015,43995,184709,Hybrid,Manual,6.7,353,Blue,Coupe,Europe,2,Good,Yes
3067,GLS,Night Edition,2017,86657,98821,Petrol,Manual,6.9,167,Gold,SUV,Latin America,4,Fair,Yes
3068,GLE,Base,2023,97374,108559,Plug-in Hybrid,Automatic,1.9,491,Silver,SUV,Latin America,4,Fair,Yes
3069,GLC,Luxury,2017,89974,186078,Hybrid,Manual,4.2,537,Silver,SUV,Africa,1,Like New,Yes
3070,GLE,Exclusive,2024,83887,142796,Diesel,Manual,4.9,386,Gold,SUV,Africa,2,Good,No
3071,GLC,Night Edition,2012,75398,186571,Diesel,Automatic,2.9,425,Silver,Convertible,North America,3,New,No
3072,GLA,Base,2015,27769,193801,Hybrid,Manual,5.3,122,Green,Coupe,Europe,4,Fair,Yes
3073,GLC,Exclusive,2018,64650,165194,Diesel,Manual,2,483,Brown,SUV,Latin America,4,Good,No
3074,S-Class,Night Edition,2014,95292,198752,Diesel,Automatic,5,167,Silver,SUV,North America,2,Like New,Yes
3075,CLA,Premium Plus,2022,62100,119988,Petrol,Manual,2.1,346,Gold,Coupe,Asia Pacific,1,Excellent,No
3076,C-Class,Luxury,2008,59056,219893,Plug-in Hybrid,Manual,2.3,418,Gray,Roadster,Africa,2,Excellent,No
3077,CLA,Exclusive,2014,31063,155852,Petrol,Automatic,2,171,Beige,Coupe,North America,3,Good,No
3078,CLA,Premium Plus,2022,74418,81655,Plug-in Hybrid,Manual,3.4,283,White,Coupe,Europe,1,New,Yes
3079,CLA,AMG Line,2021,63844,126806,Plug-in Hybrid,Automatic,6.8,468,Black,Coupe,Middle East,4,Fair,Yes
3080,S-Class,Avantgarde,2019,126155,163468,Plug-in Hybrid,Manual,2.6,512,Black,SUV,Middle East,4,Excellent,Yes
3081,S-Class,Avantgarde,2012,87209,224450,Petrol,Automatic,5.5,355,Blue,SUV,Latin America,3,Fair,No
3082,AMG GT,Luxury,2021,168667,124818,Plug-in Hybrid,Manual,1.6,582,Brown,Coupe,Middle East,3,Very Good,Yes
3083,EQB,Luxury,2019,104207,108551,Electric,Automatic,0,571,White,Sedan,Latin America,3,Excellent,Yes
3084,EQC,Luxury,2011,69404,226364,Electric,Automatic,0,190,White,Sedan,Asia Pacific,3,Excellent,Yes
3085,GLA,Exclusive,2008,61631,133683,Hybrid,Automatic,5.7,294,Brown,Convertible,North America,3,New,No
3086,GLB,AMG Line,2009,38232,91562,Petrol,Automatic,5.1,232,Black,SUV,Middle East,3,Good,No
3087,GLE,Avantgarde,2020,122546,67412,Petrol,Manual,6.2,638,Red,SUV,Middle East,1,New,No
3088,C-Class,Avantgarde,2024,73108,145416,Diesel,Automatic,6.3,333,Brown,Roadster,Latin America,4,New,Yes
3089,B-Class,Premium,2025,59417,141072,Petrol,Automatic,3.5,518,Black,SUV,Europe,1,Good,Yes
3090,EQB,Sport,2015,80274,184967,Electric,Automatic,0,423,Gold,Sedan,North America,2,Very Good,No
3091,AMG GT,Premium Plus,2013,162050,154412,Plug-in Hybrid,Automatic,2.9,610,Gray,Coupe,Middle East,1,Very Good,Yes
3092,AMG GT,Avantgarde,2008,136543,92258,Petrol,Automatic,5.9,286,Brown,Coupe,Africa,4,Like New,Yes
3093,GLA,Avantgarde,2021,72734,127388,Petrol,Manual,6,365,White,Wagon,Africa,1,New,Yes
3094,GLE,Exclusive,2008,76088,141940,Diesel,Manual,4,260,Blue,SUV,Africa,4,New,Yes
3095,S-Class,Premium Plus,2009,114319,126248,Petrol,Manual,3.3,353,Gold,SUV,North America,1,New,Yes
3096,EQA,Base,2018,92192,30315,Electric,Automatic,0,539,Gray,SUV,Middle East,3,Very Good,Yes
3097,EQC,Sport,2020,107563,137899,Electric,Automatic,0,527,Black,Sedan,Asia Pacific,3,Like New,No
3098,EQA,Premium Plus,2010,76250,87405,Electric,Automatic,0,540,Gray,Sedan,Latin America,2,Good,Yes
3099,CLA,Sport,2012,68879,162590,Hybrid,Manual,5,446,Brown,Coupe,Middle East,3,New,Yes
3100,EQA,Luxury,2022,72542,82879,Electric,Automatic,0,358,Green,Sedan,North America,2,Fair,No
3101,CLA,Avantgarde,2019,67697,196554,Hybrid,Automatic,4.4,443,Gold,Coupe,Asia Pacific,2,Like New,Yes
3102,EQB,Exclusive,2010,90173,80990,Electric,Automatic,0,502,Red,Sedan,Africa,4,Excellent,Yes
3103,S-Class,Sport,2009,97775,230950,Plug-in Hybrid,Automatic,6.9,184,Silver,SUV,North America,2,Like New,Yes
3104,EQA,Avantgarde,2009,68512,150718,Electric,Automatic,0,267,Silver,Sedan,Asia Pacific,1,Excellent,Yes
3105,EQC,Sport,2009,92604,137626,Electric,Automatic,0,496,Red,Sedan,Asia Pacific,1,Excellent,Yes
3106,GLE,AMG Line,2019,56605,166453,Petrol,Automatic,3.7,147,Beige,SUV,Europe,3,Fair,Yes
3107,GLC,Exclusive,2008,65253,113952,Diesel,Manual,5.7,250,Silver,SUV,Europe,1,New,Yes
3108,C-Class,Premium,2014,51231,146821,Hybrid,Automatic,4.5,460,Black,Liftback,North America,1,Fair,No
3109,B-Class,Luxury,2019,51017,174836,Petrol,Automatic,4.7,156,Red,Liftback,North America,3,New,Yes
3110,S-Class,Base,2010,129339,119585,Plug-in Hybrid,Automatic,4,451,Gray,SUV,Africa,3,New,Yes
3111,S-Class,AMG Line,2018,101527,153715,Petrol,Manual,2.4,256,Beige,SUV,North America,1,Excellent,Yes
3112,GLB,Avantgarde,2008,42432,66292,Plug-in Hybrid,Manual,1.7,111,Silver,Liftback,Asia Pacific,2,Good,Yes
3113,S-Class,Premium Plus,2010,98551,178479,Petrol,Manual,5.7,145,Gold,SUV,Asia Pacific,4,New,Yes
3114,EQC,Premium Plus,2019,78085,99498,Electric,Automatic,0,258,Blue,Sedan,Africa,3,Fair,Yes
3115,E-Class,AMG Line,2021,65598,91398,Petrol,Manual,5.4,170,Blue,Coupe,Latin America,3,Very Good,Yes
3116,A-Class,Luxury,2008,27549,133159,Diesel,Automatic,1.3,218,Green,Convertible,North America,3,Very Good,Yes
3117,A-Class,AMG Line,2012,71307,101514,Hybrid,Automatic,5.6,549,Blue,SUV,Asia Pacific,3,Like New,No
3118,E-Class,Night Edition,2021,80541,96815,Plug-in Hybrid,Automatic,3.9,138,Brown,Wagon,Asia Pacific,4,Like New,No
3119,EQC,Sport,2009,86085,117226,Electric,Automatic,0,342,Brown,Sedan,Europe,2,Like New,Yes
3120,E-Class,Avantgarde,2022,100769,71003,Plug-in Hybrid,Automatic,3.5,530,Red,Convertible,North America,3,Very Good,Yes
3121,C-Class,Base,2021,93563,41209,Plug-in Hybrid,Automatic,3,460,Black,Liftback,Asia Pacific,1,New,Yes
3122,EQA,Avantgarde,2010,72916,157125,Electric,Automatic,0,330,Gray,Sedan,Latin America,4,Like New,Yes
3123,EQB,Exclusive,2013,95002,116322,Electric,Automatic,0,592,White,Sedan,North America,4,Very Good,Yes
3124,C-Class,Base,2023,65842,34783,Petrol,Manual,4.8,290,Red,Convertible,Asia Pacific,3,Excellent,Yes
3125,GLB,Sport,2008,59826,205825,Diesel,Manual,3.4,615,Black,SUV,Africa,4,Excellent,No
3126,EQA,Luxury,2008,70284,100010,Electric,Automatic,0,294,Black,Sedan,Middle East,1,Excellent,Yes
3127,A-Class,Exclusive,2019,44956,177895,Plug-in Hybrid,Manual,1.6,138,Red,Convertible,Middle East,2,Excellent,Yes
3128,EQA,Night Edition,2015,82940,136238,Electric,Automatic,0,423,Gray,SUV,Middle East,3,Like New,Yes
3129,B-Class,Base,2022,41436,55348,Diesel,Manual,4.2,127,Gray,Coupe,Middle East,3,Excellent,Yes
3130,A-Class,Premium,2017,54881,82840,Hybrid,Manual,4.7,295,Brown,Roadster,North America,4,Excellent,Yes
3131,GLS,Exclusive,2016,88916,118931,Hybrid,Automatic,2.7,180,Green,SUV,North America,2,Fair,Yes
3132,E-Class,Premium,2009,58422,119796,Hybrid,Automatic,3.5,180,Blue,Coupe,Middle East,2,Very Good,Yes
3133,GLC,Sport,2019,74138,156978,Diesel,Automatic,3.8,626,Green,Convertible,Middle East,4,Fair,Yes
3134,EQC,Luxury,2008,93995,71808,Electric,Automatic,0,595,Brown,Sedan,Middle East,1,Good,Yes
3135,S-Class,Luxury,2011,105606,61411,Hybrid,Manual,3.1,277,Gold,SUV,Europe,1,Excellent,No
3136,A-Class,Avantgarde,2016,61628,137620,Hybrid,Manual,2.7,455,Beige,Wagon,Middle East,2,Excellent,Yes
3137,EQC,Sport,2012,89516,152742,Electric,Automatic,0,526,Gold,Sedan,Europe,4,Very Good,Yes
3138,S-Class,Premium,2023,132373,95954,Hybrid,Automatic,6.5,589,Black,SUV,Africa,3,Very Good,No
3139,A-Class,Avantgarde,2020,61008,124376,Diesel,Automatic,4.1,364,Blue,SUV,Asia Pacific,1,New,Yes
3140,S-Class,Night Edition,2012,127778,147016,Hybrid,Automatic,5.9,526,Gold,SUV,Middle East,4,New,No
3141,GLA,Sport,2013,36979,138814,Hybrid,Automatic,1.9,221,Gold,Wagon,Latin America,3,Fair,Yes
3142,CLA,Sport,2016,65417,125524,Diesel,Automatic,6,526,Blue,Coupe,Europe,2,Excellent,No
3143,AMG GT,Base,2024,166728,93553,Diesel,Automatic,2.5,533,Silver,Coupe,North America,4,Like New,Yes
3144,S-Class,Sport,2024,129332,117730,Plug-in Hybrid,Automatic,4.8,565,Green,SUV,Africa,4,Good,Yes
3145,EQB,Base,2018,89771,117829,Electric,Automatic,0,372,Red,SUV,North America,4,Excellent,Yes
3146,GLB,Premium Plus,2020,72603,115002,Plug-in Hybrid,Automatic,3.1,384,Gray,Coupe,Middle East,3,Excellent,Yes
3147,EQA,AMG Line,2025,92950,176724,Electric,Automatic,0,387,White,Sedan,Middle East,4,New,No
3148,EQB,Base,2014,57315,104918,Electric,Automatic,0,216,Silver,SUV,North America,3,Fair,No
3149,C-Class,Luxury,2013,55321,157067,Diesel,Automatic,1.8,430,White,SUV,Asia Pacific,3,Excellent,Yes
3150,GLA,Premium,2019,59910,114634,Petrol,Automatic,2.8,242,Blue,Wagon,Middle East,1,Like New,Yes
3151,A-Class,Night Edition,2008,40701,216644,Plug-in Hybrid,Automatic,3.8,393,Blue,SUV,Asia Pacific,2,Good,No
3152,GLS,Night Edition,2018,121600,180493,Diesel,Automatic,3.4,455,Black,SUV,Asia Pacific,2,New,Yes
3153,S-Class,Premium Plus,2018,113587,136817,Plug-in Hybrid,Automatic,5.6,426,Black,SUV,Europe,2,Good,Yes
3154,AMG GT,Luxury,2018,152060,162268,Plug-in Hybrid,Manual,4.1,319,Green,Coupe,Latin America,3,Like New,No
3155,EQC,Exclusive,2024,87539,160667,Electric,Automatic,0,194,Brown,Sedan,Middle East,1,Like New,Yes
3156,AMG GT,Base,2024,134356,41064,Petrol,Automatic,1.5,243,Brown,Coupe,North America,2,Fair,Yes
3157,EQC,Sport,2015,100044,213881,Electric,Automatic,0,616,Blue,Sedan,Middle East,3,Very Good,Yes
3158,B-Class,Base,2024,76763,121143,Petrol,Automatic,5.2,587,Beige,Hatchback,Asia Pacific,2,Excellent,No
3159,GLA,Avantgarde,2019,53572,125338,Plug-in Hybrid,Manual,1.7,274,Blue,Sedan,Latin America,4,Good,Yes
3160,GLA,Premium,2020,47172,59064,Petrol,Automatic,2.9,210,Red,Sedan,Middle East,1,Good,No
3161,CLA,Premium,2022,72513,59227,Petrol,Automatic,7,548,Red,Coupe,Africa,4,Good,No
3162,S-Class,AMG Line,2012,111200,86642,Hybrid,Manual,6.9,280,Gold,SUV,North America,3,Like New,Yes
3163,EQB,Premium Plus,2025,114366,72047,Electric,Automatic,0,571,Silver,Sedan,Middle East,2,Like New,No
3164,GLA,Night Edition,2008,67612,130390,Hybrid,Manual,3.2,569,Green,Sedan,Latin America,4,Excellent,Yes
3165,A-Class,Avantgarde,2008,12000,160466,Petrol,Manual,6.9,156,Green,Convertible,Latin America,4,Fair,Yes
3166,C-Class,Night Edition,2025,93345,10239,Hybrid,Automatic,6.6,634,Gray,Coupe,Asia Pacific,2,Very Good,Yes
3167,A-Class,Night Edition,2024,50253,85782,Diesel,Automatic,6.7,162,Blue,Hatchback,Africa,4,Like New,Yes
3168,GLE,Base,2021,102951,169970,Diesel,Automatic,6.7,450,Black,SUV,Europe,1,New,Yes
3169,EQA,Sport,2024,100679,112351,Electric,Automatic,0,553,Beige,Sedan,Europe,3,Like New,No
3170,EQB,Luxury,2023,92433,115324,Electric,Automatic,0,358,Beige,Sedan,Europe,1,Excellent,Yes
3171,B-Class,Premium Plus,2009,53143,69465,Plug-in Hybrid,Manual,6.4,110,White,Coupe,North America,1,New,No
3172,GLE,Premium Plus,2009,77160,211070,Diesel,Manual,2.3,270,Gray,SUV,Asia Pacific,4,New,Yes
3173,EQA,Sport,2020,84021,36216,Electric,Automatic,0,396,Gold,Sedan,Latin America,4,Good,No
3174,EQC,Base,2021,99911,131891,Electric,Automatic,0,438,Beige,Sedan,Asia Pacific,4,Excellent,Yes
3175,GLA,Luxury,2024,81196,63433,Plug-in Hybrid,Automatic,5.2,222,White,Coupe,Asia Pacific,1,New,No
3176,GLE,Luxury,2023,115892,79769,Diesel,Manual,5,623,Gold,SUV,Europe,3,New,Yes
3177,GLB,Sport,2012,51689,58573,Diesel,Automatic,4.5,332,Red,Wagon,Europe,4,Good,Yes
3178,EQC,Premium Plus,2010,85818,131039,Electric,Automatic,0,540,Blue,SUV,Middle East,4,Fair,No
3179,EQB,Luxury,2022,81903,107411,Electric,Automatic,0,347,Black,Sedan,Africa,3,Very Good,No
3180,GLB,Premium,2009,49123,132832,Petrol,Manual,4.6,162,Brown,SUV,Middle East,1,New,Yes
3181,S-Class,Premium,2009,107298,65160,Hybrid,Manual,6.2,399,Black,SUV,Africa,3,Good,No
3182,EQB,Luxury,2009,93069,167965,Electric,Automatic,0,574,Brown,Sedan,Latin America,3,Like New,Yes
3183,EQA,Night Edition,2021,82081,154136,Electric,Automatic,0,268,Black,SUV,Europe,1,Like New,No
3184,GLB,AMG Line,2019,57212,190031,Diesel,Manual,4.6,594,Silver,Roadster,Africa,2,Fair,No
3185,EQA,Sport,2018,84390,194965,Electric,Automatic,0,302,Gold,Sedan,Latin America,1,New,No
3186,A-Class,Premium Plus,2023,74346,95242,Hybrid,Automatic,1.9,522,Gold,Wagon,Latin America,2,Like New,No
3187,GLE,Base,2015,93173,117549,Plug-in Hybrid,Manual,6.2,300,Red,SUV,Latin America,3,Like New,No
3188,E-Class,Premium,2010,61632,136806,Petrol,Manual,1.5,310,Red,Roadster,North America,3,Very Good,Yes
3189,GLC,AMG Line,2009,66246,120607,Petrol,Manual,5.6,303,Green,SUV,Europe,1,Like New,No
3190,GLA,Sport,2020,88297,140455,Hybrid,Automatic,6.4,531,Beige,Roadster,Latin America,1,New,Yes
3191,A-Class,Premium,2013,62576,172367,Hybrid,Automatic,3.8,379,Silver,SUV,Latin America,2,New,Yes
3192,GLE,Night Edition,2015,67773,143117,Petrol,Manual,1.7,372,Gray,SUV,Middle East,4,Fair,No
3193,EQB,Luxury,2013,62627,210584,Electric,Automatic,0,257,Gray,Sedan,Africa,4,Very Good,Yes
3194,GLB,Avantgarde,2019,65870,76164,Petrol,Manual,6.3,378,Silver,SUV,Asia Pacific,1,Very Good,No
3195,EQC,AMG Line,2022,115113,76229,Electric,Automatic,0,554,Brown,Sedan,Africa,3,Like New,No
3196,B-Class,AMG Line,2020,59097,46202,Diesel,Manual,1.8,588,Brown,Hatchback,Africa,3,Fair,Yes
3197,GLS,AMG Line,2020,114837,56820,Diesel,Automatic,2.5,453,Blue,SUV,Europe,3,Very Good,Yes
3198,GLB,Premium,2013,46897,93509,Petrol,Manual,5.9,319,Black,Convertible,Europe,4,Good,Yes
3199,GLE,Base,2017,72641,94635,Diesel,Automatic,3.4,333,Green,SUV,Africa,3,Good,No
3200,GLA,Luxury,2024,76718,102457,Plug-in Hybrid,Automatic,3.6,403,Gold,SUV,Africa,1,Very Good,Yes
3201,S-Class,Premium,2008,82089,90898,Hybrid,Manual,5.5,163,White,SUV,North America,4,Fair,Yes
3202,AMG GT,Avantgarde,2018,166357,194077,Hybrid,Manual,6.2,609,Silver,Coupe,Latin America,2,Like New,Yes
3203,EQA,Avantgarde,2017,77415,135862,Electric,Automatic,0,374,White,Sedan,Latin America,4,Excellent,Yes
3204,GLS,Night Edition,2025,137335,100742,Plug-in Hybrid,Automatic,2.5,575,Silver,SUV,Africa,2,Good,Yes
3205,B-Class,Exclusive,2014,33091,153755,Hybrid,Manual,2.9,218,Green,Wagon,Asia Pacific,2,Good,No
3206,AMG GT,AMG Line,2023,165849,151686,Hybrid,Automatic,2,612,Gray,Coupe,Asia Pacific,2,Very Good,Yes
3207,GLB,Premium,2018,66636,93101,Hybrid,Automatic,5,302,Red,Coupe,Middle East,2,Like New,No
3208,B-Class,Night Edition,2019,46458,120671,Plug-in Hybrid,Automatic,5.8,192,Green,Sedan,Middle East,3,Very Good,No
3209,C-Class,Base,2016,48581,154589,Hybrid,Manual,6.3,170,Red,Coupe,Africa,4,Excellent,No
3210,E-Class,Sport,2018,77393,165715,Hybrid,Manual,1.8,375,Brown,Roadster,Middle East,2,Very Good,Yes
3211,S-Class,Premium Plus,2025,120910,43141,Petrol,Automatic,6.3,489,Red,SUV,Latin America,4,Good,No
3212,EQB,Sport,2013,78752,80666,Electric,Automatic,0,366,Gray,SUV,North America,2,Very Good,Yes
3213,EQC,Sport,2010,97098,124501,Electric,Automatic,0,354,White,SUV,Middle East,1,New,No
3214,GLB,Sport,2014,49145,81150,Plug-in Hybrid,Automatic,6.7,230,Red,Liftback,North America,3,Fair,Yes
3215,S-Class,AMG Line,2023,106423,186067,Plug-in Hybrid,Manual,5,326,Beige,SUV,Europe,3,Fair,Yes
3216,CLA,Base,2016,39266,186810,Hybrid,Manual,6.4,132,Blue,Coupe,Africa,3,Excellent,Yes
3217,A-Class,AMG Line,2018,43774,94956,Petrol,Manual,6.3,215,Red,Roadster,Africa,2,Excellent,Yes
3218,GLE,AMG Line,2019,71458,97374,Diesel,Manual,6.1,210,Silver,SUV,Latin America,2,Good,Yes
3219,E-Class,Avantgarde,2025,76741,80497,Diesel,Manual,1.5,149,Beige,Coupe,Middle East,1,New,Yes
3220,GLB,Sport,2022,79045,78604,Hybrid,Automatic,2,347,Beige,Roadster,North America,2,New,No
3221,S-Class,Base,2018,122413,32201,Plug-in Hybrid,Automatic,3.5,300,Silver,SUV,Asia Pacific,1,Excellent,Yes
3222,S-Class,Premium,2015,88399,213067,Petrol,Automatic,3.8,124,Black,SUV,Africa,3,Excellent,No
3223,S-Class,Avantgarde,2010,94225,150911,Petrol,Automatic,6.2,161,White,SUV,Africa,2,Like New,Yes
3224,CLA,Avantgarde,2021,53830,60216,Petrol,Manual,2.3,441,Green,Coupe,Asia Pacific,1,Fair,No
3225,GLE,Sport,2025,100342,22833,Petrol,Manual,1.6,259,Green,SUV,Europe,2,New,Yes
3226,S-Class,Sport,2009,83564,83453,Petrol,Manual,5,210,Gray,SUV,Middle East,4,Fair,Yes
3227,E-Class,Sport,2017,61700,128674,Diesel,Automatic,2.9,345,Black,Convertible,Middle East,4,Good,No
3228,GLA,Luxury,2024,77700,181339,Plug-in Hybrid,Manual,2.2,576,Black,Coupe,Middle East,3,Very Good,Yes
3229,CLA,Premium Plus,2017,62080,100644,Petrol,Automatic,5.8,565,Red,Coupe,North America,1,Good,Yes
3230,S-Class,Luxury,2015,121700,138739,Petrol,Automatic,6.7,554,Brown,SUV,Middle East,2,Excellent,No
3231,EQC,Night Edition,2025,88939,182672,Electric,Automatic,0,293,Black,Sedan,North America,1,Excellent,Yes
3232,GLE,Sport,2010,80390,221688,Diesel,Automatic,3.4,575,Blue,SUV,North America,3,Very Good,No
3233,E-Class,Premium,2010,98194,91040,Petrol,Automatic,2.2,579,Silver,Wagon,Latin America,1,New,Yes
3234,A-Class,Avantgarde,2014,68309,130073,Plug-in Hybrid,Manual,5.3,412,Black,Roadster,Africa,1,New,Yes
3235,GLA,Sport,2018,54440,161193,Plug-in Hybrid,Automatic,4.2,134,Black,Liftback,North America,3,Excellent,Yes
3236,GLB,Premium Plus,2009,48876,65673,Hybrid,Manual,4.5,332,White,Convertible,Asia Pacific,2,Good,Yes
3237,GLS,Premium,2010,90721,173839,Hybrid,Automatic,2.2,114,Silver,SUV,Asia Pacific,4,Like New,Yes
3238,CLA,Exclusive,2024,72788,115331,Hybrid,Manual,4,599,Gray,Coupe,Asia Pacific,2,Good,Yes
3239,A-Class,Night Edition,2010,37631,153309,Diesel,Manual,2.1,291,Red,Sedan,Middle East,3,Excellent,Yes
3240,B-Class,Premium Plus,2008,18376,175300,Diesel,Automatic,3.5,219,Green,Sedan,Latin America,3,Fair,Yes
3241,A-Class,Base,2020,60346,22339,Plug-in Hybrid,Manual,3.5,214,Blue,Convertible,Africa,2,Like New,No
3242,EQA,Avantgarde,2024,96808,36999,Electric,Automatic,0,539,Green,SUV,North America,4,Very Good,Yes
3243,EQA,Night Edition,2023,83734,103158,Electric,Automatic,0,387,Gray,SUV,North America,2,Very Good,Yes
3244,C-Class,AMG Line,2012,78633,194483,Diesel,Manual,3.5,601,Red,Sedan,Asia Pacific,4,New,No
3245,EQA,Exclusive,2010,70498,194362,Electric,Automatic,0,327,Brown,SUV,Europe,4,Like New,Yes
3246,AMG GT,Exclusive,2009,126102,175858,Plug-in Hybrid,Manual,3.4,110,Beige,Coupe,Asia Pacific,3,Excellent,Yes
3247,S-Class,Exclusive,2022,108425,147618,Hybrid,Manual,3.5,364,Blue,SUV,Europe,4,Good,No
3248,EQA,Exclusive,2017,98041,120120,Electric,Automatic,0,488,Black,SUV,Middle East,1,New,Yes
3249,E-Class,Premium Plus,2018,50868,84190,Hybrid,Manual,5.6,131,Beige,Convertible,Latin America,1,Fair,Yes
3250,E-Class,Premium Plus,2009,97223,120667,Hybrid,Automatic,1.9,609,Black,SUV,North America,2,New,Yes
3251,GLB,AMG Line,2019,58394,47061,Hybrid,Manual,3.9,285,Black,Roadster,Europe,2,Good,Yes
3252,GLC,Night Edition,2022,70929,136170,Plug-in Hybrid,Manual,2,399,Silver,SUV,Asia Pacific,1,Fair,Yes
3253,GLS,Luxury,2020,124442,165544,Diesel,Manual,3.1,436,Brown,SUV,North America,1,New,Yes
3254,C-Class,Luxury,2024,84429,20617,Hybrid,Manual,1.9,355,White,SUV,Europe,4,New,Yes
3255,GLC,AMG Line,2012,58088,82477,Petrol,Manual,6.7,321,Green,Sedan,North America,3,Good,No
3256,GLB,Exclusive,2008,23985,151654,Diesel,Automatic,3.6,140,Red,Hatchback,Europe,4,Good,Yes
3257,GLC,Premium,2011,76516,140888,Hybrid,Automatic,6.6,509,Gray,Liftback,Asia Pacific,3,Very Good,Yes
3258,E-Class,Exclusive,2015,65219,217918,Hybrid,Manual,5.4,492,Blue,SUV,Europe,2,Fair,Yes
3259,GLA,AMG Line,2014,41420,109290,Petrol,Automatic,4.9,164,Beige,Sedan,Europe,2,Very Good,Yes
3260,CLA,Night Edition,2008,37078,76789,Hybrid,Automatic,2,282,Blue,Coupe,Latin America,3,Fair,Yes
3261,C-Class,Sport,2024,64374,102082,Hybrid,Automatic,3.8,183,Gray,Hatchback,Latin America,4,Like New,No
3262,E-Class,Base,2017,56696,181590,Plug-in Hybrid,Manual,6.5,165,Blue,Convertible,Africa,4,Fair,No
3263,S-Class,AMG Line,2017,132472,42280,Plug-in Hybrid,Manual,4,576,Red,SUV,Africa,3,Good,Yes
3264,C-Class,AMG Line,2017,80828,174223,Plug-in Hybrid,Manual,3.1,636,Beige,Roadster,North America,1,Very Good,Yes
3265,GLE,Luxury,2014,87035,45316,Diesel,Manual,5.3,480,White,SUV,Latin America,2,Good,Yes
3266,B-Class,Exclusive,2018,73883,54334,Petrol,Manual,3.4,386,Silver,Liftback,Africa,3,New,No
3267,A-Class,Exclusive,2018,69252,142498,Petrol,Manual,1.9,599,Beige,Hatchback,Asia Pacific,3,Like New,Yes
3268,B-Class,Base,2015,59269,138959,Plug-in Hybrid,Automatic,3.3,578,Gray,Hatchback,Europe,1,Fair,No
3269,C-Class,Base,2016,70847,167501,Hybrid,Automatic,1.9,591,Gold,Sedan,Asia Pacific,1,Very Good,No
3270,GLB,Sport,2017,54248,59702,Plug-in Hybrid,Manual,3.6,296,Brown,Wagon,Latin America,3,Fair,No
3271,EQA,Premium,2021,81307,121285,Electric,Automatic,0,494,Beige,Sedan,Middle East,4,Fair,No
3272,GLB,Sport,2019,49073,166543,Plug-in Hybrid,Automatic,3.5,145,Gray,SUV,Latin America,1,Good,Yes
3273,B-Class,Sport,2011,46692,225575,Hybrid,Manual,5.5,481,Blue,Coupe,Latin America,1,Very Good,Yes
3274,GLA,Luxury,2008,46503,193202,Diesel,Manual,1.6,487,Silver,SUV,North America,1,Very Good,Yes
3275,E-Class,Luxury,2020,84992,34186,Plug-in Hybrid,Manual,3.5,289,White,Liftback,Africa,4,Very Good,No
3276,GLA,Night Edition,2024,57786,174588,Petrol,Automatic,6.9,158,Silver,Coupe,Middle East,2,New,Yes
3277,EQC,Premium Plus,2017,92909,90208,Electric,Automatic,0,277,Red,Sedan,Europe,3,Like New,Yes
3278,GLS,Avantgarde,2016,114094,83293,Plug-in Hybrid,Manual,6.9,214,Black,SUV,Africa,2,Excellent,No
3279,EQA,Premium Plus,2024,99006,99230,Electric,Automatic,0,370,Green,Sedan,North America,1,New,Yes
3280,EQB,Premium,2011,87366,69715,Electric,Automatic,0,512,Red,Sedan,Africa,4,Good,Yes
3281,GLC,Sport,2016,69632,53083,Plug-in Hybrid,Automatic,4.4,273,Black,SUV,Latin America,2,Very Good,Yes
3282,C-Class,AMG Line,2019,42343,120139,Diesel,Automatic,1.5,344,Silver,Convertible,Middle East,2,Fair,No
3283,A-Class,Base,2025,71653,6016,Plug-in Hybrid,Manual,6.9,197,Gray,Sedan,Europe,3,New,No
3284,GLB,Exclusive,2011,53277,172593,Hybrid,Automatic,3,237,White,Convertible,North America,2,Like New,Yes
3285,S-Class,Base,2012,130231,92277,Hybrid,Automatic,5.3,491,Blue,SUV,Middle East,4,New,No
3286,GLS,Premium,2024,127152,137913,Petrol,Automatic,1.4,624,Brown,SUV,Africa,3,Good,Yes
3287,GLS,Premium,2010,100321,211971,Plug-in Hybrid,Manual,5.8,438,Beige,SUV,Africa,1,Fair,Yes
3288,A-Class,Night Edition,2013,55932,96133,Hybrid,Manual,6.2,367,Gray,Liftback,Middle East,4,Like New,Yes
3289,GLB,Luxury,2018,70444,114592,Plug-in Hybrid,Manual,6,293,Red,Sedan,North America,4,Excellent,Yes
3290,EQA,AMG Line,2019,76416,94120,Electric,Automatic,0,214,White,SUV,Africa,1,Excellent,No
3291,A-Class,Sport,2008,40631,106463,Diesel,Automatic,3.4,247,Blue,SUV,Asia Pacific,3,Like New,Yes
3292,EQC,Luxury,2023,93471,55731,Electric,Automatic,0,309,Black,Sedan,North America,2,Very Good,Yes
3293,E-Class,Base,2019,100609,81121,Hybrid,Automatic,4.6,582,Brown,Roadster,Europe,1,Like New,Yes
3294,GLC,Night Edition,2020,76756,159742,Plug-in Hybrid,Automatic,3.8,291,Blue,Convertible,Asia Pacific,3,Excellent,Yes
3295,GLA,AMG Line,2011,83017,57135,Petrol,Manual,6.4,587,Green,Coupe,Africa,2,New,Yes
3296,S-Class,Base,2021,118333,30253,Petrol,Manual,6.4,231,Silver,SUV,Asia Pacific,4,Like New,No
3297,EQC,Base,2018,101280,57092,Electric,Automatic,0,581,Gold,Sedan,Asia Pacific,2,Fair,No
3298,EQB,Luxury,2020,76634,76577,Electric,Automatic,0,271,Gold,SUV,Asia Pacific,3,Good,No
3299,CLA,Base,2017,78402,32768,Plug-in Hybrid,Automatic,1.5,449,Beige,Coupe,North America,1,Excellent,Yes
3300,GLS,Night Edition,2019,108826,28701,Plug-in Hybrid,Automatic,2.2,158,Silver,SUV,Africa,1,Good,Yes
3301,EQB,Premium,2021,70634,93170,Electric,Automatic,0,229,Gray,Sedan,Africa,1,Good,Yes
3302,GLE,AMG Line,2018,112485,173771,Plug-in Hybrid,Manual,3.8,627,Green,SUV,North America,1,Excellent,No
3303,CLA,AMG Line,2012,33126,125775,Diesel,Manual,6.2,198,Beige,Coupe,Asia Pacific,4,Good,No
3304,EQA,Premium,2014,85273,162693,Electric,Automatic,0,556,White,SUV,Africa,4,Very Good,Yes
3305,GLB,AMG Line,2015,55670,187301,Diesel,Manual,3,500,Blue,Wagon,Asia Pacific,4,Very Good,Yes
3306,GLA,Premium,2021,36311,117037,Diesel,Manual,1.8,115,Gray,Roadster,Latin America,2,Good,Yes
3307,AMG GT,AMG Line,2012,152983,151587,Diesel,Manual,5.7,615,Black,Coupe,Asia Pacific,3,Excellent,Yes
3308,GLB,Exclusive,2010,47719,102264,Hybrid,Automatic,5.6,319,Gray,Sedan,Europe,1,Good,Yes
3309,A-Class,AMG Line,2025,57730,177167,Diesel,Manual,5.5,608,Gray,Wagon,Asia Pacific,3,Fair,Yes
3310,GLE,Avantgarde,2019,89275,149946,Hybrid,Automatic,2.8,202,Gold,SUV,North America,2,New,No
3311,GLB,Premium Plus,2015,65273,110919,Plug-in Hybrid,Automatic,5.8,436,Silver,Coupe,Asia Pacific,3,Good,Yes
3312,B-Class,Exclusive,2023,47489,79583,Diesel,Manual,2.5,370,Beige,Hatchback,North America,4,Fair,Yes
3313,C-Class,Night Edition,2020,79432,78591,Diesel,Automatic,2.8,495,Beige,SUV,Asia Pacific,3,New,Yes
3314,GLE,Premium Plus,2008,77145,223521,Petrol,Manual,2.8,438,Gold,SUV,Middle East,2,Excellent,Yes
3315,EQC,Premium Plus,2013,78279,219266,Electric,Automatic,0,455,Beige,SUV,Latin America,1,Fair,No
3316,C-Class,Base,2014,48760,190922,Diesel,Automatic,3.8,212,Beige,Coupe,Latin America,3,Like New,No
3317,B-Class,AMG Line,2009,43946,219546,Petrol,Manual,5.7,341,White,Coupe,Europe,4,Like New,Yes
3318,S-Class,AMG Line,2008,102725,99944,Hybrid,Automatic,2.8,462,Gray,SUV,Middle East,2,Fair,No
3319,EQA,Avantgarde,2011,74692,64315,Electric,Automatic,0,530,Red,SUV,Africa,2,Fair,Yes
3320,CLA,Sport,2017,56075,103658,Hybrid,Automatic,3,458,White,Coupe,Asia Pacific,2,Fair,No
3321,EQB,Premium Plus,2009,87915,170028,Electric,Automatic,0,549,Green,Sedan,Europe,4,Excellent,Yes
3322,GLB,Exclusive,2019,75856,37482,Diesel,Manual,2.7,542,Gold,Hatchback,Asia Pacific,1,Excellent,Yes
3323,GLS,Sport,2016,122004,210022,Hybrid,Manual,7,609,Brown,SUV,Latin America,1,Excellent,No
3324,CLA,Exclusive,2014,30720,171755,Petrol,Manual,6.7,122,Gold,Coupe,Africa,4,Good,No
3325,GLB,Exclusive,2017,46355,206904,Petrol,Manual,1.8,159,Blue,Wagon,Asia Pacific,1,Like New,Yes
3326,EQA,Avantgarde,2014,58579,205222,Electric,Automatic,0,394,Gray,Sedan,Asia Pacific,4,Fair,Yes
3327,GLE,Avantgarde,2017,74052,206378,Plug-in Hybrid,Automatic,1.8,343,Black,SUV,Latin America,3,Fair,No
3328,E-Class,AMG Line,2010,69154,185020,Diesel,Manual,5.5,571,Blue,Sedan,Latin America,3,Good,Yes
3329,GLE,Night Edition,2014,84243,177659,Diesel,Automatic,6.8,418,Gold,SUV,Middle East,1,Like New,Yes
3330,S-Class,Sport,2019,133276,176331,Plug-in Hybrid,Automatic,5.5,460,Gold,SUV,Latin America,2,New,No
3331,AMG GT,AMG Line,2021,158909,67150,Hybrid,Manual,3.1,588,Silver,Coupe,Middle East,4,Fair,Yes
3332,EQA,Premium,2019,73689,129961,Electric,Automatic,0,350,Gold,Sedan,North America,4,Very Good,No
3333,AMG GT,Sport,2018,145909,44753,Diesel,Manual,1.9,486,Beige,Coupe,Middle East,4,Good,Yes
3334,A-Class,Exclusive,2008,45242,180627,Petrol,Manual,1.7,508,Red,SUV,North America,3,Very Good,Yes
3335,EQC,AMG Line,2019,89049,84431,Electric,Automatic,0,262,Beige,Sedan,Asia Pacific,2,Excellent,Yes
3336,GLC,Luxury,2025,68095,8396,Petrol,Manual,3.2,201,Silver,Roadster,Asia Pacific,2,Good,Yes
3337,C-Class,Sport,2016,51231,163112,Hybrid,Automatic,6.3,461,Green,Convertible,Africa,1,Fair,Yes
3338,E-Class,Avantgarde,2014,59957,68602,Diesel,Manual,4.8,320,White,Hatchback,Asia Pacific,3,Fair,No
3339,GLS,Luxury,2010,117099,139519,Petrol,Automatic,3.3,539,Gray,SUV,Africa,3,Like New,Yes
3340,C-Class,Exclusive,2020,47185,138777,Petrol,Automatic,4.6,309,Black,Convertible,Middle East,2,Fair,Yes
3341,A-Class,AMG Line,2017,49815,155180,Plug-in Hybrid,Automatic,2.8,319,Black,Hatchback,Europe,3,Very Good,Yes
3342,AMG GT,AMG Line,2016,144177,110219,Diesel,Manual,6.5,409,Blue,Coupe,North America,3,Excellent,Yes
3343,EQC,Night Edition,2008,83082,112991,Electric,Automatic,0,284,Black,Sedan,Asia Pacific,1,Excellent,No
3344,B-Class,AMG Line,2010,42174,124832,Hybrid,Automatic,6.7,196,Silver,Liftback,Latin America,4,Like New,Yes
3345,AMG GT,Avantgarde,2008,126384,97812,Petrol,Manual,1.8,334,Beige,Coupe,Europe,3,Good,Yes
3346,AMG GT,Sport,2024,157106,74335,Diesel,Automatic,4.9,328,Blue,Coupe,Asia Pacific,4,New,Yes
3347,GLS,Night Edition,2009,133017,143053,Plug-in Hybrid,Automatic,4.9,591,Black,SUV,North America,2,Like New,No
3348,CLA,Night Edition,2008,52950,186342,Hybrid,Manual,3.6,283,Blue,Coupe,Latin America,3,New,Yes
3349,B-Class,Base,2017,67657,106477,Diesel,Manual,6.9,421,Beige,Sedan,Middle East,2,New,Yes
3350,GLC,Exclusive,2014,105345,110348,Plug-in Hybrid,Automatic,6.7,622,Brown,Sedan,Middle East,3,New,Yes
3351,A-Class,Base,2019,55284,75436,Plug-in Hybrid,Manual,4.6,457,Beige,Hatchback,North America,1,Fair,Yes
3352,EQB,Premium,2017,84612,147908,Electric,Automatic,0,267,Brown,Sedan,Middle East,2,New,Yes
3353,GLC,Exclusive,2022,81628,99472,Diesel,Automatic,2,288,Beige,Coupe,Middle East,1,New,No
3354,GLS,Exclusive,2019,115380,131444,Petrol,Automatic,5.3,206,Gray,SUV,Europe,1,New,Yes
3355,GLS,Sport,2025,140539,16664,Petrol,Automatic,2.4,560,Brown,SUV,North America,4,Excellent,No
3356,GLS,Exclusive,2017,144161,60622,Hybrid,Automatic,3.5,629,Beige,SUV,North America,3,New,Yes
3357,AMG GT,Exclusive,2018,144449,205191,Hybrid,Automatic,5.1,239,Red,Coupe,Asia Pacific,4,Like New,Yes
3358,EQA,Luxury,2015,89898,69203,Electric,Automatic,0,518,Green,Sedan,Asia Pacific,3,Very Good,Yes
3359,GLC,Night Edition,2023,80245,48035,Hybrid,Automatic,6.8,160,Green,Sedan,Middle East,1,New,No
3360,GLA,Avantgarde,2018,49535,166677,Petrol,Manual,1.7,224,Brown,Roadster,North America,2,Like New,Yes
3361,EQA,Base,2014,91112,169152,Electric,Automatic,0,603,Silver,Sedan,Middle East,4,Excellent,Yes
3362,AMG GT,Luxury,2019,143044,69895,Plug-in Hybrid,Manual,4.1,150,White,Coupe,Asia Pacific,4,Excellent,Yes
3363,GLE,Premium Plus,2024,115233,43795,Diesel,Automatic,2.8,638,Black,SUV,Latin America,1,Like New,Yes
3364,A-Class,AMG Line,2010,67002,131519,Plug-in Hybrid,Manual,2.5,403,Green,Hatchback,Asia Pacific,3,New,No
3365,EQA,AMG Line,2022,74245,111487,Electric,Automatic,0,331,Gold,Sedan,North America,1,Good,No
3366,AMG GT,Premium Plus,2017,134366,109182,Petrol,Manual,2.3,134,Gold,Coupe,Latin America,4,Like New,Yes
3367,GLA,Base,2023,41458,125645,Petrol,Manual,3.3,252,Gold,Convertible,Middle East,1,Fair,No
3368,C-Class,Sport,2013,64512,194569,Plug-in Hybrid,Manual,1.5,440,Blue,Sedan,Asia Pacific,3,Excellent,Yes
3369,EQB,Base,2018,100230,79555,Electric,Automatic,0,490,Brown,SUV,Middle East,3,Like New,Yes
3370,CLA,Premium Plus,2015,56180,212432,Petrol,Automatic,5.8,635,Silver,Coupe,North America,1,Fair,Yes
3371,A-Class,Avantgarde,2011,17490,158082,Petrol,Manual,2.2,126,Red,Sedan,North America,3,Fair,No
3372,GLA,Exclusive,2016,69093,52233,Hybrid,Automatic,2.6,370,Silver,Hatchback,Middle East,2,Excellent,Yes
3373,C-Class,Exclusive,2009,43076,67543,Hybrid,Automatic,3.5,219,Blue,Sedan,Asia Pacific,3,Good,No
3374,EQA,Avantgarde,2012,91780,53288,Electric,Automatic,0,494,Green,Sedan,Latin America,1,Excellent,Yes
3375,GLS,Avantgarde,2024,131969,54481,Diesel,Manual,2.6,551,Gold,SUV,Africa,1,Like New,No
3376,EQC,AMG Line,2015,98765,54258,Electric,Automatic,0,542,Red,SUV,North America,1,Good,Yes
3377,EQB,Base,2020,98220,79215,Electric,Automatic,0,339,Silver,Sedan,Europe,1,New,Yes
3378,C-Class,Exclusive,2014,44200,148632,Petrol,Automatic,3.1,140,Red,Roadster,Asia Pacific,4,Excellent,No
3379,EQB,Avantgarde,2018,80032,148553,Electric,Automatic,0,490,Beige,SUV,North America,1,Fair,No
3380,GLS,Luxury,2025,133591,64620,Hybrid,Manual,1.4,607,Brown,SUV,Africa,2,Very Good,No
3381,E-Class,Exclusive,2016,55297,97921,Diesel,Manual,4.6,226,Brown,Wagon,Asia Pacific,1,Good,Yes
3382,S-Class,AMG Line,2015,105557,97904,Petrol,Automatic,3.9,164,Red,SUV,Asia Pacific,1,New,No
3383,CLA,Base,2019,55261,192308,Hybrid,Automatic,4.4,416,Black,Coupe,Latin America,3,Good,No
3384,C-Class,AMG Line,2011,57049,128623,Diesel,Automatic,2.4,515,Silver,Wagon,Latin America,3,Very Good,Yes
3385,S-Class,Avantgarde,2009,95079,126948,Diesel,Manual,5.9,348,Brown,SUV,Latin America,4,Very Good,No
3386,GLS,Avantgarde,2014,115217,96603,Plug-in Hybrid,Manual,6,549,White,SUV,Africa,2,Fair,Yes
3387,B-Class,AMG Line,2008,30577,183678,Petrol,Automatic,4.3,174,Brown,Hatchback,Middle East,3,Excellent,Yes
3388,GLE,Base,2009,73828,158742,Hybrid,Automatic,3.8,275,Red,SUV,Asia Pacific,4,Excellent,No
3389,AMG GT,Premium,2017,149232,157730,Hybrid,Automatic,3.2,510,Silver,Coupe,North America,2,Very Good,Yes
3390,EQC,Premium Plus,2008,79800,174750,Electric,Automatic,0,302,Blue,Sedan,Middle East,1,Like New,Yes
3391,GLE,Sport,2020,86236,143831,Plug-in Hybrid,Manual,6.6,215,Brown,SUV,North America,4,Excellent,No
3392,E-Class,Luxury,2016,57755,148714,Petrol,Manual,3.7,286,Silver,Wagon,Asia Pacific,4,Good,Yes
3393,GLB,Night Edition,2011,62438,98788,Diesel,Automatic,1.7,582,Green,Wagon,North America,4,Very Good,No
3394,GLB,Sport,2023,55422,129603,Petrol,Manual,2.2,284,Gold,SUV,Asia Pacific,2,Good,No
3395,E-Class,Base,2020,78285,41956,Plug-in Hybrid,Manual,6,311,White,Sedan,Asia Pacific,4,Good,Yes
3396,GLC,Luxury,2021,58275,51079,Petrol,Manual,6.1,218,Blue,Sedan,Africa,4,Good,Yes
3397,GLB,Night Edition,2009,72833,93508,Diesel,Automatic,6.3,530,Gold,Roadster,Middle East,3,New,No
3398,GLC,Avantgarde,2008,64271,110109,Petrol,Automatic,3.8,492,Blue,Convertible,Middle East,2,Very Good,No
3399,GLB,Base,2014,77583,106300,Petrol,Manual,3.6,544,White,Sedan,Africa,1,Like New,Yes
3400,EQC,Exclusive,2023,104771,14260,Electric,Automatic,0,456,Black,Sedan,Asia Pacific,3,Very Good,No
3401,CLA,Premium,2025,80062,104673,Plug-in Hybrid,Automatic,5.3,407,Black,Coupe,Latin America,3,Excellent,No
3402,AMG GT,Avantgarde,2008,121019,73526,Hybrid,Automatic,3.1,121,Gray,Coupe,Middle East,4,Good,Yes
3403,EQC,Premium,2009,94958,213571,Electric,Automatic,0,526,Silver,Sedan,Latin America,4,Like New,Yes
3404,E-Class,Premium Plus,2012,88344,88073,Diesel,Manual,2.4,573,Red,Sedan,Africa,3,Excellent,No
3405,CLA,Luxury,2025,82843,30611,Diesel,Automatic,2.7,440,Gray,Coupe,Latin America,3,New,No
3406,EQA,Exclusive,2014,60757,190658,Electric,Automatic,0,288,Gray,Sedan,Latin America,4,Good,Yes
3407,B-Class,Premium Plus,2018,84286,185725,Plug-in Hybrid,Manual,5.8,631,Gray,Liftback,Latin America,4,New,Yes
3408,EQC,AMG Line,2017,91378,210635,Electric,Automatic,0,458,Gray,Sedan,Europe,1,Very Good,No
3409,S-Class,AMG Line,2017,86940,99305,Diesel,Manual,6.5,122,Gray,SUV,Latin America,1,Very Good,No
3410,GLB,Premium Plus,2023,85043,89902,Plug-in Hybrid,Manual,2.5,542,Gold,Sedan,North America,4,Very Good,Yes
3411,GLC,Premium Plus,2019,77246,108578,Petrol,Manual,3.8,450,Gray,Hatchback,Europe,4,Very Good,Yes
3412,B-Class,Night Edition,2019,58799,52745,Petrol,Automatic,4.5,348,Gold,Sedan,Middle East,1,Excellent,No
3413,GLC,Night Edition,2025,54085,100326,Petrol,Manual,3.3,235,Beige,SUV,Europe,4,Fair,No
3414,C-Class,Exclusive,2023,68768,175294,Diesel,Automatic,6.6,537,White,Hatchback,Europe,2,Excellent,No
3415,B-Class,Avantgarde,2016,47329,70230,Petrol,Manual,5.7,264,Silver,Sedan,Middle East,3,Excellent,Yes
3416,EQA,Sport,2021,98030,92774,Electric,Automatic,0,466,Blue,Sedan,Europe,3,Like New,Yes
3417,C-Class,Base,2019,67883,104039,Diesel,Automatic,5.9,566,Silver,Hatchback,Africa,1,Good,Yes
3418,GLC,Premium,2023,83211,157872,Hybrid,Manual,4.4,364,Beige,Wagon,Middle East,4,Like New,Yes
3419,EQC,Sport,2019,99326,84178,Electric,Automatic,0,480,White,SUV,North America,1,Very Good,No
3420,E-Class,Avantgarde,2024,66506,20401,Diesel,Manual,5.4,132,Red,Liftback,North America,2,Very Good,Yes
3421,C-Class,Avantgarde,2018,68973,80971,Plug-in Hybrid,Automatic,5.5,143,Beige,Liftback,Africa,3,New,Yes
3422,GLE,Night Edition,2015,76098,85866,Diesel,Automatic,4.4,198,Red,SUV,North America,1,Like New,Yes
3423,GLB,Luxury,2012,69509,83581,Petrol,Manual,5.1,562,Beige,SUV,Middle East,2,Excellent,No
3424,EQB,AMG Line,2025,100016,149925,Electric,Automatic,0,617,Silver,Sedan,North America,2,Good,Yes
3425,A-Class,AMG Line,2012,50663,134497,Plug-in Hybrid,Automatic,4.4,248,Green,Wagon,Middle East,2,Excellent,Yes
3426,EQB,Base,2022,112325,89441,Electric,Automatic,0,476,Gray,SUV,Middle East,2,New,Yes
3427,S-Class,Night Edition,2015,116570,120505,Petrol,Manual,6.3,521,Gray,SUV,Asia Pacific,3,Excellent,Yes
3428,S-Class,Night Edition,2017,80549,195761,Petrol,Automatic,6.6,127,Gray,SUV,Asia Pacific,2,Fair,No
3429,EQA,Sport,2017,107088,46874,Electric,Automatic,0,500,Silver,Sedan,Africa,4,New,Yes
3430,GLB,Luxury,2018,56022,66563,Diesel,Automatic,5.9,290,Gold,Hatchback,Europe,4,Excellent,Yes
3431,S-Class,Luxury,2010,119375,137383,Diesel,Automatic,6.6,589,Red,SUV,North America,1,Excellent,Yes
3432,GLB,Sport,2019,81684,137006,Petrol,Automatic,3.8,499,Green,Liftback,Asia Pacific,4,New,Yes
3433,EQC,Night Edition,2022,94925,123954,Electric,Automatic,0,529,Red,SUV,Africa,3,Fair,Yes
3434,EQC,Avantgarde,2010,73042,141967,Electric,Automatic,0,422,White,Sedan,Europe,4,Fair,Yes
3435,A-Class,Base,2023,60225,22132,Petrol,Manual,6.7,283,Blue,Wagon,Africa,2,Excellent,Yes
3436,C-Class,Premium,2010,57360,87795,Plug-in Hybrid,Automatic,1.8,277,Brown,Convertible,North America,3,Very Good,Yes
3437,EQC,Night Edition,2017,85212,152063,Electric,Automatic,0,477,Gold,SUV,Latin America,4,Fair,Yes
3438,E-Class,Premium,2019,75727,166821,Hybrid,Manual,5.2,263,Green,Convertible,Asia Pacific,1,Excellent,Yes
3439,GLC,Premium,2017,79101,187171,Plug-in Hybrid,Manual,4.1,520,Silver,Hatchback,Europe,2,Good,Yes
3440,GLB,Exclusive,2023,62857,21226,Petrol,Manual,5.9,125,Green,Convertible,Middle East,2,Like New,No
3441,B-Class,Avantgarde,2024,43918,141682,Diesel,Automatic,6.7,132,Gold,SUV,Africa,3,Like New,No
3442,GLS,Exclusive,2015,111546,164908,Plug-in Hybrid,Manual,4.5,356,Red,SUV,Latin America,2,Very Good,Yes
3443,GLB,Avantgarde,2008,36129,220819,Petrol,Automatic,7,369,Brown,Wagon,Middle East,1,Fair,Yes
3444,CLA,Premium,2022,62142,165082,Plug-in Hybrid,Manual,6.9,420,Green,Coupe,Asia Pacific,4,Good,Yes
3445,CLA,Premium,2022,72823,117409,Diesel,Manual,2.1,464,Green,Coupe,North America,3,Like New,No
3446,GLE,Premium Plus,2014,117605,102959,Plug-in Hybrid,Manual,3,566,Red,SUV,North America,4,New,Yes
3447,E-Class,Base,2013,53070,73959,Diesel,Automatic,3,290,Green,Wagon,Asia Pacific,1,Fair,No
3448,B-Class,Premium Plus,2020,50130,174463,Petrol,Automatic,3.7,382,Red,Liftback,Asia Pacific,4,Good,Yes
3449,EQB,Avantgarde,2025,83517,96794,Electric,Automatic,0,225,Brown,Sedan,Africa,1,Excellent,Yes
3450,E-Class,Premium,2011,72782,139839,Petrol,Manual,6.5,238,Black,Convertible,Asia Pacific,2,New,Yes
3451,EQB,Exclusive,2017,91729,168807,Electric,Automatic,0,534,Black,Sedan,Europe,1,Excellent,Yes
3452,E-Class,Night Edition,2017,109058,46000,Plug-in Hybrid,Manual,6.9,589,Gold,Coupe,Middle East,2,Like New,Yes
3453,GLS,Luxury,2023,123991,101472,Plug-in Hybrid,Automatic,3.6,406,Blue,SUV,Europe,1,Good,No
3454,GLB,Avantgarde,2011,73282,64258,Diesel,Automatic,5.5,602,Brown,Coupe,North America,1,Excellent,Yes
3455,A-Class,Night Edition,2015,66291,147256,Petrol,Automatic,2.2,533,Brown,Wagon,Europe,4,Like New,Yes
3456,AMG GT,Base,2011,135126,79341,Diesel,Automatic,2,495,Gold,Coupe,Africa,3,Fair,Yes
3457,S-Class,Sport,2014,110121,158299,Petrol,Manual,3.4,512,Black,SUV,Europe,2,Very Good,No
3458,EQA,Premium,2015,82812,208351,Electric,Automatic,0,597,Gray,SUV,Africa,1,Very Good,Yes
3459,EQC,Base,2015,97426,197739,Electric,Automatic,0,497,Blue,SUV,Europe,3,Like New,Yes
3460,C-Class,Avantgarde,2019,34967,199509,Hybrid,Manual,1.7,119,Red,Liftback,Europe,4,Good,Yes
3461,EQC,Luxury,2012,82987,84068,Electric,Automatic,0,315,Brown,Sedan,Europe,3,Very Good,Yes
3462,GLA,Base,2014,70385,204409,Hybrid,Automatic,5.9,554,Beige,Sedan,Africa,3,Like New,Yes
3463,CLA,Avantgarde,2010,27323,233814,Hybrid,Automatic,5.4,258,Gold,Coupe,North America,1,Fair,No
3464,GLA,AMG Line,2019,73251,168483,Diesel,Manual,5,557,White,Convertible,Latin America,2,Like New,No
3465,C-Class,Premium Plus,2014,63160,144891,Petrol,Manual,2.5,284,Blue,Hatchback,Latin America,2,New,Yes
3466,GLC,Sport,2013,66780,100208,Diesel,Automatic,5.7,363,Gold,Sedan,Middle East,2,Excellent,Yes
3467,GLB,Premium Plus,2018,81240,144325,Hybrid,Manual,3.9,581,Green,Convertible,Europe,4,Like New,No
3468,EQB,Avantgarde,2010,76416,87600,Electric,Automatic,0,375,White,SUV,Asia Pacific,2,Good,Yes
3469,EQB,Avantgarde,2021,79657,107148,Electric,Automatic,0,306,White,Sedan,Europe,3,Good,Yes
3470,B-Class,Sport,2017,40361,109177,Petrol,Automatic,5.3,157,White,Convertible,Asia Pacific,3,Excellent,No
3471,B-Class,Luxury,2011,42821,201942,Petrol,Manual,6.1,234,Red,Wagon,Latin America,4,New,Yes
3472,GLA,Premium Plus,2008,50570,137473,Petrol,Manual,3.1,289,Blue,Wagon,Latin America,3,Like New,Yes
3473,GLE,Sport,2008,79091,232641,Hybrid,Manual,4.3,290,Gray,SUV,North America,1,New,Yes
3474,S-Class,Luxury,2012,109961,76531,Plug-in Hybrid,Manual,6.4,136,Blue,SUV,Europe,1,Like New,Yes
3475,GLE,Premium Plus,2012,77218,209016,Diesel,Manual,4.3,558,Gold,SUV,Europe,4,Good,Yes
3476,EQC,AMG Line,2019,93798,144589,Electric,Automatic,0,205,Beige,Sedan,Europe,2,New,No
3477,AMG GT,Premium Plus,2021,144697,180962,Diesel,Automatic,3.1,474,Green,Coupe,Asia Pacific,3,Good,Yes
3478,AMG GT,Premium,2010,150366,135078,Diesel,Manual,1.4,427,Green,Coupe,Africa,4,New,Yes
3479,AMG GT,AMG Line,2013,160265,219021,Petrol,Manual,5.8,601,Black,Coupe,Middle East,4,New,Yes
3480,GLE,Premium,2015,102247,60468,Plug-in Hybrid,Manual,2.9,416,Red,SUV,North America,4,Like New,No
3481,GLB,Luxury,2016,41638,103823,Hybrid,Manual,3.4,216,Beige,Roadster,Africa,2,Fair,Yes
3482,CLA,Sport,2021,69046,139258,Plug-in Hybrid,Manual,4.8,348,Silver,Coupe,North America,4,Like New,Yes
3483,GLB,Sport,2025,57316,47561,Hybrid,Automatic,3.2,170,Silver,SUV,Europe,1,Good,No
3484,GLS,Base,2023,107326,93397,Petrol,Manual,6.3,233,Gray,SUV,Africa,3,Excellent,No
3485,GLA,Sport,2020,61286,143793,Diesel,Manual,4.1,463,Beige,Wagon,North America,2,Excellent,No
3486,GLC,Premium,2021,79887,81029,Plug-in Hybrid,Manual,6.9,480,Red,Wagon,Latin America,2,Fair,Yes
3487,GLA,Premium,2023,81798,44778,Hybrid,Automatic,5,620,Red,Roadster,Middle East,3,Very Good,No
3488,C-Class,Luxury,2008,58972,99647,Plug-in Hybrid,Automatic,4.4,347,Brown,Coupe,North America,2,Excellent,Yes
3489,B-Class,AMG Line,2025,66464,32635,Plug-in Hybrid,Automatic,6,169,Beige,Liftback,Latin America,1,Like New,Yes
3490,GLB,Premium,2016,74423,151121,Plug-in Hybrid,Manual,4.3,421,Green,SUV,Middle East,1,Like New,Yes
3491,EQA,Exclusive,2024,81136,178228,Electric,Automatic,0,322,Black,Sedan,Europe,1,Like New,Yes
3492,EQC,Sport,2022,121900,90256,Electric,Automatic,0,505,Gray,SUV,Middle East,1,New,Yes
3493,GLE,Premium Plus,2020,121468,93963,Plug-in Hybrid,Manual,6.4,509,Gold,SUV,Latin America,4,New,No
3494,CLA,Base,2013,53359,102255,Plug-in Hybrid,Automatic,5.7,307,Gray,Coupe,Latin America,3,Very Good,Yes
3495,CLA,Night Edition,2013,60607,120238,Petrol,Manual,3.2,573,Silver,Coupe,Asia Pacific,4,Very Good,No
3496,EQA,Base,2020,100956,40340,Electric,Automatic,0,524,Red,Sedan,Asia Pacific,4,Excellent,Yes
3497,C-Class,AMG Line,2024,72689,40706,Hybrid,Manual,5,306,Gold,Sedan,Asia Pacific,3,Excellent,Yes
3498,GLB,Premium,2017,53373,32591,Diesel,Manual,4,406,Beige,Hatchback,Asia Pacific,3,Fair,No
3499,EQC,Premium Plus,2023,81831,42137,Electric,Automatic,0,234,Black,SUV,Europe,2,Fair,No
3500,EQA,Premium,2016,83921,172222,Electric,Automatic,0,442,Green,Sedan,Europe,4,Like New,Yes
3501,GLS,Premium Plus,2021,122617,85670,Diesel,Manual,5.7,617,Black,SUV,Africa,4,Good,Yes
3502,B-Class,Exclusive,2018,71248,44818,Diesel,Automatic,4.6,444,Brown,Roadster,Europe,1,New,No
3503,A-Class,Sport,2020,79186,29429,Hybrid,Automatic,3.2,404,Beige,SUV,North America,1,New,Yes
3504,EQC,Premium,2020,115878,26596,Electric,Automatic,0,563,Black,Sedan,Latin America,2,Like New,Yes
3505,A-Class,Night Edition,2013,58809,88854,Hybrid,Manual,5.5,613,Gold,Sedan,Africa,4,Good,Yes
3506,A-Class,Base,2009,47442,122215,Petrol,Manual,1.6,402,Brown,Wagon,Middle East,1,Excellent,No
3507,EQB,Avantgarde,2016,91475,102560,Electric,Automatic,0,434,Blue,Sedan,Middle East,4,Like New,Yes
3508,EQC,Avantgarde,2019,89865,62684,Electric,Automatic,0,406,Blue,Sedan,Latin America,2,Good,No
3509,CLA,Exclusive,2020,43264,152481,Plug-in Hybrid,Manual,5.9,203,Black,Coupe,Asia Pacific,2,Fair,Yes
3510,EQB,Premium,2021,101509,50597,Electric,Automatic,0,605,Beige,Sedan,Africa,3,Very Good,Yes
3511,B-Class,Night Edition,2019,64361,104051,Diesel,Manual,4,629,Gold,Sedan,Africa,4,Good,Yes
3512,S-Class,Avantgarde,2020,127456,50519,Petrol,Automatic,4,455,Red,SUV,Europe,3,Like New,No
3513,EQB,Premium Plus,2022,101321,165500,Electric,Automatic,0,382,Gold,SUV,North America,3,New,Yes
3514,GLC,Premium Plus,2009,55499,174965,Petrol,Manual,3.5,268,Gold,Hatchback,Africa,1,Excellent,Yes
3515,B-Class,Exclusive,2023,73916,37440,Plug-in Hybrid,Automatic,2.3,183,Red,Hatchback,Asia Pacific,3,New,No
3516,GLC,Premium Plus,2011,56462,65166,Hybrid,Manual,5,309,Gray,Roadster,North America,3,Fair,No
3517,A-Class,Sport,2020,40024,169229,Plug-in Hybrid,Manual,6.2,180,Red,Hatchback,Africa,2,Good,Yes
3518,EQA,Avantgarde,2023,82101,104072,Electric,Automatic,0,348,Red,SUV,Latin America,4,Very Good,No
3519,GLB,Avantgarde,2012,76341,65453,Plug-in Hybrid,Manual,6.9,505,Gold,Roadster,Asia Pacific,3,Very Good,Yes
3520,B-Class,Exclusive,2010,51270,134875,Hybrid,Manual,1.5,343,Red,Sedan,Europe,3,Like New,Yes
3521,CLA,Base,2016,55163,117576,Petrol,Manual,6.3,440,Brown,Coupe,Asia Pacific,3,Very Good,Yes
3522,GLA,AMG Line,2024,48802,178393,Hybrid,Automatic,2.4,275,Beige,SUV,North America,3,Fair,Yes
3523,CLA,AMG Line,2013,54904,128239,Hybrid,Automatic,4.8,159,Brown,Coupe,Europe,3,New,No
3524,EQB,AMG Line,2016,63801,64014,Electric,Automatic,0,191,Black,SUV,Latin America,3,Fair,Yes
3525,C-Class,Night Edition,2018,57174,176353,Hybrid,Automatic,5.7,180,Black,Convertible,North America,1,Like New,No
3526,E-Class,Night Edition,2011,83721,133127,Diesel,Manual,4.1,435,Gold,Wagon,Latin America,2,New,Yes
3527,AMG GT,Premium Plus,2015,144392,206627,Petrol,Manual,4.2,286,Red,Coupe,Africa,3,New,No
3528,B-Class,AMG Line,2008,26404,185753,Petrol,Manual,3.2,225,Gold,Wagon,Europe,4,Good,Yes
3529,B-Class,Base,2012,20740,201140,Diesel,Manual,5.5,210,Black,Convertible,Middle East,4,Fair,Yes
3530,B-Class,Luxury,2008,49288,239931,Diesel,Automatic,5.5,445,Green,Roadster,Middle East,4,Like New,Yes
3531,GLA,Premium Plus,2017,27379,152999,Petrol,Manual,1.9,148,Green,Convertible,Africa,3,Fair,Yes
3532,EQC,Premium,2012,75720,120514,Electric,Automatic,0,256,Brown,SUV,Latin America,2,Very Good,Yes
3533,GLC,Premium Plus,2019,79086,39746,Petrol,Automatic,4.4,300,Silver,Hatchback,Europe,3,Like New,No
3534,EQC,Sport,2023,95764,53245,Electric,Automatic,0,208,Gold,Sedan,Europe,2,Excellent,No
3535,EQB,Luxury,2013,87208,53410,Electric,Automatic,0,323,Beige,SUV,Middle East,2,Like New,Yes
3536,GLA,Premium Plus,2010,53077,210700,Plug-in Hybrid,Automatic,2,346,Red,Roadster,Asia Pacific,3,Excellent,No
3537,S-Class,Avantgarde,2013,101381,122674,Plug-in Hybrid,Automatic,2.3,298,Brown,SUV,Africa,1,Good,No
3538,EQA,Avantgarde,2018,84849,45796,Electric,Automatic,0,522,Blue,Sedan,Asia Pacific,4,Fair,Yes
3539,EQA,Premium,2014,87357,87841,Electric,Automatic,0,370,Silver,Sedan,North America,1,Like New,Yes
3540,EQC,Exclusive,2013,96439,97399,Electric,Automatic,0,544,Red,Sedan,North America,4,Very Good,Yes
3541,A-Class,Avantgarde,2012,73337,196542,Petrol,Manual,5.5,636,Blue,SUV,Africa,1,New,Yes
3542,GLS,Premium Plus,2018,101296,61403,Plug-in Hybrid,Manual,4.6,170,Brown,SUV,Middle East,2,Fair,Yes
3543,GLB,Exclusive,2023,51650,182661,Petrol,Manual,2.1,338,Gold,Hatchback,Middle East,2,Fair,Yes
3544,C-Class,Premium Plus,2013,74016,57387,Plug-in Hybrid,Automatic,7,559,Gray,Roadster,North America,2,Good,Yes
3545,GLE,Base,2024,83753,150147,Diesel,Manual,3.5,492,White,SUV,Asia Pacific,1,Fair,No
3546,GLS,AMG Line,2016,107454,141227,Petrol,Manual,6.3,284,Gray,SUV,Europe,4,Excellent,No
3547,C-Class,Night Edition,2021,66502,163146,Plug-in Hybrid,Automatic,3.9,426,Beige,Sedan,Latin America,3,Good,No
3548,EQB,Night Edition,2013,77623,60686,Electric,Automatic,0,251,Red,Sedan,Africa,4,Excellent,Yes
3549,S-Class,Night Edition,2008,103840,191868,Petrol,Automatic,3.5,392,Black,SUV,Latin America,2,Like New,No
3550,E-Class,Night Edition,2022,106748,29024,Plug-in Hybrid,Manual,6.8,365,Beige,Liftback,North America,4,New,No
3551,EQB,Luxury,2023,75003,50874,Electric,Automatic,0,190,Black,SUV,Europe,3,Good,Yes
3552,CLA,Avantgarde,2014,58266,118573,Diesel,Manual,6.8,585,Green,Coupe,North America,1,Good,Yes
3553,S-Class,Avantgarde,2023,124855,175380,Petrol,Automatic,4.3,554,Blue,SUV,Asia Pacific,3,Excellent,Yes
3554,GLA,Base,2022,52637,162163,Plug-in Hybrid,Manual,5.9,174,Gold,Convertible,North America,2,Good,No
3555,GLS,Base,2021,135336,125127,Petrol,Manual,4.6,501,Red,SUV,Africa,1,New,Yes
3556,GLS,Base,2024,99043,104337,Hybrid,Automatic,5.4,263,Red,SUV,Latin America,2,Fair,No
3557,B-Class,Premium Plus,2024,62770,44055,Hybrid,Manual,4.8,452,Gray,Liftback,Africa,1,Fair,Yes
3558,GLE,Sport,2019,80142,50529,Petrol,Automatic,5.4,301,Blue,SUV,North America,2,Very Good,Yes
3559,GLA,Premium,2015,75494,65585,Hybrid,Automatic,2.6,415,Gray,Convertible,North America,3,Like New,No
3560,S-Class,Sport,2018,109484,96495,Hybrid,Automatic,3.4,335,Silver,SUV,Middle East,2,Very Good,Yes
3561,AMG GT,Base,2022,165191,61456,Hybrid,Automatic,3.9,556,Blue,Coupe,Europe,2,Very Good,Yes
3562,CLA,Premium Plus,2025,50697,60185,Diesel,Automatic,3.2,394,Black,Coupe,Latin America,4,Fair,Yes
3563,AMG GT,Night Edition,2023,138917,53224,Petrol,Manual,6,233,Red,Coupe,North America,4,Good,Yes
3564,CLA,Avantgarde,2019,54985,61826,Plug-in Hybrid,Manual,1.7,138,Gold,Coupe,Africa,2,Excellent,No
3565,B-Class,Base,2014,51259,188450,Petrol,Automatic,6.2,382,White,Coupe,Asia Pacific,1,Excellent,Yes
3566,C-Class,Night Edition,2012,53917,202610,Plug-in Hybrid,Manual,1.9,471,White,Hatchback,Latin America,1,Fair,No
3567,E-Class,AMG Line,2024,100524,115565,Petrol,Automatic,5.5,619,White,Wagon,Latin America,2,Like New,Yes
3568,CLA,Exclusive,2024,62884,41862,Diesel,Manual,5.7,115,Green,Coupe,Africa,1,New,No
3569,B-Class,Exclusive,2015,54704,159571,Petrol,Manual,4.7,629,Silver,Coupe,North America,1,Fair,Yes
3570,GLB,Night Edition,2009,39542,228957,Hybrid,Manual,1.7,372,Beige,SUV,Europe,4,Fair,Yes
3571,AMG GT,Night Edition,2021,166916,156467,Plug-in Hybrid,Manual,6.7,549,Gray,Coupe,Latin America,4,Very Good,No
3572,A-Class,Premium Plus,2017,78066,122051,Diesel,Automatic,2.6,630,Gold,Convertible,Europe,2,New,No
3573,B-Class,Luxury,2016,36851,176295,Diesel,Automatic,7,249,Blue,Hatchback,Africa,4,Excellent,Yes
3574,CLA,Night Edition,2013,57219,69392,Diesel,Automatic,3.6,606,Brown,Coupe,Asia Pacific,1,Fair,No
3575,S-Class,Premium,2018,111733,35772,Petrol,Manual,1.8,518,Red,SUV,Asia Pacific,4,Fair,Yes
3576,B-Class,Premium,2008,46931,159967,Plug-in Hybrid,Manual,5.6,118,Beige,Liftback,Latin America,2,New,Yes
3577,GLC,AMG Line,2019,62325,133123,Diesel,Manual,3,386,Brown,Liftback,Asia Pacific,4,Good,Yes
3578,CLA,Luxury,2021,71733,39680,Plug-in Hybrid,Manual,2.3,448,Red,Coupe,Asia Pacific,4,Good,Yes
3579,GLE,Premium Plus,2024,92570,42442,Diesel,Automatic,5.4,175,White,SUV,Europe,1,New,No
3580,AMG GT,Sport,2025,155871,32832,Petrol,Manual,5.6,431,Gray,Coupe,Africa,3,Good,No
3581,EQB,Night Edition,2015,81572,114858,Electric,Automatic,0,564,Gray,Sedan,Latin America,1,Fair,Yes
3582,GLE,AMG Line,2022,96037,105353,Plug-in Hybrid,Manual,3.3,467,Red,SUV,Latin America,4,Fair,Yes
3583,GLS,Sport,2023,109668,74210,Petrol,Automatic,1.4,173,Gold,SUV,Africa,2,Like New,Yes
3584,GLC,Premium,2025,108670,46875,Plug-in Hybrid,Automatic,4.1,538,Brown,Wagon,Asia Pacific,3,Like New,Yes
3585,EQC,Sport,2019,69667,188421,Electric,Automatic,0,273,Black,Sedan,Asia Pacific,2,Fair,Yes
3586,GLB,Sport,2017,50510,149865,Plug-in Hybrid,Automatic,1.8,320,Beige,Convertible,Latin America,3,Fair,Yes
3587,C-Class,Premium Plus,2019,63087,132412,Hybrid,Automatic,3.1,294,Green,Coupe,North America,4,Like New,Yes
3588,CLA,Premium Plus,2022,59743,90285,Hybrid,Manual,2.9,407,Gray,Coupe,Asia Pacific,4,Good,Yes
3589,S-Class,Night Edition,2009,126229,165161,Petrol,Manual,5.8,626,Green,SUV,North America,2,New,Yes
3590,GLA,Sport,2008,30696,234052,Diesel,Automatic,6.9,158,Black,Coupe,Africa,2,Excellent,Yes
3591,GLE,Base,2020,93436,41907,Petrol,Automatic,4.3,565,Blue,SUV,Europe,1,Fair,Yes
3592,GLA,Premium,2015,64010,194225,Petrol,Manual,6.6,445,Green,Hatchback,Europe,1,Like New,Yes
3593,E-Class,Exclusive,2023,100021,141867,Petrol,Automatic,2.9,627,Black,SUV,North America,1,Excellent,Yes
3594,GLB,Sport,2008,51566,134572,Hybrid,Manual,5.8,532,Blue,Liftback,Middle East,4,Fair,Yes
3595,GLC,Night Edition,2024,86460,29940,Hybrid,Automatic,4.7,244,Gray,Roadster,Middle East,1,Like New,No
3596,E-Class,Night Edition,2023,89520,151120,Hybrid,Manual,6.6,606,Beige,Sedan,North America,2,Good,Yes
3597,GLS,Sport,2022,136631,170657,Plug-in Hybrid,Automatic,6.8,624,Brown,SUV,Middle East,1,Excellent,Yes
3598,GLC,Night Edition,2016,76217,106672,Plug-in Hybrid,Automatic,6.1,444,Gold,Wagon,Latin America,1,Good,Yes
3599,CLA,Avantgarde,2008,35463,202628,Petrol,Automatic,2.1,307,Brown,Coupe,Europe,2,Very Good,Yes
3600,GLS,AMG Line,2019,134193,169090,Hybrid,Automatic,1.5,539,Beige,SUV,Africa,1,New,No
3601,EQC,Luxury,2025,94412,126543,Electric,Automatic,0,469,Brown,SUV,Asia Pacific,4,Fair,Yes
3602,GLA,Exclusive,2024,69803,172724,Diesel,Automatic,3.3,615,Green,SUV,North America,2,Very Good,No
3603,GLC,Base,2023,83318,123902,Petrol,Manual,3.6,516,Blue,Wagon,North America,4,Very Good,No
3604,EQA,Base,2009,69171,64842,Electric,Automatic,0,467,Red,SUV,Latin America,1,Fair,Yes
3605,CLA,Exclusive,2014,38298,189799,Hybrid,Automatic,3.4,320,Black,Coupe,Asia Pacific,3,Fair,Yes
3606,EQC,Avantgarde,2015,71376,130386,Electric,Automatic,0,332,Black,Sedan,Middle East,1,Fair,Yes
3607,GLS,Premium Plus,2020,97718,167823,Petrol,Manual,4.5,182,White,SUV,Latin America,4,Very Good,Yes
3608,AMG GT,Base,2024,141913,81529,Petrol,Automatic,6.8,273,Green,Coupe,Middle East,3,Very Good,Yes
3609,GLE,Avantgarde,2022,94253,187155,Hybrid,Manual,4.7,494,White,SUV,North America,1,Good,Yes
3610,B-Class,Base,2021,53780,147955,Diesel,Manual,5.6,250,Blue,Sedan,North America,2,Like New,Yes
3611,A-Class,Sport,2019,41911,55640,Diesel,Automatic,2,345,Blue,SUV,North America,3,Fair,Yes
3612,EQA,Sport,2013,75170,53052,Electric,Automatic,0,452,Green,Sedan,Asia Pacific,1,Fair,No
3613,EQA,Premium Plus,2019,74649,36436,Electric,Automatic,0,268,Gold,SUV,Africa,3,Good,No
3614,GLA,Night Edition,2024,71613,63152,Plug-in Hybrid,Manual,4.4,296,Gold,Roadster,Middle East,2,Excellent,Yes
3615,CLA,Base,2024,59644,122628,Hybrid,Manual,4.8,343,White,Coupe,Africa,4,Very Good,Yes
3616,GLS,Luxury,2009,103552,239188,Hybrid,Manual,3.9,477,Black,SUV,Africa,2,Very Good,No
3617,GLB,AMG Line,2011,49191,177976,Hybrid,Automatic,4.9,185,Gray,Liftback,Latin America,2,Like New,No
3618,GLB,Sport,2024,57392,100319,Diesel,Manual,2.6,325,Blue,Wagon,Latin America,2,Good,Yes
3619,GLA,Night Edition,2020,74513,36598,Plug-in Hybrid,Manual,2.4,265,Beige,Hatchback,Latin America,4,Like New,No
3620,GLC,Luxury,2010,61183,108036,Petrol,Automatic,3.4,537,Beige,SUV,Latin America,4,Fair,No
3621,E-Class,Night Edition,2011,77194,153271,Plug-in Hybrid,Automatic,5.4,308,Silver,Wagon,Asia Pacific,4,Like New,Yes
3622,GLC,Luxury,2014,68350,182672,Diesel,Manual,3.5,248,White,Convertible,Africa,1,New,No
3623,B-Class,Luxury,2013,26210,56001,Petrol,Manual,2,165,Black,Hatchback,Latin America,1,Fair,No
3624,GLS,Night Edition,2009,78643,144115,Diesel,Automatic,5.6,120,Gold,SUV,Europe,3,Very Good,Yes
3625,GLE,Exclusive,2016,73224,130379,Diesel,Automatic,1.6,328,Brown,SUV,Latin America,2,Very Good,No
3626,EQB,Base,2017,100204,186414,Electric,Automatic,0,607,Beige,Sedan,Middle East,2,Excellent,No
3627,S-Class,Luxury,2019,123321,96563,Diesel,Manual,6.4,494,Gray,SUV,Asia Pacific,3,Excellent,Yes
3628,E-Class,AMG Line,2010,50418,197104,Diesel,Automatic,4.2,200,Gold,Wagon,Africa,1,Very Good,Yes
3629,C-Class,Avantgarde,2009,21124,178844,Diesel,Automatic,5.6,185,Brown,Roadster,North America,1,Fair,Yes
3630,S-Class,Sport,2016,120650,112575,Hybrid,Automatic,3,345,Green,SUV,Latin America,1,New,Yes
3631,E-Class,Night Edition,2025,92292,167515,Plug-in Hybrid,Automatic,5.1,576,Black,Coupe,Asia Pacific,1,Fair,Yes
3632,E-Class,Luxury,2013,83094,181283,Plug-in Hybrid,Automatic,2.8,388,Black,Coupe,Latin America,4,Like New,Yes
3633,EQB,Base,2019,90899,146635,Electric,Automatic,0,280,Gold,SUV,Middle East,4,New,No
3634,B-Class,Premium,2014,53828,172669,Hybrid,Manual,5.8,332,Black,Coupe,Latin America,1,Like New,Yes
3635,GLA,Premium Plus,2025,59315,86212,Hybrid,Automatic,1.9,114,Black,Convertible,Latin America,4,Excellent,No
3636,A-Class,AMG Line,2025,46632,129415,Petrol,Automatic,4.4,213,Red,Wagon,North America,1,Very Good,No
3637,EQA,Sport,2023,82852,153805,Electric,Automatic,0,296,Green,SUV,North America,4,Like New,No
3638,CLA,Exclusive,2021,57633,51163,Plug-in Hybrid,Manual,4.1,254,Brown,Coupe,Africa,4,Good,No
3639,B-Class,Luxury,2023,46980,102306,Diesel,Manual,1.4,374,Green,SUV,Middle East,2,Fair,Yes
3640,CLA,Night Edition,2020,56112,110743,Diesel,Manual,2.3,358,Silver,Coupe,Asia Pacific,2,Excellent,Yes
3641,A-Class,Luxury,2024,66451,23890,Diesel,Automatic,1.8,496,Beige,Hatchback,Middle East,1,Very Good,Yes
3642,EQA,Sport,2014,85387,189218,Electric,Automatic,0,347,Red,Sedan,Middle East,2,New,Yes
3643,S-Class,Premium,2011,117231,199157,Plug-in Hybrid,Automatic,5.6,339,Red,SUV,Africa,2,New,Yes
3644,S-Class,Sport,2008,110603,124422,Diesel,Automatic,3.2,476,Brown,SUV,Latin America,2,Excellent,No
3645,EQC,Premium,2016,88497,155658,Electric,Automatic,0,280,Silver,SUV,Africa,3,Like New,Yes
3646,GLE,Exclusive,2020,85641,124040,Petrol,Automatic,2.9,205,Gold,SUV,North America,1,New,No
3647,GLC,Premium Plus,2008,53290,217462,Hybrid,Manual,6.1,355,Gray,Coupe,North America,4,Very Good,No
3648,GLS,Premium,2011,114439,77766,Petrol,Manual,6.5,637,Red,SUV,Middle East,1,Fair,Yes
3649,EQB,Avantgarde,2014,82804,167665,Electric,Automatic,0,454,Gold,SUV,Europe,3,Very Good,Yes
3650,AMG GT,Sport,2010,119685,180137,Petrol,Automatic,6.7,132,Gold,Coupe,Africa,3,Excellent,No
3651,GLS,Premium Plus,2010,91466,178456,Plug-in Hybrid,Manual,1.8,124,Gray,SUV,Middle East,2,Very Good,Yes
3652,GLC,Avantgarde,2021,87334,197328,Petrol,Automatic,6.8,573,Red,Hatchback,Middle East,1,Like New,Yes
3653,C-Class,Base,2015,73298,169776,Diesel,Manual,3.5,634,Gray,Liftback,Latin America,1,Excellent,Yes
3654,C-Class,Premium Plus,2022,68614,55413,Diesel,Manual,2,504,Gold,Hatchback,Latin America,1,Good,Yes
3655,E-Class,Exclusive,2018,77203,138093,Diesel,Automatic,5.3,580,Green,Coupe,Latin America,3,Good,Yes
3656,GLB,Exclusive,2019,56509,49063,Petrol,Manual,2.6,139,Gold,Convertible,Latin America,2,Like New,Yes
3657,E-Class,Avantgarde,2015,91094,119811,Petrol,Automatic,2,586,Blue,Wagon,Africa,1,Excellent,Yes
3658,GLB,Avantgarde,2016,80714,143945,Diesel,Automatic,4.8,604,Blue,Roadster,Asia Pacific,2,New,No
3659,CLA,Exclusive,2021,61148,120728,Hybrid,Automatic,3.1,284,Brown,Coupe,Europe,2,Excellent,No
3660,EQA,Premium Plus,2022,97893,156030,Electric,Automatic,0,487,Blue,Sedan,Asia Pacific,2,New,No
3661,GLC,Premium,2016,50908,160807,Hybrid,Manual,5.5,153,Gray,Wagon,Africa,1,Very Good,Yes
3662,AMG GT,Base,2010,124154,233707,Hybrid,Automatic,6.5,110,Brown,Coupe,Europe,3,Excellent,Yes
3663,EQA,Exclusive,2009,82085,74672,Electric,Automatic,0,576,Green,Sedan,Africa,4,Good,Yes
3664,EQC,Premium Plus,2012,89813,132876,Electric,Automatic,0,588,Gold,Sedan,Middle East,3,Fair,Yes
3665,EQA,Night Edition,2020,82824,110924,Electric,Automatic,0,219,White,Sedan,Latin America,2,New,Yes
3666,B-Class,AMG Line,2014,51196,118945,Diesel,Automatic,2.3,276,Gold,Liftback,Latin America,2,New,No
3667,GLA,AMG Line,2011,61271,161504,Diesel,Automatic,2.4,515,Beige,SUV,Latin America,2,Like New,Yes
3668,GLE,Avantgarde,2015,83950,211410,Diesel,Automatic,4.4,376,Gray,SUV,Latin America,2,Like New,No
3669,S-Class,Exclusive,2021,147457,44949,Plug-in Hybrid,Manual,1.7,490,Black,SUV,Asia Pacific,3,New,Yes
3670,E-Class,Base,2009,65594,163674,Diesel,Automatic,2.4,563,Beige,Sedan,Africa,3,Good,Yes
3671,B-Class,AMG Line,2019,58383,37683,Diesel,Manual,4.5,463,Black,SUV,Africa,1,Good,No
3672,B-Class,Night Edition,2009,41360,227075,Diesel,Automatic,4.6,336,Gold,Hatchback,Asia Pacific,2,Like New,No
3673,EQA,Night Edition,2012,76631,175487,Electric,Automatic,0,370,Gray,Sedan,North America,3,Like New,Yes
3674,GLA,Luxury,2011,44221,198951,Diesel,Automatic,5.3,515,Brown,Sedan,Africa,4,Fair,Yes
3675,E-Class,Night Edition,2023,62307,73102,Diesel,Automatic,6.4,310,Beige,Convertible,Europe,1,Fair,No
3676,S-Class,Night Edition,2024,106961,136583,Petrol,Manual,2.7,377,Beige,SUV,Europe,4,Fair,Yes
3677,EQB,Night Edition,2023,100790,69207,Electric,Automatic,0,608,Beige,SUV,North America,4,Good,Yes
3678,EQA,Luxury,2023,92164,61859,Electric,Automatic,0,573,Red,Sedan,Europe,3,Good,Yes
3679,GLS,Sport,2025,136262,47998,Plug-in Hybrid,Automatic,6.7,255,Gray,SUV,Europe,4,New,Yes
3680,GLC,Sport,2014,92643,106158,Plug-in Hybrid,Manual,4.9,585,Blue,Liftback,Africa,3,Excellent,Yes
3681,S-Class,Exclusive,2018,130402,57340,Hybrid,Manual,5.5,632,Green,SUV,North America,1,Very Good,Yes
3682,EQC,Avantgarde,2018,71109,197783,Electric,Automatic,0,318,Green,Sedan,Europe,1,Fair,No
3683,B-Class,Base,2017,64877,136817,Petrol,Automatic,5.9,579,Black,SUV,Asia Pacific,4,Very Good,No
3684,EQA,Luxury,2013,70595,139730,Electric,Automatic,0,285,Brown,SUV,North America,4,Excellent,No
3685,C-Class,Premium,2008,61789,84163,Diesel,Automatic,4.4,468,Green,SUV,Africa,4,Excellent,Yes
3686,S-Class,Premium,2012,87954,145770,Diesel,Automatic,3.8,119,Black,SUV,Africa,4,Excellent,Yes
3687,C-Class,AMG Line,2017,63108,107183,Plug-in Hybrid,Automatic,6.1,323,White,Coupe,Asia Pacific,3,Very Good,No
3688,EQB,Exclusive,2017,82208,57239,Electric,Automatic,0,232,Silver,Sedan,Middle East,4,Excellent,Yes
3689,GLB,Premium Plus,2010,45670,178684,Hybrid,Manual,4.3,199,Red,SUV,Middle East,2,Excellent,No
3690,B-Class,Premium Plus,2025,82034,40982,Plug-in Hybrid,Manual,5,428,Brown,Hatchback,Asia Pacific,4,Like New,Yes
3691,A-Class,Base,2020,36672,122391,Hybrid,Automatic,6.5,118,Gray,Hatchback,Europe,3,Good,Yes
3692,GLB,Luxury,2023,66871,122150,Diesel,Manual,2.4,357,Red,Coupe,Asia Pacific,4,Excellent,Yes
3693,AMG GT,Exclusive,2022,147039,171293,Diesel,Automatic,3.3,518,Gold,Coupe,Latin America,1,Good,Yes
3694,B-Class,Premium Plus,2013,68565,99204,Hybrid,Manual,5.7,603,Silver,Wagon,Latin America,4,Excellent,Yes
3695,AMG GT,AMG Line,2021,160769,88062,Petrol,Manual,2.9,545,Black,Coupe,North America,4,Excellent,Yes
3696,CLA,Premium Plus,2018,61361,143553,Hybrid,Automatic,6.4,458,Gold,Coupe,Africa,4,Very Good,Yes
3697,GLB,Sport,2025,58226,119974,Petrol,Automatic,6.8,148,Brown,Wagon,Africa,3,Excellent,Yes
3698,CLA,AMG Line,2017,46154,196853,Hybrid,Manual,5.7,311,White,Coupe,Europe,1,Good,Yes
3699,EQA,Premium Plus,2014,77328,44061,Electric,Automatic,0,333,Gray,SUV,North America,4,Excellent,Yes
3700,GLA,Premium,2011,34855,217723,Diesel,Automatic,5.7,252,Beige,Convertible,Europe,2,Very Good,Yes
3701,GLB,Avantgarde,2018,81035,66893,Hybrid,Automatic,2.3,530,Gray,Roadster,Middle East,2,Excellent,Yes
3702,GLB,Premium,2018,72801,133107,Petrol,Automatic,6.4,545,Gray,Coupe,Middle East,1,Excellent,Yes
3703,GLA,Night Edition,2008,74965,173618,Plug-in Hybrid,Automatic,5.9,545,Red,Wagon,Middle East,1,Like New,No
3704,GLC,Night Edition,2014,72947,185766,Petrol,Automatic,5.4,496,Beige,Wagon,Latin America,2,Excellent,No
3705,GLB,Sport,2022,63823,104123,Plug-in Hybrid,Manual,6,336,Gray,Roadster,Latin America,2,Good,Yes
3706,EQC,Night Edition,2014,83889,44952,Electric,Automatic,0,355,Black,SUV,Asia Pacific,3,Fair,No
3707,S-Class,Avantgarde,2018,129194,106608,Diesel,Manual,3.4,487,Black,SUV,Asia Pacific,3,New,Yes
3708,EQB,Sport,2009,80745,193296,Electric,Automatic,0,448,Gold,Sedan,Asia Pacific,3,Excellent,Yes
3709,EQC,Base,2017,93673,109517,Electric,Automatic,0,596,Beige,Sedan,Asia Pacific,4,Fair,Yes
3710,EQB,Night Edition,2014,70198,158551,Electric,Automatic,0,382,Red,SUV,Europe,4,Good,Yes
3711,GLB,Premium Plus,2017,55829,110928,Hybrid,Manual,6.8,368,Green,Convertible,Europe,4,Good,No
3712,EQC,Premium Plus,2012,68884,213769,Electric,Automatic,0,241,Brown,Sedan,Europe,4,Good,No
3713,A-Class,Luxury,2010,61780,191573,Hybrid,Manual,6.7,586,Gold,Convertible,North America,2,Excellent,No
3714,EQB,Base,2021,89651,31708,Electric,Automatic,0,312,Gray,Sedan,Latin America,4,Excellent,No
3715,EQA,Night Edition,2019,82685,73689,Electric,Automatic,0,572,Black,Sedan,Europe,3,Fair,No
3716,AMG GT,Night Edition,2020,171220,43243,Hybrid,Automatic,1.8,550,Red,Coupe,Africa,1,Like New,Yes
3717,E-Class,Premium,2019,79304,201431,Petrol,Automatic,2.5,425,Silver,Sedan,Europe,2,Like New,No
3718,S-Class,Night Edition,2016,123235,38976,Hybrid,Automatic,5.8,407,Red,SUV,Asia Pacific,2,Like New,No
3719,GLE,Luxury,2021,79427,155686,Petrol,Manual,3.6,126,Red,SUV,Africa,2,New,Yes
3720,GLB,Luxury,2015,49165,195074,Plug-in Hybrid,Manual,4.3,355,Beige,Convertible,Middle East,4,Fair,Yes
3721,GLS,Sport,2016,107255,197645,Petrol,Manual,3.8,380,Silver,SUV,Latin America,1,Excellent,Yes
3722,C-Class,Base,2020,49003,156972,Hybrid,Automatic,6,189,Gray,Sedan,North America,4,Good,No
3723,AMG GT,AMG Line,2010,125931,150318,Hybrid,Automatic,3.3,374,Gray,Coupe,North America,2,Fair,No
3724,GLS,Avantgarde,2022,131088,126979,Plug-in Hybrid,Automatic,5.9,277,Gold,SUV,Africa,4,New,Yes
3725,GLE,Base,2025,107407,149239,Petrol,Manual,4.6,597,Beige,SUV,North America,2,Excellent,Yes
3726,AMG GT,AMG Line,2018,157443,203193,Petrol,Manual,3.9,448,Black,Coupe,North America,3,New,No
3727,C-Class,Exclusive,2020,69984,171738,Hybrid,Manual,6.6,362,Brown,Convertible,Middle East,4,Like New,Yes
3728,GLB,Base,2023,73257,99777,Petrol,Manual,2.5,563,Gold,Convertible,North America,1,Good,Yes
3729,GLE,Base,2018,97053,51044,Hybrid,Automatic,4.7,496,Beige,SUV,Latin America,2,Very Good,Yes
3730,A-Class,Exclusive,2012,42373,174078,Plug-in Hybrid,Automatic,3.1,380,Beige,Convertible,Europe,4,Good,Yes
3731,CLA,Avantgarde,2022,53528,15910,Petrol,Manual,6.2,164,Gray,Coupe,Africa,1,Excellent,Yes
3732,E-Class,Premium,2021,104019,179546,Plug-in Hybrid,Automatic,6.5,464,Red,Roadster,Middle East,2,New,Yes
3733,E-Class,AMG Line,2024,89241,144508,Hybrid,Automatic,6.5,532,Beige,Hatchback,Europe,3,Good,No
3734,GLA,Night Edition,2010,31429,62615,Diesel,Automatic,4.4,212,Brown,Coupe,Middle East,3,Fair,Yes
3735,C-Class,Exclusive,2012,72450,103018,Petrol,Manual,2.1,440,White,Wagon,Africa,1,New,Yes
3736,GLS,Avantgarde,2008,110238,64795,Hybrid,Manual,5.6,267,Brown,SUV,Latin America,3,Like New,No
3737,B-Class,Night Edition,2019,72237,48079,Petrol,Automatic,6.3,619,Red,Convertible,Asia Pacific,4,Good,Yes
3738,E-Class,Premium Plus,2010,84845,130738,Hybrid,Automatic,3.9,357,Gold,Coupe,North America,1,New,Yes
3739,EQC,Sport,2024,103748,72050,Electric,Automatic,0,347,Silver,Sedan,Asia Pacific,2,Excellent,Yes
3740,E-Class,AMG Line,2009,85044,219512,Petrol,Automatic,1.4,573,Green,Hatchback,Asia Pacific,2,New,Yes
3741,C-Class,Sport,2009,60597,101742,Petrol,Automatic,6,605,Beige,Liftback,Asia Pacific,1,Good,No
3742,E-Class,Sport,2016,102902,115096,Petrol,Automatic,2.7,612,Gold,Hatchback,Africa,3,New,Yes
3743,EQC,Luxury,2022,96816,34286,Electric,Automatic,0,401,Black,Sedan,Africa,2,Good,No
3744,C-Class,Base,2024,80865,45283,Plug-in Hybrid,Manual,5.6,333,Beige,Hatchback,North America,1,Excellent,Yes
3745,B-Class,Base,2015,44605,205097,Diesel,Automatic,6.1,281,Blue,Liftback,Latin America,2,Like New,Yes
3746,CLA,Premium,2011,49210,198931,Petrol,Automatic,1.5,612,Silver,Coupe,Europe,4,Fair,No
3747,AMG GT,Exclusive,2009,160425,127784,Hybrid,Manual,2.4,473,Silver,Coupe,Africa,3,New,Yes
3748,A-Class,AMG Line,2016,49938,40612,Diesel,Automatic,4.5,262,White,Roadster,North America,3,Like New,Yes
3749,B-Class,Avantgarde,2020,38978,32987,Diesel,Manual,3.5,262,Blue,Convertible,Latin America,4,Fair,Yes
3750,S-Class,Exclusive,2025,107203,82691,Plug-in Hybrid,Manual,3,191,Black,SUV,Europe,2,Fair,Yes
3751,AMG GT,Avantgarde,2018,154285,40835,Petrol,Manual,4.7,554,Beige,Coupe,Europe,4,Good,No
3752,B-Class,Premium,2013,52729,123243,Petrol,Manual,2.5,441,Gold,Roadster,Latin America,1,Very Good,Yes
3753,GLE,Base,2013,72885,185411,Hybrid,Automatic,5.7,203,Blue,SUV,Africa,2,Excellent,Yes
3754,B-Class,Exclusive,2021,84422,159215,Petrol,Automatic,2,604,Red,Sedan,Asia Pacific,1,New,Yes
3755,EQA,Exclusive,2009,48337,174960,Electric,Automatic,0,266,Brown,Sedan,Middle East,4,Fair,Yes
3756,CLA,Sport,2025,80711,90284,Plug-in Hybrid,Automatic,5,392,Gold,Coupe,Latin America,2,Like New,No
3757,GLB,Base,2010,67428,152048,Hybrid,Automatic,2.5,381,Gray,Liftback,Middle East,3,New,No
3758,GLE,AMG Line,2015,99505,109634,Hybrid,Automatic,2.4,625,Black,SUV,Africa,2,Good,Yes
3759,GLA,Exclusive,2014,65952,174798,Hybrid,Manual,4.9,576,Blue,Wagon,North America,4,Good,No
3760,EQC,Night Edition,2009,102674,103929,Electric,Automatic,0,472,Gray,Sedan,Europe,3,New,No
3761,B-Class,Premium,2012,81496,70629,Plug-in Hybrid,Manual,1.9,462,Blue,Hatchback,Latin America,2,New,Yes
3762,GLA,Premium Plus,2018,74112,137784,Plug-in Hybrid,Automatic,5.4,424,Silver,Roadster,North America,3,Excellent,Yes
3763,A-Class,Premium,2011,44796,124524,Hybrid,Manual,5.3,535,Brown,Hatchback,Europe,3,Fair,No
3764,S-Class,Premium,2023,124955,133768,Hybrid,Automatic,5.4,412,Green,SUV,Latin America,3,Excellent,No
3765,S-Class,Premium,2016,125656,191175,Plug-in Hybrid,Automatic,6.7,431,Gold,SUV,Latin America,4,Like New,Yes
3766,GLS,AMG Line,2016,93278,186486,Plug-in Hybrid,Automatic,1.6,186,Gray,SUV,Latin America,2,Fair,Yes
3767,GLS,Luxury,2020,123202,101551,Petrol,Manual,4.2,314,Silver,SUV,Latin America,2,New,Yes
3768,E-Class,Base,2024,69096,175870,Petrol,Manual,2.2,131,White,Liftback,Latin America,4,Like New,No
3769,C-Class,Exclusive,2009,41917,204681,Plug-in Hybrid,Automatic,1.8,289,Silver,Liftback,Europe,4,Good,No
3770,GLB,AMG Line,2009,71027,126761,Plug-in Hybrid,Automatic,4.6,462,Red,Roadster,Africa,1,Excellent,Yes
3771,AMG GT,Avantgarde,2014,164080,177671,Plug-in Hybrid,Automatic,2.7,567,Red,Coupe,Africa,4,Like New,Yes
3772,B-Class,Premium Plus,2017,47861,201958,Petrol,Manual,2.1,289,Blue,Wagon,Latin America,4,Like New,Yes
3773,EQB,Exclusive,2018,64546,132354,Electric,Automatic,0,193,Gold,SUV,Europe,4,Good,Yes
3774,CLA,Luxury,2018,62447,45421,Plug-in Hybrid,Manual,3.7,392,Beige,Coupe,Latin America,3,Good,Yes
3775,GLE,Luxury,2010,68635,220464,Diesel,Automatic,6,356,Beige,SUV,Middle East,2,Excellent,No
3776,CLA,Night Edition,2025,54317,130532,Petrol,Automatic,2.4,296,Gray,Coupe,Latin America,1,Good,No
3777,GLE,AMG Line,2021,106534,151367,Plug-in Hybrid,Manual,3.6,588,Blue,SUV,Asia Pacific,3,Good,Yes
3778,S-Class,Avantgarde,2023,99833,78417,Petrol,Automatic,2.3,168,Beige,SUV,Middle East,4,Very Good,Yes
3779,B-Class,Sport,2023,80223,103419,Plug-in Hybrid,Manual,2.8,487,Blue,Liftback,Latin America,3,Excellent,No
3780,S-Class,Night Edition,2016,98461,41516,Diesel,Automatic,4.8,260,Blue,SUV,Latin America,3,Good,No
3781,EQB,Sport,2015,73639,181193,Electric,Automatic,0,531,Red,Sedan,Asia Pacific,4,Fair,Yes
3782,A-Class,Exclusive,2014,60398,172544,Plug-in Hybrid,Manual,2.8,302,Silver,SUV,Asia Pacific,2,New,No
3783,GLS,Avantgarde,2022,117564,177644,Petrol,Automatic,5.2,574,Green,SUV,Asia Pacific,1,Very Good,Yes
3784,GLB,AMG Line,2023,71777,106664,Petrol,Automatic,6.6,608,Silver,Liftback,Europe,3,Fair,No
3785,GLS,Base,2011,97290,218496,Diesel,Automatic,4.7,445,Red,SUV,Middle East,2,Good,Yes
3786,GLB,Premium,2023,84931,20347,Diesel,Manual,3.6,527,Silver,Roadster,Latin America,1,Excellent,No
3787,S-Class,Avantgarde,2010,83504,139066,Petrol,Manual,2.2,207,Green,SUV,Africa,2,Good,Yes
3788,E-Class,Premium,2019,81525,143055,Petrol,Automatic,5.5,615,Silver,SUV,Europe,2,Fair,Yes
3789,GLS,Base,2015,101672,98331,Hybrid,Automatic,2.1,414,Silver,SUV,Europe,2,Fair,No
3790,GLS,Exclusive,2025,121414,25189,Petrol,Manual,6.1,427,Red,SUV,Asia Pacific,3,Very Good,Yes
3791,C-Class,Avantgarde,2013,60965,129840,Plug-in Hybrid,Automatic,3.2,339,Gold,Coupe,North America,4,Very Good,Yes
3792,S-Class,Base,2010,99363,72342,Hybrid,Automatic,4.5,306,White,SUV,North America,1,Good,Yes
3793,GLS,Premium,2010,92867,200519,Plug-in Hybrid,Automatic,5.8,137,Gray,SUV,North America,2,Very Good,Yes
3794,GLA,Avantgarde,2015,72336,125273,Plug-in Hybrid,Automatic,5.2,453,Brown,Liftback,Asia Pacific,4,Excellent,Yes
3795,CLA,Avantgarde,2013,80208,207828,Plug-in Hybrid,Manual,1.5,569,Silver,Coupe,Africa,1,New,Yes
3796,GLS,Avantgarde,2015,123073,201053,Hybrid,Manual,4.9,482,Black,SUV,North America,1,Like New,No
3797,GLE,Luxury,2024,76986,162812,Petrol,Manual,2.7,266,Gray,SUV,Europe,1,Very Good,Yes
3798,GLA,AMG Line,2014,65996,220532,Petrol,Manual,3.2,403,Green,Coupe,Africa,4,New,Yes
3799,E-Class,Night Edition,2024,71409,130318,Petrol,Automatic,2.6,449,Red,Hatchback,Middle East,3,Fair,No
3800,GLB,AMG Line,2018,73859,97590,Diesel,Manual,2.5,628,Beige,Liftback,Europe,4,Good,No
3801,S-Class,Premium Plus,2018,115878,98795,Diesel,Manual,4.2,416,Brown,SUV,North America,1,Like New,No
3802,CLA,Base,2017,38446,177480,Diesel,Manual,5.2,197,Blue,Coupe,Middle East,2,Very Good,Yes
3803,EQA,Avantgarde,2023,88484,179184,Electric,Automatic,0,522,White,Sedan,North America,1,Very Good,Yes
3804,EQC,Night Edition,2014,114496,104483,Electric,Automatic,0,561,Gray,Sedan,Latin America,1,New,Yes
3805,EQA,AMG Line,2011,69505,72966,Electric,Automatic,0,289,Green,Sedan,Asia Pacific,4,Excellent,No
3806,C-Class,AMG Line,2020,61730,194585,Hybrid,Automatic,4.3,484,White,Hatchback,Latin America,3,Good,Yes
3807,B-Class,Premium,2015,31562,87403,Petrol,Automatic,1.6,126,Red,Roadster,Middle East,2,Very Good,No
3808,GLC,Exclusive,2009,66527,126124,Petrol,Automatic,1.5,379,White,Roadster,Latin America,1,Excellent,Yes
3809,E-Class,AMG Line,2024,75710,181187,Diesel,Manual,3.1,333,Gray,Convertible,Latin America,4,Like New,No
3810,C-Class,Avantgarde,2024,82308,108387,Petrol,Manual,3.7,626,Beige,Hatchback,Africa,4,Excellent,Yes
3811,EQC,Premium Plus,2023,101576,61251,Electric,Automatic,0,245,Gold,Sedan,Asia Pacific,2,New,No
3812,GLE,Avantgarde,2015,82803,143819,Diesel,Manual,3.6,258,Red,SUV,North America,4,New,No
3813,EQA,Sport,2017,90907,96721,Electric,Automatic,0,515,Gray,Sedan,Europe,2,Excellent,No
3814,A-Class,Sport,2008,37825,196939,Hybrid,Automatic,1.8,229,Brown,Liftback,Asia Pacific,3,Like New,Yes
3815,GLC,Base,2008,46857,121391,Plug-in Hybrid,Manual,2.5,213,Red,Wagon,North America,4,Fair,Yes
3816,EQA,Avantgarde,2012,84122,58369,Electric,Automatic,0,374,Beige,SUV,Europe,2,Like New,No
3817,C-Class,Night Edition,2014,66408,159609,Plug-in Hybrid,Automatic,6.6,291,Black,Coupe,Latin America,4,Like New,Yes
3818,EQB,Luxury,2021,77300,85186,Electric,Automatic,0,408,Blue,Sedan,Asia Pacific,2,Fair,Yes
3819,A-Class,AMG Line,2020,46677,159899,Petrol,Automatic,6.1,394,Gold,Sedan,Europe,1,Good,No
3820,EQC,Premium Plus,2013,87475,175591,Electric,Automatic,0,429,Gold,Sedan,Middle East,2,Very Good,Yes
3821,EQC,Avantgarde,2013,100805,49467,Electric,Automatic,0,366,Blue,Sedan,Asia Pacific,1,Like New,Yes
3822,GLB,Premium,2012,31370,90125,Petrol,Manual,2.3,187,Gold,Wagon,North America,1,Fair,Yes
3823,GLC,Exclusive,2023,88647,62938,Diesel,Automatic,2.6,449,Gold,Sedan,Asia Pacific,4,Like New,No
3824,A-Class,AMG Line,2011,33489,130478,Petrol,Automatic,3.8,338,White,Roadster,Asia Pacific,3,Good,Yes
3825,GLE,Sport,2009,78930,114656,Hybrid,Manual,5.8,285,Red,SUV,Europe,4,Like New,No
3826,E-Class,Premium,2009,67573,94047,Diesel,Manual,4.3,430,Blue,Roadster,Africa,1,Very Good,No
3827,GLC,AMG Line,2019,70600,43931,Diesel,Manual,1.8,281,Gold,Convertible,Africa,4,Excellent,No
3828,A-Class,Premium Plus,2021,46682,93199,Petrol,Manual,4.6,198,Blue,Coupe,Middle East,3,Like New,No
3829,GLA,Luxury,2014,44765,190265,Hybrid,Manual,2.2,181,Beige,Convertible,Latin America,2,Excellent,Yes
3830,GLE,Night Edition,2017,93640,210839,Hybrid,Manual,4.1,401,Blue,SUV,Latin America,1,Like New,Yes
3831,EQC,Premium,2015,114170,154775,Electric,Automatic,0,590,Black,Sedan,Middle East,4,New,No
3832,GLA,Premium Plus,2008,55145,212463,Plug-in Hybrid,Manual,4.9,450,Blue,Roadster,Latin America,3,Good,Yes
3833,S-Class,Avantgarde,2019,96484,141931,Plug-in Hybrid,Automatic,3.1,211,Gold,SUV,Asia Pacific,4,Fair,Yes
3834,AMG GT,Premium,2010,134139,221308,Petrol,Automatic,6.4,400,Beige,Coupe,Africa,1,Excellent,No
3835,C-Class,Sport,2009,47890,206895,Plug-in Hybrid,Manual,5.1,378,Blue,Sedan,North America,2,Good,Yes
3836,EQA,AMG Line,2014,86956,185129,Electric,Automatic,0,558,White,Sedan,Latin America,2,Like New,Yes
3837,GLS,Luxury,2016,114583,135136,Plug-in Hybrid,Automatic,2.1,136,Gold,SUV,Asia Pacific,4,New,Yes
3838,B-Class,Base,2014,42168,160588,Hybrid,Automatic,4,368,Gray,Sedan,Asia Pacific,4,Fair,No
3839,GLB,Premium Plus,2009,44896,180789,Petrol,Manual,1.6,211,Black,Sedan,Middle East,1,Excellent,Yes
3840,CLA,Night Edition,2024,89602,110812,Hybrid,Automatic,1.7,534,Gray,Coupe,Europe,1,New,Yes
3841,EQB,Premium Plus,2017,87701,175591,Electric,Automatic,0,415,Red,Sedan,Africa,4,Like New,Yes
3842,EQC,Avantgarde,2012,77515,125292,Electric,Automatic,0,240,Gray,Sedan,North America,3,Excellent,Yes
3843,GLC,Premium Plus,2015,65410,181519,Petrol,Automatic,6.2,390,White,Convertible,Latin America,2,Excellent,Yes
3844,GLC,Night Edition,2018,81074,158628,Petrol,Automatic,2.6,579,Beige,Sedan,Middle East,3,Very Good,Yes
3845,A-Class,Night Edition,2013,56967,130579,Petrol,Automatic,4.2,484,Blue,Convertible,Latin America,2,Excellent,Yes
3846,GLA,Night Edition,2024,74907,173382,Plug-in Hybrid,Manual,3.2,268,Silver,Roadster,Asia Pacific,1,New,Yes
3847,GLC,Base,2008,66286,193112,Diesel,Automatic,2.6,630,Gray,Wagon,Africa,2,Good,No
3848,CLA,Night Edition,2021,52109,34863,Petrol,Manual,1.8,370,Black,Coupe,Middle East,4,Fair,No
3849,B-Class,Base,2018,47135,80153,Diesel,Automatic,5.1,115,Gold,Roadster,Asia Pacific,1,New,Yes
3850,GLA,Night Edition,2008,68276,63790,Hybrid,Automatic,5.2,331,Black,Wagon,Asia Pacific,3,New,Yes
3851,CLA,AMG Line,2016,72405,174407,Plug-in Hybrid,Manual,6,574,Brown,Coupe,Latin America,3,Very Good,No
3852,EQC,Avantgarde,2014,103793,70483,Electric,Automatic,0,438,Beige,Sedan,Europe,1,Like New,Yes
3853,CLA,Avantgarde,2012,35399,172289,Diesel,Manual,5.1,245,Black,Coupe,Latin America,4,Very Good,Yes
3854,GLC,Luxury,2014,50671,131645,Diesel,Manual,6.8,356,Blue,Liftback,Europe,1,Fair,No
3855,S-Class,Luxury,2010,87131,229641,Petrol,Automatic,5,451,Blue,SUV,North America,1,Fair,Yes
3856,A-Class,Night Edition,2019,61349,48192,Hybrid,Automatic,5.5,589,Brown,Liftback,Middle East,4,Fair,No
3857,GLB,Base,2016,73447,78023,Plug-in Hybrid,Automatic,3.2,513,Gray,SUV,North America,2,Good,Yes
3858,A-Class,Luxury,2011,41990,213768,Diesel,Manual,2.4,473,Gray,Sedan,Africa,4,Excellent,Yes
3859,C-Class,Luxury,2024,65773,52503,Diesel,Manual,5.9,465,Gray,Hatchback,Africa,4,Good,Yes
3860,A-Class,Exclusive,2013,55110,150022,Plug-in Hybrid,Manual,4.3,269,Brown,Sedan,Latin America,4,Like New,Yes
3861,EQB,Avantgarde,2008,86080,185599,Electric,Automatic,0,453,Black,SUV,North America,4,New,Yes
3862,GLB,Avantgarde,2015,68996,161972,Hybrid,Automatic,3.6,434,Gray,Liftback,North America,2,Like New,Yes
3863,GLE,Sport,2016,81790,99797,Petrol,Automatic,6.1,558,Green,SUV,Latin America,2,Fair,No
3864,GLA,Exclusive,2015,68828,172722,Plug-in Hybrid,Automatic,6.3,433,Silver,Coupe,Middle East,4,Excellent,No
3865,AMG GT,Premium,2018,139074,79673,Diesel,Automatic,6.7,353,Gray,Coupe,Latin America,4,Good,No
3866,S-Class,Exclusive,2011,104257,209594,Diesel,Automatic,5.9,599,Brown,SUV,Africa,1,Good,No
3867,B-Class,Exclusive,2023,68827,123480,Hybrid,Automatic,6.3,432,Gold,Hatchback,Asia Pacific,2,Excellent,Yes
3868,EQA,Luxury,2019,63245,197319,Electric,Automatic,0,325,Black,Sedan,Africa,3,Fair,Yes
3869,EQB,Night Edition,2016,85863,78497,Electric,Automatic,0,471,Blue,Sedan,Africa,2,Very Good,Yes
3870,C-Class,Premium,2015,82317,182197,Plug-in Hybrid,Manual,5,575,Gold,Convertible,Middle East,4,Like New,No
3871,A-Class,Avantgarde,2020,57768,99243,Hybrid,Automatic,2.4,177,Gold,Convertible,Africa,1,New,Yes
3872,E-Class,Luxury,2016,92468,134464,Plug-in Hybrid,Manual,2.2,585,Red,Wagon,Africa,1,Good,Yes
3873,E-Class,Luxury,2015,87688,72181,Hybrid,Manual,4.5,519,Green,Hatchback,Europe,4,Very Good,No
3874,AMG GT,Luxury,2021,171229,69961,Petrol,Automatic,5.8,572,Beige,Coupe,North America,3,Like New,No
3875,GLB,Avantgarde,2016,63471,147367,Diesel,Automatic,4,507,Green,Liftback,Europe,2,Excellent,Yes
3876,A-Class,Exclusive,2018,53037,117540,Petrol,Automatic,5.1,454,Silver,Sedan,Africa,4,Very Good,Yes
3877,GLA,Avantgarde,2022,35987,186359,Diesel,Automatic,5.4,117,Gray,Coupe,North America,2,Good,No
3878,GLA,Night Edition,2010,46339,204253,Petrol,Manual,4.2,423,White,Coupe,Latin America,1,Very Good,Yes
3879,GLB,Exclusive,2012,60078,100188,Plug-in Hybrid,Manual,3.3,322,Brown,Hatchback,Asia Pacific,3,Good,Yes
3880,EQB,Avantgarde,2012,74272,187762,Electric,Automatic,0,248,Gold,Sedan,North America,1,Like New,No
3881,E-Class,Exclusive,2009,68323,213428,Hybrid,Manual,2.5,607,Green,Convertible,Asia Pacific,4,Fair,Yes
3882,GLS,Avantgarde,2014,130308,157456,Plug-in Hybrid,Manual,5.3,470,Silver,SUV,North America,1,New,No
3883,S-Class,Avantgarde,2010,86482,230281,Hybrid,Manual,6.5,285,Red,SUV,North America,1,Fair,No
3884,EQB,AMG Line,2021,101956,42452,Electric,Automatic,0,526,Black,Sedan,Asia Pacific,4,Very Good,Yes
3885,GLB,Night Edition,2008,46096,177349,Diesel,Automatic,7,459,Black,Convertible,North America,3,Good,Yes
3886,CLA,AMG Line,2010,62832,160932,Plug-in Hybrid,Automatic,5.6,554,Red,Coupe,Asia Pacific,2,Good,Yes
3887,S-Class,Premium,2019,109230,198090,Hybrid,Automatic,2.2,275,Red,SUV,Latin America,3,Like New,Yes
3888,A-Class,Premium Plus,2012,34835,68661,Diesel,Automatic,5.5,408,Gold,Coupe,Latin America,1,Fair,Yes
3889,C-Class,Premium Plus,2009,53192,201440,Diesel,Automatic,1.8,411,Black,SUV,North America,4,Like New,No
3890,B-Class,Avantgarde,2018,59093,109803,Plug-in Hybrid,Automatic,5.7,173,Green,Sedan,Africa,2,Like New,Yes
3891,EQC,AMG Line,2012,85525,53170,Electric,Automatic,0,247,Green,Sedan,Africa,4,Excellent,No
3892,GLE,Luxury,2015,88913,46934,Petrol,Manual,2.2,530,White,SUV,North America,1,Fair,No
3893,EQB,Sport,2019,81134,196114,Electric,Automatic,0,391,Black,SUV,Latin America,3,Excellent,Yes
3894,A-Class,AMG Line,2021,46203,68489,Diesel,Automatic,4.6,410,Beige,Convertible,Europe,3,Fair,No
3895,EQA,Sport,2023,101408,180610,Electric,Automatic,0,553,Silver,Sedan,Europe,2,New,Yes
3896,C-Class,Avantgarde,2025,99426,80736,Hybrid,Automatic,5.1,576,Gold,Liftback,Latin America,3,New,Yes
3897,CLA,Luxury,2012,50584,139161,Hybrid,Manual,5.5,362,White,Coupe,Africa,2,Good,Yes
3898,EQC,AMG Line,2025,119458,29675,Electric,Automatic,0,608,White,Sedan,North America,3,Excellent,Yes
3899,C-Class,Luxury,2023,76180,81578,Petrol,Automatic,2.7,478,Black,Hatchback,Asia Pacific,1,Excellent,Yes
3900,GLS,AMG Line,2024,119211,171176,Petrol,Manual,5.6,592,Gold,SUV,Europe,3,Good,Yes
3901,AMG GT,AMG Line,2012,153450,114437,Hybrid,Manual,6.3,443,Gold,Coupe,Latin America,2,Like New,Yes
3902,GLB,Base,2011,64498,156864,Diesel,Manual,3.3,444,Gold,Convertible,Middle East,1,New,No
3903,AMG GT,Premium Plus,2023,175948,52709,Petrol,Manual,2.5,625,Black,Coupe,Asia Pacific,1,Excellent,No
3904,GLC,AMG Line,2013,67183,217046,Hybrid,Manual,3.8,637,Green,SUV,Middle East,2,Fair,Yes
3905,S-Class,AMG Line,2014,113500,209573,Hybrid,Manual,5.9,510,White,SUV,Europe,4,Very Good,No
3906,GLC,Base,2024,57138,131680,Diesel,Manual,5.7,266,Red,Sedan,Middle East,3,Fair,Yes
3907,AMG GT,Premium Plus,2016,166207,138200,Plug-in Hybrid,Automatic,5.6,605,Red,Coupe,Latin America,2,Very Good,Yes
3908,A-Class,Avantgarde,2010,65500,161303,Hybrid,Manual,4.2,508,Gold,SUV,Asia Pacific,3,New,No
3909,GLA,Avantgarde,2011,74322,96438,Plug-in Hybrid,Automatic,6,488,Silver,Wagon,North America,3,Like New,Yes
3910,EQC,AMG Line,2012,89941,222421,Electric,Automatic,0,499,Black,Sedan,North America,4,Excellent,Yes
3911,EQB,Premium,2008,87390,150540,Electric,Automatic,0,525,Red,SUV,Europe,1,Excellent,No
3912,B-Class,Night Edition,2014,37352,115536,Diesel,Manual,5.2,230,Red,Sedan,North America,1,Very Good,No
3913,GLS,Sport,2014,107323,137027,Petrol,Manual,3.8,343,Gold,SUV,Africa,3,Excellent,Yes
3914,A-Class,Luxury,2020,71964,159436,Hybrid,Automatic,3.3,636,Black,Roadster,Middle East,3,Excellent,Yes
3915,CLA,Night Edition,2015,71548,59797,Petrol,Manual,2.7,624,Gray,Coupe,Asia Pacific,2,Good,Yes
3916,GLS,Premium,2011,89937,174244,Petrol,Automatic,5.2,298,Gray,SUV,Europe,3,Very Good,Yes
3917,EQB,Sport,2020,95820,77727,Electric,Automatic,0,251,Gold,Sedan,Latin America,4,New,Yes
3918,AMG GT,Sport,2008,143316,132279,Hybrid,Automatic,2.3,292,Gray,Coupe,Latin America,4,Like New,Yes
3919,GLE,Base,2011,72770,208652,Diesel,Manual,3.6,240,Silver,SUV,Latin America,3,New,Yes
3920,EQC,Night Edition,2010,80220,121189,Electric,Automatic,0,263,Gold,SUV,North America,4,Excellent,Yes
3921,A-Class,Base,2020,65731,183012,Hybrid,Manual,4.3,391,White,Liftback,Middle East,4,New,Yes
3922,GLB,Luxury,2012,61885,177040,Plug-in Hybrid,Automatic,3.4,429,Blue,Liftback,Europe,1,Good,No
3923,GLE,Base,2024,96786,182349,Hybrid,Automatic,4.4,218,Green,SUV,Latin America,3,New,Yes
3924,EQA,Premium Plus,2025,108477,107876,Electric,Automatic,0,569,Red,SUV,North America,1,New,Yes
3925,GLE,Base,2009,90674,162550,Plug-in Hybrid,Manual,1.8,488,Blue,SUV,Middle East,3,Excellent,Yes
3926,EQC,Premium Plus,2010,73345,235250,Electric,Automatic,0,265,Black,Sedan,Europe,2,Excellent,Yes
3927,GLB,Premium,2022,80426,116224,Hybrid,Automatic,5.2,491,Gold,Roadster,Latin America,1,Excellent,Yes
3928,EQA,Premium Plus,2011,70748,52776,Electric,Automatic,0,267,Blue,SUV,Africa,4,Very Good,Yes
3929,CLA,Night Edition,2013,53344,118948,Plug-in Hybrid,Manual,4,245,Beige,Coupe,North America,4,Very Good,Yes
3930,GLS,Exclusive,2017,115452,113074,Hybrid,Automatic,2.3,384,Blue,SUV,Europe,4,Excellent,Yes
3931,EQB,Premium Plus,2015,101479,145219,Electric,Automatic,0,560,Silver,Sedan,North America,1,New,Yes
3932,S-Class,Night Edition,2010,121100,59571,Plug-in Hybrid,Automatic,2.3,448,Blue,SUV,Africa,2,Excellent,Yes
3933,AMG GT,Luxury,2012,143453,143730,Plug-in Hybrid,Manual,2.1,222,Brown,Coupe,Europe,4,Excellent,Yes
3934,EQA,Night Edition,2024,75446,95619,Electric,Automatic,0,408,Beige,Sedan,Middle East,2,Fair,Yes
3935,A-Class,Night Edition,2022,47134,113389,Diesel,Automatic,1.6,158,Red,SUV,North America,4,Like New,Yes
3936,B-Class,AMG Line,2012,61638,140650,Hybrid,Automatic,5.5,521,Gray,SUV,Africa,4,Excellent,Yes
3937,GLA,Luxury,2019,80260,142628,Hybrid,Automatic,6.2,419,Brown,Coupe,Africa,1,New,Yes
3938,EQC,Exclusive,2019,87237,135009,Electric,Automatic,0,243,Beige,SUV,Africa,4,Like New,No
3939,A-Class,Avantgarde,2015,68250,156845,Petrol,Manual,5.6,629,Green,Wagon,Asia Pacific,2,Like New,Yes
3940,GLE,Exclusive,2019,79484,148593,Diesel,Automatic,6.2,319,Silver,SUV,Middle East,1,Excellent,No
3941,EQA,Exclusive,2022,71117,167824,Electric,Automatic,0,362,Gold,Sedan,Latin America,1,Good,Yes
3942,EQC,Sport,2020,90300,189636,Electric,Automatic,0,221,Red,SUV,Middle East,3,New,Yes
3943,GLB,Base,2010,61270,194429,Plug-in Hybrid,Manual,2.8,403,Black,Convertible,Asia Pacific,1,Excellent,Yes
3944,S-Class,Night Edition,2016,83914,213562,Plug-in Hybrid,Manual,2.6,137,Silver,SUV,Middle East,3,Fair,Yes
3945,GLC,Night Edition,2014,87911,186236,Hybrid,Automatic,2.7,599,Red,SUV,Latin America,4,Like New,Yes
3946,EQB,Luxury,2013,76290,167831,Electric,Automatic,0,568,Blue,SUV,Latin America,1,Fair,Yes
3947,EQC,Avantgarde,2009,75634,130381,Electric,Automatic,0,477,Black,Sedan,Latin America,1,Fair,Yes
3948,GLE,Sport,2008,81161,212867,Diesel,Automatic,6.6,632,Silver,SUV,Africa,3,Good,No
3949,GLA,Premium,2019,73561,155127,Plug-in Hybrid,Automatic,2.2,264,Silver,Sedan,Latin America,4,New,Yes
3950,GLB,Luxury,2009,28609,187908,Petrol,Manual,6.2,150,Red,Sedan,Middle East,2,Good,Yes
3951,B-Class,Avantgarde,2010,71123,128516,Diesel,Automatic,6.9,560,Gold,SUV,Latin America,4,New,Yes
3952,GLA,AMG Line,2020,41649,57084,Petrol,Automatic,2.3,120,Gold,Roadster,Asia Pacific,3,Good,Yes
3953,E-Class,Night Edition,2018,101883,185308,Plug-in Hybrid,Manual,3.4,618,Green,Wagon,Europe,1,Like New,Yes
3954,GLB,Avantgarde,2023,64751,28909,Diesel,Automatic,2.9,323,Green,Sedan,North America,1,Very Good,Yes
3955,EQA,Luxury,2008,54945,134821,Electric,Automatic,0,280,Brown,SUV,Europe,4,Fair,No
3956,AMG GT,Sport,2008,131402,238788,Plug-in Hybrid,Manual,5.1,214,Gray,Coupe,Asia Pacific,3,Like New,Yes
3957,CLA,Avantgarde,2012,40459,202153,Hybrid,Manual,5.2,225,Beige,Coupe,Africa,2,Excellent,Yes
3958,GLC,Exclusive,2023,70169,155733,Hybrid,Automatic,3.5,319,Blue,Hatchback,Middle East,2,Very Good,Yes
3959,C-Class,Exclusive,2015,59410,48386,Plug-in Hybrid,Manual,4.5,211,Blue,Roadster,Asia Pacific,1,Very Good,No
3960,E-Class,Sport,2021,73175,108945,Hybrid,Manual,4.9,123,Red,Liftback,Latin America,3,Like New,No
3961,E-Class,Avantgarde,2011,50175,195414,Petrol,Automatic,5.8,119,White,Liftback,Asia Pacific,4,Excellent,Yes
3962,EQA,Luxury,2024,79767,130015,Electric,Automatic,0,362,Gray,Sedan,Asia Pacific,4,Good,Yes
3963,CLA,Luxury,2009,39374,204587,Plug-in Hybrid,Manual,5.1,317,Beige,Coupe,Europe,1,Fair,Yes
3964,B-Class,Night Edition,2011,22844,182796,Petrol,Automatic,4.6,239,White,Hatchback,North America,1,Fair,No
3965,E-Class,AMG Line,2012,56450,212009,Petrol,Manual,6.6,390,Blue,Liftback,Latin America,4,Fair,Yes
3966,B-Class,Premium Plus,2023,68069,123340,Diesel,Manual,2.3,358,Silver,Sedan,Asia Pacific,2,New,Yes
3967,EQB,Sport,2017,93362,198030,Electric,Automatic,0,530,Silver,SUV,Africa,2,Excellent,Yes
3968,GLE,Night Edition,2011,93878,94751,Hybrid,Automatic,3.6,484,Blue,SUV,Africa,2,Excellent,Yes
3969,B-Class,Luxury,2022,32332,159636,Petrol,Manual,6,190,Black,Coupe,Latin America,2,Fair,Yes
3970,S-Class,Avantgarde,2022,96080,24284,Diesel,Automatic,3.6,253,Red,SUV,Europe,3,Fair,Yes
3971,GLC,Exclusive,2020,78939,111471,Diesel,Manual,4.4,575,Green,Wagon,Latin America,4,Very Good,No
3972,AMG GT,Night Edition,2016,149170,97423,Petrol,Automatic,1.7,476,Red,Coupe,Latin America,1,Good,No
3973,B-Class,Premium,2008,50096,86233,Hybrid,Manual,5.7,308,Silver,Convertible,Latin America,2,Like New,No
3974,B-Class,Avantgarde,2013,54727,188736,Petrol,Manual,2.6,581,Beige,Sedan,Latin America,1,Very Good,Yes
3975,A-Class,Sport,2010,55698,164962,Plug-in Hybrid,Manual,6.8,226,White,Hatchback,Middle East,3,New,No
3976,A-Class,Exclusive,2022,46511,114246,Hybrid,Automatic,6.5,368,Green,Liftback,North America,1,Fair,No
3977,B-Class,Luxury,2024,51535,10837,Diesel,Manual,2.1,393,Brown,SUV,North America,1,Fair,No
3978,B-Class,Premium,2010,29822,221579,Diesel,Manual,2.2,209,Brown,Wagon,Asia Pacific,1,Excellent,No
3979,EQB,Luxury,2014,100719,170806,Electric,Automatic,0,561,White,SUV,Asia Pacific,2,New,Yes
3980,E-Class,Premium Plus,2017,99406,166675,Plug-in Hybrid,Automatic,5.7,452,Blue,Hatchback,Latin America,1,New,No
3981,GLS,Premium Plus,2013,100066,105357,Petrol,Automatic,6.9,182,Blue,SUV,Africa,4,Excellent,Yes
3982,C-Class,AMG Line,2014,74294,96081,Diesel,Manual,5.2,446,Gold,SUV,Africa,4,New,Yes
3983,GLC,Avantgarde,2023,58512,96053,Petrol,Manual,4.3,236,White,SUV,Middle East,4,Fair,No
3984,GLC,AMG Line,2019,50478,170534,Diesel,Manual,6.2,327,White,Roadster,Africa,1,Fair,No
3985,GLS,Exclusive,2009,112469,139373,Plug-in Hybrid,Manual,4.1,325,White,SUV,Latin America,3,Like New,Yes
3986,GLC,Avantgarde,2011,62061,152087,Plug-in Hybrid,Manual,6.1,195,Blue,Convertible,Europe,4,Excellent,Yes
3987,C-Class,Exclusive,2021,95552,81062,Plug-in Hybrid,Automatic,2.5,625,Gray,Hatchback,Africa,1,Like New,No
3988,EQC,Base,2021,97296,107176,Electric,Automatic,0,533,Green,SUV,Asia Pacific,2,Fair,No
3989,E-Class,Premium Plus,2018,63696,47430,Diesel,Manual,2.1,200,White,Sedan,North America,2,Good,No
3990,E-Class,AMG Line,2018,83907,123324,Plug-in Hybrid,Manual,3.9,502,Silver,SUV,Latin America,4,Fair,Yes
3991,GLB,Night Edition,2010,79044,119803,Petrol,Automatic,2.4,545,Silver,Convertible,North America,4,New,No
3992,GLB,Exclusive,2021,79666,167831,Hybrid,Manual,1.7,554,White,Hatchback,Africa,2,Excellent,No
3993,CLA,Avantgarde,2023,62807,57456,Petrol,Manual,1.9,522,Brown,Coupe,North America,2,Fair,Yes
3994,EQA,AMG Line,2022,92518,48152,Electric,Automatic,0,379,Green,Sedan,Asia Pacific,4,Excellent,Yes
3995,GLS,AMG Line,2025,99153,151181,Diesel,Automatic,1.5,263,Black,SUV,Latin America,3,Very Good,Yes
3996,CLA,Premium Plus,2022,62591,100248,Plug-in Hybrid,Automatic,6.5,410,Brown,Coupe,Africa,1,Fair,Yes
3997,A-Class,Premium,2014,78979,83336,Hybrid,Manual,5.9,541,Blue,SUV,North America,4,New,Yes
3998,E-Class,Luxury,2025,79901,31342,Petrol,Manual,1.9,315,Gray,Sedan,North America,2,Good,Yes
3999,S-Class,Premium,2020,110340,77810,Petrol,Automatic,3.5,190,Brown,SUV,Asia Pacific,3,Like New,No
4000,GLC,Premium,2011,71621,133091,Hybrid,Automatic,4.3,534,Gold,Wagon,Middle East,3,Good,No
4001,B-Class,Premium,2023,73135,83398,Petrol,Automatic,5,473,Brown,Roadster,Latin America,3,Like New,Yes
4002,A-Class,Premium,2010,43513,139114,Plug-in Hybrid,Automatic,4.1,327,Gold,Coupe,Latin America,3,Good,Yes
4003,A-Class,Night Edition,2015,51360,171587,Petrol,Automatic,2.3,514,Silver,Hatchback,Middle East,1,Good,Yes
4004,EQA,Premium Plus,2021,94869,69737,Electric,Automatic,0,280,Brown,SUV,North America,4,New,No
4005,GLB,Night Edition,2016,51870,49914,Hybrid,Automatic,2.4,114,Gold,Wagon,Middle East,4,Excellent,Yes
4006,CLA,Premium Plus,2019,68222,124521,Plug-in Hybrid,Automatic,3.9,533,Blue,Coupe,Europe,4,Fair,Yes
4007,EQB,AMG Line,2020,96574,90345,Electric,Automatic,0,473,White,Sedan,Middle East,2,Excellent,Yes
4008,A-Class,Sport,2017,58552,142834,Petrol,Manual,6.6,487,Brown,Liftback,Africa,3,Like New,Yes
4009,EQA,Premium,2009,80799,112045,Electric,Automatic,0,452,Silver,Sedan,Europe,1,Like New,No
4010,E-Class,Luxury,2009,68296,225322,Petrol,Automatic,2.7,386,Red,SUV,Middle East,2,Like New,Yes
4011,E-Class,Premium,2022,88729,47220,Diesel,Manual,4.5,508,Beige,SUV,Africa,1,Very Good,Yes
4012,GLA,Exclusive,2025,66869,151291,Diesel,Manual,3.3,313,Green,Sedan,Middle East,3,New,Yes
4013,S-Class,Luxury,2024,109589,26323,Plug-in Hybrid,Manual,2.9,160,Gray,SUV,Europe,3,Good,Yes
4014,EQC,Night Edition,2017,92446,109847,Electric,Automatic,0,544,Gray,SUV,North America,4,Fair,Yes
4015,C-Class,Exclusive,2010,42057,206500,Petrol,Manual,4.4,279,Black,Hatchback,Africa,4,Excellent,Yes
4016,E-Class,Avantgarde,2011,78325,211367,Plug-in Hybrid,Automatic,3.8,272,Silver,Coupe,Latin America,1,New,Yes
4017,E-Class,Luxury,2021,94149,78245,Hybrid,Manual,6.7,435,Red,Liftback,Africa,2,Excellent,Yes
4018,AMG GT,Premium Plus,2021,138202,134911,Hybrid,Manual,3.9,183,Beige,Coupe,Africa,2,Very Good,No
4019,A-Class,Premium,2010,50567,111757,Plug-in Hybrid,Manual,1.3,387,Red,Hatchback,Europe,2,Very Good,No
4020,GLC,Premium Plus,2009,41651,214966,Diesel,Automatic,6.8,190,Silver,Coupe,Latin America,4,Excellent,Yes
4021,CLA,Sport,2010,63946,87587,Hybrid,Manual,2.4,352,Black,Coupe,Latin America,2,New,Yes
4022,CLA,Premium,2015,52251,198907,Hybrid,Manual,5.2,120,Blue,Coupe,Asia Pacific,2,New,Yes
4023,EQB,Base,2014,96025,80320,Electric,Automatic,0,385,Gold,SUV,North America,2,New,No
4024,CLA,Avantgarde,2025,65433,79908,Diesel,Automatic,3.6,528,Black,Coupe,Africa,1,Good,Yes
4025,CLA,Exclusive,2023,52782,135362,Hybrid,Automatic,4.1,230,Gold,Coupe,Latin America,1,Very Good,No
4026,A-Class,Sport,2014,36926,102961,Plug-in Hybrid,Manual,4.6,141,Brown,Coupe,North America,1,Very Good,No
4027,EQB,Premium Plus,2017,74480,66704,Electric,Automatic,0,221,Beige,Sedan,Middle East,3,Good,Yes
4028,B-Class,Premium,2023,74124,77519,Hybrid,Manual,5.7,528,Green,SUV,Latin America,1,Very Good,Yes
4029,S-Class,Avantgarde,2019,125394,141617,Plug-in Hybrid,Manual,1.6,540,Red,SUV,Middle East,3,Very Good,Yes
4030,GLB,Sport,2025,64388,15347,Diesel,Automatic,2.5,263,Gray,SUV,Africa,3,Excellent,No
4031,GLB,Premium Plus,2015,50754,196647,Diesel,Automatic,6,501,Gray,SUV,Latin America,1,Fair,No
4032,EQC,Base,2013,104888,144713,Electric,Automatic,0,509,Brown,Sedan,Europe,4,New,Yes
4033,EQA,Avantgarde,2009,70878,168644,Electric,Automatic,0,477,Red,SUV,North America,1,Very Good,Yes
4034,AMG GT,Avantgarde,2009,123482,96792,Petrol,Automatic,3.6,330,Black,Coupe,Asia Pacific,2,Fair,Yes
4035,B-Class,Exclusive,2014,45020,175650,Plug-in Hybrid,Manual,3.4,350,Blue,Wagon,Europe,3,Good,No
4036,S-Class,Sport,2023,108206,87152,Petrol,Manual,2.3,450,Gray,SUV,Latin America,3,Fair,No
4037,GLA,Premium Plus,2018,56269,131621,Diesel,Automatic,5.2,209,Green,Convertible,Middle East,4,New,Yes
4038,GLC,Night Edition,2022,49064,14918,Diesel,Manual,5,162,Blue,Wagon,Latin America,3,Fair,Yes
4039,GLS,Sport,2012,106309,81023,Petrol,Automatic,1.6,514,Brown,SUV,Asia Pacific,4,Fair,Yes
4040,GLC,AMG Line,2015,65196,127180,Petrol,Manual,4.3,510,Blue,Coupe,Africa,3,Fair,Yes
4041,EQA,Night Edition,2016,69926,85719,Electric,Automatic,0,398,Gray,Sedan,Asia Pacific,2,Fair,No
4042,A-Class,Sport,2011,57044,165108,Petrol,Manual,4.5,461,Black,Roadster,North America,2,New,Yes
4043,C-Class,Exclusive,2018,60207,50936,Petrol,Automatic,6.8,168,Green,Convertible,Europe,2,Like New,Yes
4044,E-Class,Luxury,2024,99622,156774,Plug-in Hybrid,Manual,2.8,389,Brown,Convertible,Africa,1,New,Yes
4045,EQC,AMG Line,2010,77418,117850,Electric,Automatic,0,239,Beige,SUV,Africa,3,Very Good,No
4046,B-Class,AMG Line,2021,60131,69815,Hybrid,Manual,6.6,412,Green,Liftback,Asia Pacific,1,Very Good,No
4047,B-Class,Base,2009,25716,174950,Diesel,Manual,3.4,145,Green,Hatchback,Latin America,4,Excellent,Yes
4048,GLS,Luxury,2010,113021,165778,Diesel,Manual,5.8,522,Brown,SUV,Latin America,4,Like New,No
4049,A-Class,Base,2022,53106,37275,Petrol,Automatic,1.9,279,Green,Convertible,Africa,4,Very Good,No
4050,EQA,Base,2008,83751,119173,Electric,Automatic,0,563,White,Sedan,North America,4,Excellent,Yes
4051,S-Class,Luxury,2020,103418,48484,Diesel,Automatic,1.4,138,White,SUV,Latin America,1,Excellent,Yes
4052,GLE,Premium,2018,97048,182136,Petrol,Automatic,2,574,Blue,SUV,Middle East,4,Excellent,No
4053,GLE,Base,2023,85384,187441,Plug-in Hybrid,Automatic,2.4,254,Gold,SUV,North America,2,Very Good,No
4054,GLC,Luxury,2014,76620,104254,Petrol,Automatic,5.9,324,Gray,SUV,Europe,4,New,No
4055,AMG GT,Base,2024,142267,125523,Hybrid,Automatic,2.8,228,Gray,Coupe,Asia Pacific,4,Good,Yes
4056,C-Class,Premium,2008,67010,78837,Diesel,Manual,4.1,486,Green,Coupe,Africa,4,Like New,No
4057,A-Class,Luxury,2009,49336,203150,Plug-in Hybrid,Automatic,3.5,376,Green,Roadster,Asia Pacific,1,Excellent,No
4058,S-Class,Luxury,2024,89413,169472,Diesel,Manual,6.3,119,Gray,SUV,Europe,1,Good,Yes
4059,GLS,AMG Line,2017,111613,135780,Diesel,Manual,6.9,539,White,SUV,Africa,3,Good,No
4060,GLS,AMG Line,2008,110651,63197,Plug-in Hybrid,Automatic,6.7,194,White,SUV,Europe,4,Like New,Yes
4061,CLA,Night Edition,2025,52720,103385,Plug-in Hybrid,Manual,6.1,149,Red,Coupe,Africa,3,Good,No
4062,A-Class,Exclusive,2023,31680,84716,Diesel,Automatic,3.6,148,Red,Coupe,Latin America,2,Fair,No
4063,GLC,Avantgarde,2012,50079,143020,Petrol,Automatic,4.4,366,Red,SUV,Asia Pacific,2,Fair,Yes
4064,EQA,Sport,2018,110589,105103,Electric,Automatic,0,595,Blue,Sedan,Latin America,1,New,Yes
4065,GLE,Base,2010,62178,184032,Petrol,Automatic,1.9,183,Black,SUV,Middle East,4,Very Good,Yes
4066,EQB,Exclusive,2017,78524,206859,Electric,Automatic,0,485,Green,SUV,Asia Pacific,4,Good,Yes
4067,CLA,Base,2016,55050,60729,Diesel,Manual,5.4,339,Blue,Coupe,Europe,2,Excellent,Yes
4068,GLB,Exclusive,2020,44981,23024,Diesel,Automatic,2.8,164,Brown,Hatchback,Europe,3,Good,Yes
4069,EQB,Avantgarde,2018,118370,40981,Electric,Automatic,0,613,Brown,SUV,Middle East,3,New,Yes
4070,GLE,Exclusive,2015,79012,38745,Diesel,Manual,2.7,193,Blue,SUV,North America,1,Excellent,Yes
4071,B-Class,Sport,2021,69985,132217,Hybrid,Manual,2.9,441,Gray,SUV,Latin America,4,Like New,No
4072,AMG GT,AMG Line,2018,150405,162851,Hybrid,Manual,6.2,486,Green,Coupe,Africa,1,Good,No
4073,AMG GT,Avantgarde,2017,163856,145198,Plug-in Hybrid,Manual,2.1,610,Gray,Coupe,Latin America,4,Good,No
4074,B-Class,Avantgarde,2011,50146,202353,Plug-in Hybrid,Manual,5.9,311,Silver,Wagon,Europe,4,Like New,No
4075,GLA,AMG Line,2017,53683,85980,Hybrid,Automatic,2.8,369,Blue,Roadster,Latin America,2,Fair,No
4076,GLB,Luxury,2013,41179,57593,Hybrid,Automatic,3.9,166,Silver,Convertible,Latin America,1,Fair,Yes
4077,GLB,Night Edition,2024,61100,175517,Diesel,Manual,3.8,567,Beige,SUV,Latin America,4,Fair,Yes
4078,CLA,Luxury,2013,43440,154035,Plug-in Hybrid,Automatic,1.3,189,Blue,Coupe,Africa,2,Very Good,Yes
4079,GLA,Sport,2015,91677,46599,Plug-in Hybrid,Manual,3.7,567,Blue,SUV,Middle East,2,New,Yes
4080,AMG GT,Premium Plus,2013,153328,148735,Hybrid,Manual,2.7,447,Red,Coupe,Middle East,2,Like New,Yes
4081,GLA,Sport,2018,60210,83005,Petrol,Automatic,4.1,579,Gold,SUV,Africa,2,Fair,Yes
4082,S-Class,Base,2021,104868,123398,Petrol,Manual,6.4,179,Silver,SUV,Europe,3,Like New,Yes
4083,GLE,Avantgarde,2008,88055,107754,Petrol,Automatic,2.6,482,Silver,SUV,North America,2,Excellent,Yes
4084,CLA,Avantgarde,2010,36872,167184,Diesel,Automatic,6.2,321,Red,Coupe,Asia Pacific,4,Good,Yes
4085,S-Class,Premium Plus,2012,122366,97585,Hybrid,Automatic,2.8,510,Gold,SUV,Asia Pacific,2,Excellent,Yes
4086,GLC,Premium,2019,77461,181397,Hybrid,Manual,2,381,Silver,Hatchback,Middle East,4,Like New,Yes
4087,C-Class,Night Edition,2018,65822,185720,Diesel,Manual,1.4,482,Brown,SUV,Asia Pacific,4,Excellent,Yes
4088,AMG GT,Night Edition,2017,147090,80209,Plug-in Hybrid,Automatic,2.8,461,White,Coupe,North America,2,Fair,No
4089,CLA,Sport,2024,56715,15513,Diesel,Automatic,4.8,278,Blue,Coupe,Latin America,2,Good,No
4090,GLB,Premium Plus,2021,72916,41875,Diesel,Automatic,2.6,270,Black,Wagon,Africa,2,New,Yes
4091,GLC,Exclusive,2012,69428,180329,Plug-in Hybrid,Automatic,1.8,312,Gold,Coupe,Middle East,3,Like New,No
4092,B-Class,Avantgarde,2024,77007,70397,Petrol,Manual,6.4,551,Brown,Coupe,Asia Pacific,3,Excellent,No
4093,GLA,Exclusive,2018,56237,152986,Petrol,Manual,6.9,380,Gold,Sedan,Middle East,1,Very Good,Yes
4094,GLA,Base,2012,71715,102008,Petrol,Automatic,4.3,565,Silver,Hatchback,Middle East,4,Like New,Yes
4095,E-Class,Luxury,2013,74728,173275,Plug-in Hybrid,Manual,5.4,555,Brown,Hatchback,Middle East,1,Fair,No
4096,EQB,Avantgarde,2025,92877,14368,Electric,Automatic,0,450,Gray,SUV,Middle East,2,Fair,Yes
4097,GLS,Exclusive,2011,115810,146821,Hybrid,Manual,2.4,291,Red,SUV,North America,1,New,Yes
4098,S-Class,Exclusive,2014,112414,196898,Petrol,Manual,5.5,470,Gray,SUV,Middle East,4,Excellent,Yes
4099,S-Class,Premium,2016,99195,84193,Diesel,Automatic,6.7,279,White,SUV,Middle East,2,Very Good,Yes
4100,A-Class,Premium Plus,2016,50509,178200,Diesel,Automatic,4.3,625,Black,Hatchback,North America,2,Fair,Yes
4101,CLA,Sport,2011,59569,116182,Diesel,Automatic,5,492,Gold,Coupe,Africa,3,Excellent,No
4102,EQC,AMG Line,2018,86501,126459,Electric,Automatic,0,476,White,Sedan,Africa,2,Fair,Yes
4103,AMG GT,Premium,2018,151809,193213,Plug-in Hybrid,Automatic,6.5,311,Green,Coupe,North America,2,Like New,Yes
4104,CLA,Luxury,2009,72655,75998,Petrol,Automatic,3.2,531,Beige,Coupe,North America,3,New,Yes
4105,B-Class,Base,2010,36980,109399,Petrol,Automatic,1.9,190,Red,Sedan,Africa,4,Excellent,Yes
4106,GLA,Luxury,2016,68644,188539,Plug-in Hybrid,Manual,2.6,482,Red,Coupe,Africa,4,Very Good,No
4107,C-Class,Luxury,2015,64901,139458,Diesel,Automatic,2.2,607,Red,Hatchback,Latin America,1,Very Good,No
4108,E-Class,AMG Line,2021,110551,81344,Hybrid,Automatic,2.4,607,Green,Liftback,Middle East,1,New,Yes
4109,EQC,AMG Line,2018,82344,78268,Electric,Automatic,0,206,White,Sedan,Europe,2,Very Good,No
4110,GLC,AMG Line,2020,80968,26046,Diesel,Automatic,3.4,410,Gold,Convertible,Africa,3,Excellent,Yes
4111,GLB,Premium,2011,76760,116100,Plug-in Hybrid,Manual,4.8,603,Green,SUV,Europe,2,Good,No
4112,GLA,Avantgarde,2016,81376,87784,Hybrid,Automatic,1.5,553,Green,Liftback,Latin America,4,Like New,No
4113,GLS,AMG Line,2015,126614,115454,Petrol,Manual,1.8,576,Brown,SUV,Asia Pacific,1,Like New,Yes
4114,EQB,Exclusive,2012,85421,170386,Electric,Automatic,0,585,Green,SUV,Europe,2,Very Good,Yes
4115,GLB,Exclusive,2010,76085,225908,Petrol,Manual,3.2,632,Black,Liftback,Asia Pacific,4,New,Yes
4116,E-Class,AMG Line,2010,66674,203668,Diesel,Manual,1.4,577,Black,SUV,Latin America,3,Good,No
4117,GLE,Avantgarde,2021,63576,167639,Diesel,Manual,5.6,236,Gray,SUV,Middle East,4,Fair,Yes
4118,GLB,Premium,2009,54985,166768,Hybrid,Automatic,4.2,311,Silver,Coupe,Middle East,4,Like New,Yes
4119,GLC,Luxury,2012,80265,94968,Hybrid,Manual,1.3,522,Silver,SUV,North America,3,Very Good,Yes
4120,GLS,Base,2013,115777,106912,Diesel,Automatic,4.5,364,Beige,SUV,North America,4,New,No
4121,A-Class,Premium Plus,2014,35849,135171,Petrol,Automatic,3.5,206,Silver,SUV,Middle East,1,Very Good,Yes
4122,EQA,Luxury,2009,75006,111425,Electric,Automatic,0,454,Gold,Sedan,Latin America,2,Good,No
4123,CLA,Base,2016,49038,143318,Diesel,Manual,4.4,493,Beige,Coupe,North America,2,Fair,Yes
4124,S-Class,Luxury,2020,129655,44703,Hybrid,Manual,2.9,374,Gray,SUV,Africa,4,Like New,No
4125,S-Class,Avantgarde,2014,91595,165692,Petrol,Automatic,5.2,261,Gold,SUV,Africa,1,Good,Yes
4126,EQC,Premium Plus,2023,115540,14105,Electric,Automatic,0,494,Silver,Sedan,Africa,4,Like New,Yes
4127,GLS,Luxury,2023,129202,96549,Hybrid,Automatic,4.4,477,Black,SUV,Europe,4,Excellent,Yes
4128,B-Class,Base,2010,38587,169708,Diesel,Manual,5.5,375,Green,Wagon,Middle East,1,Very Good,No
4129,GLA,AMG Line,2016,56861,118414,Plug-in Hybrid,Manual,3.7,236,White,Wagon,Europe,2,Excellent,Yes
4130,AMG GT,Premium Plus,2008,118446,242015,Hybrid,Automatic,5.7,208,Gray,Coupe,Africa,3,Very Good,Yes
4131,CLA,Premium,2009,36187,227594,Petrol,Automatic,4.2,330,Green,Coupe,Europe,1,Good,Yes
4132,B-Class,Luxury,2012,38832,158116,Hybrid,Manual,4.6,128,White,Coupe,Asia Pacific,1,Excellent,No
4133,EQA,Premium,2020,109409,97721,Electric,Automatic,0,579,White,Sedan,North America,2,New,Yes
4134,S-Class,Night Edition,2022,94659,52174,Diesel,Manual,6.4,138,Black,SUV,Middle East,2,Good,Yes
4135,AMG GT,Premium,2019,144408,192039,Plug-in Hybrid,Automatic,3.4,398,Red,Coupe,Africa,3,Fair,No
4136,B-Class,Premium,2021,47899,111946,Diesel,Automatic,5.9,222,Black,Wagon,Latin America,3,Like New,Yes
4137,GLC,Night Edition,2013,75520,114926,Hybrid,Manual,5.2,400,Beige,Hatchback,Latin America,3,Like New,No
4138,B-Class,Exclusive,2011,64297,216946,Plug-in Hybrid,Manual,2.7,580,Blue,Coupe,Europe,1,Excellent,Yes
4139,S-Class,Premium Plus,2013,89883,126128,Diesel,Automatic,5.6,366,Silver,SUV,Latin America,4,Fair,Yes
4140,AMG GT,Exclusive,2020,133660,195912,Petrol,Automatic,2.8,327,Blue,Coupe,Africa,1,Good,Yes
4141,A-Class,Premium Plus,2011,62191,108930,Petrol,Manual,1.6,626,Gold,Coupe,Middle East,2,Excellent,No
4142,B-Class,Exclusive,2015,87254,103285,Plug-in Hybrid,Manual,3,628,Beige,Hatchback,Africa,2,New,Yes
4143,GLE,Exclusive,2018,73050,85647,Diesel,Automatic,5,244,Blue,SUV,Latin America,4,Very Good,Yes
4144,GLB,Base,2020,65641,79561,Petrol,Manual,3.5,445,Silver,Wagon,Europe,2,Very Good,No
4145,EQB,Exclusive,2025,115595,41933,Electric,Automatic,0,501,Black,SUV,Middle East,2,New,No
4146,B-Class,Luxury,2016,25870,114654,Diesel,Manual,4.1,126,Gray,SUV,North America,3,Good,Yes
4147,GLS,Base,2008,115332,123424,Plug-in Hybrid,Automatic,1.6,507,Green,SUV,Asia Pacific,2,Very Good,Yes
4148,GLE,Premium Plus,2022,90431,31182,Diesel,Manual,4.4,196,Brown,SUV,Middle East,4,New,Yes
4149,C-Class,Night Edition,2011,54156,72368,Diesel,Automatic,3.6,130,Black,Convertible,North America,1,New,Yes
4150,EQC,Sport,2023,113077,65168,Electric,Automatic,0,361,Green,Sedan,Latin America,4,New,Yes
4151,GLC,Sport,2010,78750,182974,Hybrid,Manual,4.7,539,Gold,Wagon,North America,2,Like New,No
4152,GLE,Night Edition,2008,53607,125369,Hybrid,Automatic,2.6,184,Brown,SUV,Asia Pacific,4,Fair,No
4153,EQA,Premium,2013,82768,185200,Electric,Automatic,0,553,Silver,SUV,Middle East,4,Excellent,Yes
4154,GLB,Avantgarde,2020,75863,121948,Hybrid,Automatic,2.3,335,Silver,Hatchback,North America,3,New,Yes
4155,AMG GT,Avantgarde,2024,161954,99493,Petrol,Automatic,4,583,White,Coupe,Europe,1,Good,Yes
4156,GLS,Avantgarde,2017,113507,50387,Diesel,Manual,1.9,350,Red,SUV,Middle East,1,Excellent,Yes
4157,AMG GT,Luxury,2024,157536,134424,Hybrid,Manual,5.1,497,Black,Coupe,North America,4,Very Good,No
4158,EQA,Premium,2014,63555,195920,Electric,Automatic,0,366,Green,Sedan,Europe,4,Good,No
4159,E-Class,Exclusive,2022,52081,176083,Hybrid,Manual,5.7,171,Red,Roadster,Latin America,1,Fair,Yes
4160,EQC,Night Edition,2018,98628,33211,Electric,Automatic,0,589,Black,Sedan,Latin America,3,Fair,Yes
4161,C-Class,Sport,2023,48479,143128,Hybrid,Automatic,3,284,Red,Sedan,Europe,3,Fair,Yes
4162,B-Class,Base,2014,37184,164994,Petrol,Automatic,5.7,226,Gray,SUV,Europe,2,Very Good,No
4163,EQA,Avantgarde,2018,95168,117585,Electric,Automatic,0,536,Gray,Sedan,Asia Pacific,1,Like New,Yes
4164,AMG GT,Base,2009,157112,94369,Hybrid,Manual,5.1,516,Brown,Coupe,Africa,3,Excellent,No
4165,C-Class,Premium Plus,2011,52314,100305,Plug-in Hybrid,Manual,4.3,114,Blue,Sedan,North America,4,Excellent,Yes
4166,EQA,Night Edition,2010,66783,199444,Electric,Automatic,0,431,Silver,Sedan,Asia Pacific,1,Good,Yes
4167,GLC,AMG Line,2015,65674,73346,Hybrid,Automatic,4.8,443,Gray,Wagon,Middle East,2,Fair,Yes
4168,A-Class,Night Edition,2015,47956,209827,Plug-in Hybrid,Manual,4.8,499,Blue,Hatchback,Europe,1,Fair,Yes
4169,AMG GT,Night Edition,2019,150993,88216,Diesel,Automatic,4.7,221,Silver,Coupe,Africa,1,New,Yes
4170,GLA,Premium,2016,49790,187671,Diesel,Automatic,6.9,430,Green,Wagon,Latin America,2,Very Good,Yes
4171,GLC,Base,2011,74184,81457,Petrol,Manual,1.4,631,Silver,Hatchback,Middle East,1,Fair,Yes
4172,B-Class,Exclusive,2020,64576,151468,Diesel,Manual,5.6,626,White,SUV,North America,1,Good,Yes
4173,GLS,Premium,2024,137920,171238,Hybrid,Manual,4.1,468,Blue,SUV,Middle East,3,New,Yes
4174,S-Class,AMG Line,2025,121928,130793,Hybrid,Automatic,1.7,611,Gray,SUV,Africa,2,Fair,Yes
4175,GLA,Base,2014,61292,134620,Plug-in Hybrid,Automatic,4.5,374,Brown,Sedan,Asia Pacific,3,Very Good,Yes
4176,A-Class,Premium,2025,60135,33477,Plug-in Hybrid,Automatic,1.8,167,Red,Wagon,Latin America,3,Excellent,Yes
4177,A-Class,Premium Plus,2019,61821,74859,Petrol,Automatic,3.1,403,Blue,Sedan,Latin America,3,Excellent,Yes
4178,EQB,Luxury,2014,88431,100499,Electric,Automatic,0,597,Black,SUV,Asia Pacific,4,Fair,Yes
4179,E-Class,Avantgarde,2011,58333,93478,Diesel,Manual,4.3,163,Brown,Sedan,Asia Pacific,2,Like New,Yes
4180,GLA,Night Edition,2013,68114,221777,Hybrid,Automatic,4.2,549,White,Wagon,Asia Pacific,2,Excellent,Yes
4181,C-Class,Night Edition,2011,42030,55463,Petrol,Automatic,2.3,163,Red,Hatchback,Africa,4,Very Good,Yes
4182,EQA,Night Edition,2012,64973,197747,Electric,Automatic,0,190,White,Sedan,Europe,3,Like New,Yes
4183,CLA,Night Edition,2009,25494,151272,Diesel,Automatic,2.8,174,Gold,Coupe,Asia Pacific,1,Very Good,Yes
4184,GLC,Avantgarde,2013,71388,185029,Plug-in Hybrid,Manual,3,417,Beige,Hatchback,Latin America,2,Good,Yes
4185,E-Class,Luxury,2020,68911,186395,Hybrid,Automatic,1.6,190,Gold,Liftback,Middle East,3,Excellent,Yes
4186,B-Class,Premium Plus,2023,46113,81099,Diesel,Automatic,4.9,403,Gray,Sedan,North America,3,Fair,No
4187,GLE,Night Edition,2015,92330,71426,Diesel,Automatic,6.5,495,White,SUV,North America,1,Excellent,No
4188,E-Class,Premium Plus,2015,74966,91955,Plug-in Hybrid,Manual,6.3,258,White,Convertible,Europe,4,Excellent,No
4189,AMG GT,Luxury,2012,141962,178538,Plug-in Hybrid,Manual,6,227,Beige,Coupe,Europe,3,Like New,No
4190,S-Class,AMG Line,2024,106592,16549,Diesel,Automatic,3,269,Brown,SUV,Asia Pacific,1,Good,Yes
4191,EQC,AMG Line,2012,91226,94225,Electric,Automatic,0,496,Silver,SUV,Middle East,2,Good,Yes
4192,GLA,Exclusive,2010,43758,164234,Hybrid,Manual,3.9,115,Beige,SUV,Africa,1,Like New,Yes
4193,GLA,Base,2008,32677,64112,Diesel,Automatic,2.8,117,Brown,Sedan,North America,4,Excellent,Yes
4194,S-Class,Premium,2022,109690,151993,Plug-in Hybrid,Manual,2.1,210,Blue,SUV,Europe,2,Very Good,Yes
4195,E-Class,AMG Line,2014,64116,213054,Plug-in Hybrid,Automatic,6.3,322,White,Hatchback,North America,2,Good,No
4196,GLS,Sport,2020,119456,145704,Plug-in Hybrid,Manual,4.3,182,Beige,SUV,Europe,4,New,Yes
4197,GLS,Night Edition,2021,126449,19415,Hybrid,Manual,2,431,Blue,SUV,Africa,1,Excellent,Yes
4198,A-Class,AMG Line,2023,32120,153693,Petrol,Manual,3.2,118,White,Sedan,Latin America,2,Very Good,Yes
4199,A-Class,Avantgarde,2024,71562,59751,Diesel,Automatic,5.7,637,Blue,Wagon,North America,2,Very Good,No
4200,C-Class,Avantgarde,2015,40596,118414,Petrol,Automatic,1.4,275,White,Roadster,Latin America,3,Fair,Yes
4201,GLE,Base,2025,104377,64986,Diesel,Manual,5,398,Beige,SUV,Asia Pacific,2,New,Yes
4202,GLE,Sport,2021,94236,171869,Hybrid,Automatic,2.7,346,White,SUV,Africa,1,Like New,Yes
4203,GLA,Luxury,2014,40252,101329,Hybrid,Manual,3.2,169,Green,SUV,Middle East,1,Good,Yes
4204,A-Class,Base,2013,66724,75252,Plug-in Hybrid,Manual,6,373,Brown,Wagon,Europe,3,Like New,Yes
4205,EQA,Premium,2022,94519,26993,Electric,Automatic,0,294,Silver,Sedan,Middle East,3,New,Yes
4206,EQB,Base,2023,102379,186956,Electric,Automatic,0,466,Brown,SUV,North America,1,New,Yes
4207,EQA,Premium,2025,84441,156802,Electric,Automatic,0,195,Beige,Sedan,Europe,4,New,Yes
4208,AMG GT,Exclusive,2016,148766,59515,Petrol,Automatic,4,465,Green,Coupe,Latin America,2,Very Good,No
4209,GLE,Night Edition,2010,91706,156498,Plug-in Hybrid,Manual,5.3,340,Red,SUV,Europe,3,Like New,No
4210,GLA,Exclusive,2021,39315,125988,Petrol,Automatic,4.4,194,White,Coupe,Asia Pacific,1,Fair,Yes
4211,GLB,Exclusive,2010,90984,91383,Plug-in Hybrid,Automatic,5.1,638,Silver,Coupe,Europe,1,Like New,Yes
4212,EQB,Luxury,2024,77307,120543,Electric,Automatic,0,262,Gold,Sedan,Europe,2,Very Good,Yes
4213,GLC,Avantgarde,2014,72701,117255,Petrol,Manual,5,240,White,Convertible,Middle East,4,New,Yes
4214,AMG GT,AMG Line,2010,139703,150699,Plug-in Hybrid,Automatic,3.1,145,Red,Coupe,Africa,3,Like New,No
4215,EQA,Premium,2023,93944,172750,Electric,Automatic,0,526,Silver,Sedan,Africa,3,Excellent,Yes
4216,GLC,Premium Plus,2021,84982,174944,Diesel,Automatic,3.5,575,Beige,Hatchback,North America,2,Like New,Yes
4217,B-Class,Base,2022,77351,45538,Hybrid,Manual,3.3,404,Gray,Sedan,Middle East,4,New,No
4218,GLA,AMG Line,2013,39037,103940,Hybrid,Automatic,3.8,290,Brown,Wagon,North America,4,Fair,No
4219,B-Class,Luxury,2015,46754,138107,Diesel,Automatic,5.2,406,Brown,Convertible,Europe,4,Very Good,No
4220,EQA,Night Edition,2009,57466,194340,Electric,Automatic,0,256,Beige,SUV,Asia Pacific,3,Very Good,No
4221,GLB,AMG Line,2023,74565,174832,Plug-in Hybrid,Automatic,1.5,583,Gray,Wagon,Asia Pacific,4,Fair,Yes
4222,AMG GT,Luxury,2023,181412,97236,Petrol,Manual,6.1,637,Gold,Coupe,Africa,1,New,No
4223,C-Class,AMG Line,2008,70592,161050,Plug-in Hybrid,Automatic,5.3,428,Green,Convertible,Latin America,3,New,Yes
4224,EQC,Avantgarde,2011,84466,129267,Electric,Automatic,0,519,Gold,Sedan,Latin America,1,Fair,No
4225,S-Class,Luxury,2022,123626,104249,Hybrid,Manual,3.9,511,Brown,SUV,Asia Pacific,3,Very Good,Yes
4226,A-Class,Avantgarde,2022,20324,174233,Diesel,Automatic,6.9,151,Beige,Liftback,Middle East,1,Fair,Yes
4227,B-Class,Base,2023,62188,12930,Plug-in Hybrid,Manual,5.8,408,Blue,Sedan,Africa,1,Fair,No
4228,AMG GT,Premium,2019,149327,74974,Hybrid,Manual,3.6,179,Brown,Coupe,Middle East,4,Like New,Yes
4229,GLA,AMG Line,2010,47198,171575,Hybrid,Manual,4.5,434,Silver,SUV,Middle East,1,Good,No
4230,C-Class,Premium Plus,2014,61160,131341,Plug-in Hybrid,Manual,6,172,Red,Hatchback,Africa,3,New,Yes
4231,GLB,Night Edition,2011,52313,220385,Petrol,Automatic,5,276,Beige,Wagon,Africa,3,New,No
4232,GLE,AMG Line,2010,81592,75153,Petrol,Automatic,1.6,554,Black,SUV,Middle East,3,Fair,Yes
4233,A-Class,Night Edition,2022,75521,23769,Hybrid,Automatic,6.7,366,Black,Coupe,North America,2,New,No
4234,S-Class,Base,2018,99417,204654,Petrol,Automatic,2.6,389,Beige,SUV,Middle East,2,Good,Yes
4235,S-Class,AMG Line,2012,130340,57938,Petrol,Automatic,2.8,482,Green,SUV,Asia Pacific,2,New,Yes
4236,A-Class,Night Edition,2008,42134,120339,Plug-in Hybrid,Manual,4.7,259,Silver,Coupe,Latin America,4,Excellent,No
4237,GLS,Sport,2022,121690,120673,Hybrid,Automatic,6.1,193,Green,SUV,Europe,4,New,Yes
4238,E-Class,Exclusive,2015,66732,181850,Diesel,Automatic,3,305,Gold,SUV,Latin America,3,Excellent,Yes
4239,B-Class,Sport,2017,56522,36399,Hybrid,Automatic,5.7,118,Gold,SUV,Asia Pacific,3,New,No
4240,E-Class,Avantgarde,2024,66639,126252,Petrol,Manual,3.1,291,Gray,Sedan,Asia Pacific,4,Good,Yes
4241,EQA,Premium,2023,109728,72098,Electric,Automatic,0,611,Beige,SUV,Asia Pacific,1,Like New,Yes
4242,GLA,Luxury,2022,59116,64217,Hybrid,Manual,2.7,285,Red,Coupe,Latin America,1,Good,Yes
4243,C-Class,AMG Line,2020,63137,24462,Plug-in Hybrid,Manual,2,177,Black,SUV,Middle East,1,Excellent,Yes
4244,EQC,Avantgarde,2011,83723,116378,Electric,Automatic,0,419,Red,Sedan,North America,2,Very Good,Yes
4245,AMG GT,Base,2015,114899,203987,Hybrid,Automatic,3.2,142,White,Coupe,Africa,1,Fair,Yes
4246,GLE,Night Edition,2024,77782,62410,Diesel,Manual,2.7,285,Gray,SUV,Middle East,4,Good,Yes
4247,GLE,Luxury,2013,54058,214648,Diesel,Automatic,2.3,124,Black,SUV,Asia Pacific,2,Good,Yes
4248,B-Class,Night Edition,2019,68633,81488,Petrol,Manual,6,391,Blue,Wagon,Latin America,4,New,Yes
4249,GLC,Avantgarde,2009,64146,79056,Petrol,Automatic,6.7,400,Black,SUV,Asia Pacific,4,Very Good,No
4250,GLE,Luxury,2017,87648,86244,Petrol,Automatic,2.6,329,Silver,SUV,Africa,3,Like New,No
4251,C-Class,Exclusive,2018,54218,165100,Plug-in Hybrid,Automatic,4.8,327,White,Hatchback,Latin America,3,Fair,Yes
4252,CLA,Exclusive,2012,42631,195184,Petrol,Manual,6.7,324,Brown,Coupe,Europe,1,Very Good,No
4253,GLA,Sport,2018,54620,179625,Plug-in Hybrid,Automatic,2.7,390,Gray,Coupe,North America,4,Fair,No
4254,AMG GT,AMG Line,2012,173465,69801,Hybrid,Manual,3,638,Black,Coupe,Europe,2,New,Yes
4255,GLC,Premium,2023,85035,92722,Plug-in Hybrid,Manual,6.8,188,Beige,Liftback,North America,3,New,Yes
4256,EQC,Night Edition,2016,84297,137097,Electric,Automatic,0,511,Beige,SUV,North America,4,Fair,No
4257,EQC,Premium,2018,89742,56274,Electric,Automatic,0,210,Beige,Sedan,North America,4,Like New,No
4258,CLA,Luxury,2022,81548,30439,Petrol,Automatic,6.5,567,White,Coupe,Asia Pacific,3,Excellent,No
4259,S-Class,AMG Line,2019,117863,122059,Hybrid,Automatic,1.5,574,Green,SUV,Africa,2,Fair,Yes
4260,EQA,Sport,2008,69495,234102,Electric,Automatic,0,330,Brown,SUV,Africa,4,Like New,Yes
4261,E-Class,Sport,2019,70058,86906,Diesel,Automatic,4,502,Red,Sedan,Middle East,2,Fair,Yes
4262,GLB,Sport,2014,52570,136626,Diesel,Automatic,6.9,399,Blue,Roadster,Latin America,1,Very Good,Yes
4263,CLA,Luxury,2021,49958,164623,Petrol,Automatic,2.5,402,Gold,Coupe,North America,3,Fair,Yes
4264,GLC,AMG Line,2018,70541,87304,Petrol,Automatic,4.5,281,White,Wagon,Africa,1,Excellent,No
4265,CLA,Exclusive,2011,21967,231154,Diesel,Manual,4.3,128,Gray,Coupe,Europe,2,Very Good,No
4266,EQC,Premium,2019,112070,80575,Electric,Automatic,0,604,Beige,Sedan,Asia Pacific,3,Excellent,Yes
4267,AMG GT,Premium,2014,145672,177657,Petrol,Automatic,1.8,537,Red,Coupe,North America,1,Very Good,Yes
4268,A-Class,Avantgarde,2008,17347,215948,Petrol,Manual,2,283,White,Coupe,Africa,2,Fair,Yes
4269,EQB,Sport,2018,108391,56508,Electric,Automatic,0,523,Gold,Sedan,Middle East,3,New,Yes
4270,GLC,Luxury,2022,67938,163672,Hybrid,Manual,6.5,203,Green,Roadster,Middle East,3,Excellent,Yes
4271,B-Class,Exclusive,2013,51028,107906,Petrol,Automatic,5.7,204,Gold,Liftback,Asia Pacific,4,New,Yes
4272,E-Class,Exclusive,2012,75690,73391,Petrol,Manual,1.9,596,Gray,Coupe,Europe,2,Fair,No
4273,B-Class,Night Edition,2014,76640,61554,Plug-in Hybrid,Automatic,1.8,491,Brown,Coupe,Asia Pacific,1,Like New,No
4274,E-Class,Base,2024,83968,130562,Diesel,Automatic,3.3,388,Blue,Sedan,Middle East,3,Excellent,No
4275,GLS,AMG Line,2015,120405,162283,Petrol,Automatic,2.4,377,Red,SUV,Europe,1,New,Yes
4276,A-Class,AMG Line,2023,69315,78186,Diesel,Automatic,3.1,378,Beige,Wagon,Europe,2,New,Yes
4277,S-Class,Sport,2009,103289,183038,Plug-in Hybrid,Manual,6.2,443,Red,SUV,North America,3,Fair,No
4278,GLB,Premium,2021,85752,154267,Diesel,Automatic,5.5,600,Brown,SUV,Middle East,3,New,Yes
4279,S-Class,AMG Line,2025,136681,70230,Plug-in Hybrid,Manual,2.4,489,Red,SUV,Europe,3,Very Good,No
4280,GLS,Avantgarde,2020,122121,154470,Diesel,Automatic,4.7,451,Red,SUV,Asia Pacific,4,New,No
4281,A-Class,Base,2010,31076,90640,Petrol,Manual,4,240,Brown,Coupe,Europe,3,Very Good,No
4282,B-Class,Avantgarde,2013,56425,146055,Plug-in Hybrid,Manual,6.7,590,White,Hatchback,Asia Pacific,3,Fair,Yes
4283,A-Class,Avantgarde,2010,44140,79297,Hybrid,Manual,1.8,136,Black,Convertible,Africa,2,Like New,No
4284,E-Class,Night Edition,2023,93170,105818,Plug-in Hybrid,Automatic,1.4,521,Silver,Wagon,Europe,1,Good,No
4285,GLB,Base,2013,52556,63403,Hybrid,Automatic,2.3,150,Silver,Convertible,Europe,3,Excellent,No
4286,A-Class,Sport,2024,43367,171659,Hybrid,Manual,1.9,207,Gray,Sedan,Middle East,1,Very Good,No
4287,GLC,AMG Line,2023,83834,126478,Plug-in Hybrid,Manual,5.9,346,Black,Hatchback,Latin America,1,Excellent,Yes
4288,GLB,Night Edition,2022,80254,56208,Plug-in Hybrid,Automatic,3.2,362,Red,Hatchback,North America,3,Excellent,Yes
4289,CLA,Night Edition,2023,76429,114364,Plug-in Hybrid,Automatic,2.7,433,Blue,Coupe,North America,2,Excellent,No
4290,GLC,Premium,2010,57441,68604,Hybrid,Automatic,3.5,166,Gray,Sedan,Africa,2,Excellent,Yes
4291,E-Class,AMG Line,2022,96557,55791,Plug-in Hybrid,Automatic,5.2,208,Gray,Sedan,North America,1,New,No
4292,GLS,Base,2021,132692,171999,Plug-in Hybrid,Manual,3.9,560,Green,SUV,North America,3,Excellent,Yes
4293,S-Class,Premium,2013,82619,198296,Diesel,Automatic,7,254,Brown,SUV,North America,3,Fair,Yes
4294,EQC,Premium,2021,86367,33929,Electric,Automatic,0,268,Blue,Sedan,North America,1,Good,Yes
4295,AMG GT,Premium,2016,118503,152529,Diesel,Automatic,6,274,Brown,Coupe,Middle East,3,Fair,Yes
4296,EQA,Exclusive,2011,89700,75726,Electric,Automatic,0,514,Beige,Sedan,Latin America,2,Like New,Yes
4297,EQC,Exclusive,2018,91649,51001,Electric,Automatic,0,287,Beige,SUV,Asia Pacific,1,Excellent,Yes
4298,B-Class,Exclusive,2013,31521,127291,Petrol,Manual,3,273,Red,SUV,Africa,1,Fair,No
4299,AMG GT,Base,2012,126288,152771,Hybrid,Manual,2.6,139,Green,Coupe,Latin America,3,Excellent,Yes
4300,GLS,Premium Plus,2015,110321,149546,Plug-in Hybrid,Automatic,1.5,339,Red,SUV,North America,2,Good,Yes
4301,B-Class,Avantgarde,2012,30966,74383,Diesel,Manual,7,239,Gray,Convertible,Africa,1,Fair,Yes
4302,AMG GT,AMG Line,2020,158488,23396,Petrol,Manual,2.9,558,Gray,Coupe,Asia Pacific,1,Good,Yes
4303,EQB,Base,2016,106911,77460,Electric,Automatic,0,613,Black,Sedan,Middle East,2,Like New,Yes
4304,GLS,Exclusive,2016,94296,109715,Diesel,Automatic,5.3,378,Gray,SUV,North America,1,Fair,Yes
4305,AMG GT,Exclusive,2017,163935,48490,Plug-in Hybrid,Manual,3.1,446,Red,Coupe,Europe,4,Excellent,Yes
4306,GLS,AMG Line,2020,141311,85420,Plug-in Hybrid,Manual,6.6,581,Gold,SUV,Middle East,2,Excellent,Yes
4307,CLA,Night Edition,2013,60046,104433,Plug-in Hybrid,Manual,2.4,571,White,Coupe,North America,3,Fair,Yes
4308,EQC,Premium Plus,2020,90026,69432,Electric,Automatic,0,339,Silver,Sedan,Middle East,3,Good,Yes
4309,GLA,Sport,2024,55981,52797,Hybrid,Automatic,4.2,251,Green,SUV,Europe,3,Good,Yes
4310,EQB,Exclusive,2011,68619,202697,Electric,Automatic,0,453,Silver,SUV,Asia Pacific,4,Fair,Yes
4311,GLC,Base,2020,65711,77567,Plug-in Hybrid,Automatic,4.4,259,White,Sedan,North America,3,Fair,Yes
4312,AMG GT,AMG Line,2008,167684,112984,Plug-in Hybrid,Manual,2.4,607,Gold,Coupe,Middle East,1,Like New,Yes
4313,EQC,Avantgarde,2019,90587,68331,Electric,Automatic,0,376,Silver,SUV,Asia Pacific,3,Very Good,Yes
4314,B-Class,Luxury,2024,36718,144804,Petrol,Manual,6.9,153,Beige,Roadster,Middle East,4,Good,No
4315,A-Class,Exclusive,2009,43719,116029,Hybrid,Automatic,3.1,541,White,Coupe,Latin America,3,Fair,No
4316,EQB,Exclusive,2025,100073,172667,Electric,Automatic,0,322,Brown,SUV,Latin America,3,New,No
4317,GLA,AMG Line,2014,62637,95898,Plug-in Hybrid,Automatic,3.8,227,Black,Liftback,Asia Pacific,2,Like New,Yes
4318,B-Class,Night Edition,2016,61854,121778,Plug-in Hybrid,Manual,6.2,319,Black,Roadster,North America,2,Excellent,Yes
4319,B-Class,Premium,2024,76755,72367,Hybrid,Automatic,5.3,555,Red,Sedan,Africa,3,Excellent,Yes
4320,CLA,AMG Line,2022,52178,148109,Plug-in Hybrid,Manual,4.5,270,Gold,Coupe,Middle East,1,Fair,Yes
4321,GLB,Sport,2025,60299,76478,Diesel,Manual,5.4,265,Green,Hatchback,North America,3,Excellent,Yes
4322,S-Class,Avantgarde,2024,102926,64143,Diesel,Manual,2,172,Silver,SUV,Asia Pacific,1,Excellent,No
4323,E-Class,Base,2019,73983,120210,Plug-in Hybrid,Automatic,5.3,256,Gold,Coupe,Asia Pacific,2,Very Good,No
4324,E-Class,AMG Line,2020,55296,189926,Petrol,Manual,4.8,161,Green,Convertible,Africa,4,Very Good,Yes
4325,S-Class,Night Edition,2018,99877,148769,Petrol,Automatic,6.4,155,Beige,SUV,Asia Pacific,2,Like New,Yes
4326,EQC,Avantgarde,2014,76181,66169,Electric,Automatic,0,239,Red,SUV,Africa,2,Good,Yes
4327,GLA,Premium,2024,60099,150662,Plug-in Hybrid,Automatic,6.9,263,Beige,Convertible,Africa,3,Very Good,Yes
4328,E-Class,Exclusive,2020,85575,123488,Plug-in Hybrid,Automatic,1.9,362,Red,Sedan,Middle East,1,Very Good,No
4329,B-Class,Premium Plus,2010,46580,197898,Petrol,Automatic,4.2,263,Gray,Coupe,North America,3,New,Yes
4330,CLA,Avantgarde,2024,57011,147585,Hybrid,Manual,6.6,336,Blue,Coupe,Middle East,1,Very Good,No
4331,AMG GT,Premium,2018,165999,110221,Diesel,Manual,1.6,541,Beige,Coupe,North America,4,New,Yes
4332,GLB,Exclusive,2010,48387,94636,Plug-in Hybrid,Automatic,1.5,199,White,Sedan,North America,4,Good,Yes
4333,GLC,Sport,2024,62765,131297,Diesel,Manual,6.5,354,Black,Convertible,Asia Pacific,4,Good,Yes
4334,EQB,Premium,2010,80843,154379,Electric,Automatic,0,247,Gold,SUV,Middle East,4,New,Yes
4335,S-Class,Luxury,2016,99376,120635,Diesel,Manual,2.7,405,Beige,SUV,Asia Pacific,1,Fair,Yes
4336,GLC,Night Edition,2017,84663,210266,Hybrid,Manual,1.9,589,Blue,Wagon,Europe,4,Excellent,Yes
4337,EQC,AMG Line,2012,93875,114080,Electric,Automatic,0,301,Red,SUV,Middle East,4,New,No
4338,GLB,Avantgarde,2021,69772,34824,Hybrid,Automatic,4.7,313,Brown,Wagon,Europe,3,Excellent,Yes
4339,EQC,Base,2020,117696,164585,Electric,Automatic,0,533,White,SUV,North America,4,New,Yes
4340,GLE,Premium,2020,77697,83405,Hybrid,Automatic,3.3,345,Beige,SUV,Europe,1,Fair,Yes
4341,EQB,Avantgarde,2018,86003,140655,Electric,Automatic,0,218,Red,Sedan,Africa,1,New,No
4342,EQB,Premium,2016,99758,66467,Electric,Automatic,0,600,Green,Sedan,North America,3,Excellent,Yes
4343,A-Class,Night Edition,2025,73694,57724,Petrol,Manual,4.1,591,White,Roadster,Middle East,4,Very Good,Yes
4344,B-Class,Luxury,2018,59835,112231,Plug-in Hybrid,Automatic,2.9,543,Beige,Roadster,Middle East,4,Fair,No
4345,AMG GT,Night Edition,2016,149977,136377,Hybrid,Manual,1.9,532,Green,Coupe,North America,1,Good,No
4346,GLC,Premium,2022,61617,177941,Petrol,Manual,5.9,433,White,Coupe,Middle East,1,Fair,Yes
4347,GLA,Night Edition,2012,65043,167401,Plug-in Hybrid,Automatic,3.9,528,Brown,Roadster,North America,1,Very Good,No
4348,GLB,Luxury,2015,39293,216897,Petrol,Manual,2.4,217,Red,SUV,North America,2,Very Good,Yes
4349,GLE,AMG Line,2025,73924,89421,Diesel,Automatic,1.7,300,Black,SUV,North America,3,Fair,Yes
4350,C-Class,AMG Line,2022,51576,18975,Diesel,Automatic,4.5,349,Black,SUV,Asia Pacific,4,Fair,Yes
4351,GLB,Luxury,2008,49248,223591,Diesel,Manual,1.5,426,Red,Liftback,Middle East,4,Excellent,Yes
4352,EQB,Exclusive,2025,85374,148392,Electric,Automatic,0,328,Black,Sedan,North America,4,Excellent,Yes
4353,AMG GT,Base,2018,138999,196979,Plug-in Hybrid,Automatic,2.8,311,Blue,Coupe,Asia Pacific,2,Good,No
4354,E-Class,Avantgarde,2019,62929,120820,Plug-in Hybrid,Automatic,1.3,119,Brown,Liftback,Africa,2,Very Good,Yes
4355,EQA,AMG Line,2021,59648,92303,Electric,Automatic,0,213,Gray,SUV,Africa,1,Fair,Yes
4356,C-Class,Night Edition,2017,61368,56772,Diesel,Manual,1.9,253,Gold,Coupe,North America,2,Like New,No
4357,B-Class,Base,2016,42278,61480,Petrol,Automatic,6,172,Silver,Convertible,Europe,1,Excellent,Yes
4358,C-Class,Premium Plus,2019,61309,152756,Plug-in Hybrid,Manual,3.6,178,Red,Coupe,Latin America,2,Excellent,Yes
4359,GLC,AMG Line,2023,72297,60750,Plug-in Hybrid,Automatic,5.7,262,Green,Liftback,Middle East,4,Good,Yes
4360,GLS,Exclusive,2023,130671,26580,Petrol,Manual,4.4,314,Gray,SUV,Asia Pacific,3,New,Yes
4361,EQB,Luxury,2018,86483,70026,Electric,Automatic,0,575,Silver,Sedan,Middle East,4,Fair,Yes
4362,EQB,Exclusive,2008,64137,86819,Electric,Automatic,0,236,Beige,Sedan,Latin America,4,Good,Yes
4363,GLA,AMG Line,2008,68816,229890,Plug-in Hybrid,Automatic,3.3,472,Green,Roadster,Europe,2,New,Yes
4364,AMG GT,AMG Line,2024,169508,87236,Diesel,Manual,7,528,Blue,Coupe,North America,2,Like New,Yes
4365,CLA,Base,2025,79014,10837,Plug-in Hybrid,Manual,6.2,567,Beige,Coupe,North America,4,Fair,No
4366,EQB,Luxury,2011,75106,220155,Electric,Automatic,0,566,Gray,SUV,Middle East,3,Fair,Yes
4367,GLA,Premium,2023,78256,112067,Plug-in Hybrid,Manual,3.9,285,Beige,Wagon,Europe,2,New,Yes
4368,EQA,AMG Line,2025,76009,44219,Electric,Automatic,0,202,Black,Sedan,Europe,4,Very Good,No
4369,GLC,Sport,2019,84689,63736,Hybrid,Automatic,3.1,286,Silver,Wagon,Asia Pacific,2,New,No
4370,B-Class,Night Edition,2015,39308,108696,Hybrid,Automatic,1.5,299,Gold,Roadster,Latin America,1,Fair,No
4371,GLB,Exclusive,2022,94125,54958,Diesel,Manual,6,560,Beige,Convertible,North America,1,New,Yes
4372,AMG GT,Premium Plus,2009,143025,174823,Diesel,Automatic,6.7,525,Gray,Coupe,Africa,3,Excellent,No
4373,GLB,Night Edition,2014,72746,114084,Plug-in Hybrid,Manual,3.2,292,Red,Convertible,Africa,4,New,Yes
4374,GLB,AMG Line,2016,45735,63494,Diesel,Automatic,6.5,171,Blue,Sedan,Asia Pacific,2,Very Good,Yes
4375,C-Class,Premium Plus,2014,50151,121111,Diesel,Manual,2.2,242,Black,SUV,Europe,4,Excellent,Yes
4376,EQC,AMG Line,2015,85770,130799,Electric,Automatic,0,334,Gold,SUV,Middle East,3,Very Good,Yes
4377,E-Class,Sport,2016,65588,208069,Diesel,Manual,6.1,222,Green,Liftback,Latin America,3,New,No
4378,C-Class,Luxury,2016,58377,140904,Petrol,Automatic,4.4,153,Red,Roadster,Europe,1,New,Yes
4379,GLB,Base,2015,61213,162203,Hybrid,Manual,3.6,402,Beige,Coupe,Asia Pacific,3,Very Good,No
4380,E-Class,Night Edition,2011,65348,96646,Diesel,Automatic,5.6,531,Beige,Liftback,Middle East,4,Fair,Yes
4381,CLA,Exclusive,2013,53926,99756,Hybrid,Automatic,5.7,183,Gold,Coupe,Middle East,4,New,Yes
4382,GLC,Premium Plus,2021,68286,137025,Diesel,Automatic,3.3,135,Red,Liftback,Middle East,4,New,No
4383,GLE,Sport,2015,100280,145973,Petrol,Automatic,2.3,614,Red,SUV,Middle East,2,Like New,No
4384,GLA,Base,2017,78205,124037,Hybrid,Automatic,2.1,473,Gray,Hatchback,Africa,4,New,Yes
4385,S-Class,Premium,2009,112359,90580,Diesel,Automatic,6.4,625,Green,SUV,Middle East,3,Good,Yes
4386,CLA,Base,2016,41791,189724,Diesel,Manual,1.6,347,Blue,Coupe,Middle East,3,Very Good,Yes
4387,CLA,Night Edition,2014,75530,82840,Plug-in Hybrid,Manual,6.7,498,Red,Coupe,Asia Pacific,2,Like New,No
4388,GLS,Luxury,2024,111692,149416,Plug-in Hybrid,Manual,3,121,White,SUV,Latin America,1,Excellent,Yes
4389,A-Class,Premium,2022,61748,18866,Plug-in Hybrid,Manual,1.8,273,Green,Wagon,Asia Pacific,3,Very Good,Yes
4390,C-Class,Night Edition,2020,75633,39768,Plug-in Hybrid,Manual,5.3,427,Silver,Wagon,Middle East,4,Very Good,Yes
4391,GLB,Base,2018,59467,41999,Hybrid,Manual,2,421,Gray,Roadster,Asia Pacific,2,Fair,Yes
4392,EQA,Base,2019,94636,74140,Electric,Automatic,0,333,Gray,Sedan,North America,3,New,No
4393,C-Class,Exclusive,2010,57152,189563,Petrol,Automatic,1.7,390,Green,Roadster,Africa,2,Like New,Yes
4394,B-Class,AMG Line,2017,71108,47372,Petrol,Automatic,5.2,500,Blue,SUV,Africa,1,Like New,Yes
4395,GLA,Sport,2015,45322,48673,Diesel,Automatic,1.9,257,Green,Wagon,Asia Pacific,3,Good,No
4396,AMG GT,AMG Line,2019,149917,159623,Plug-in Hybrid,Automatic,5,139,Blue,Coupe,Latin America,2,New,Yes
4397,B-Class,Luxury,2008,59427,170533,Petrol,Manual,4.1,578,Silver,Roadster,North America,4,Like New,Yes
4398,GLE,Avantgarde,2021,93156,26247,Petrol,Manual,5.7,291,Beige,SUV,Latin America,3,Like New,No
4399,GLS,Premium Plus,2024,123927,11044,Hybrid,Automatic,1.5,381,Silver,SUV,North America,3,Very Good,Yes
4400,CLA,Luxury,2012,53190,92024,Diesel,Manual,4.5,232,Gray,Coupe,Africa,3,New,No
4401,EQB,Base,2008,75590,82748,Electric,Automatic,0,290,Blue,SUV,Asia Pacific,3,Like New,Yes
4402,E-Class,Base,2016,94652,69243,Diesel,Automatic,3.1,629,Black,Sedan,Middle East,2,Excellent,Yes
4403,GLA,Premium,2011,54395,181145,Hybrid,Manual,5.4,428,Silver,Roadster,North America,3,Very Good,Yes
4404,EQA,Premium Plus,2021,76443,83563,Electric,Automatic,0,389,Green,Sedan,Europe,4,Good,Yes
4405,GLB,Exclusive,2021,59277,58537,Plug-in Hybrid,Manual,5.5,202,Green,Convertible,Europe,4,Good,Yes
4406,EQA,Night Edition,2019,72293,127624,Electric,Automatic,0,219,Gold,Sedan,North America,2,Excellent,Yes
4407,E-Class,Night Edition,2021,54340,159400,Diesel,Manual,1.8,259,Blue,Sedan,Africa,2,Fair,Yes
4408,GLA,Avantgarde,2020,41594,193283,Petrol,Automatic,6.2,192,White,Liftback,Africa,3,Good,No
4409,B-Class,Avantgarde,2022,53923,29093,Diesel,Automatic,6.8,379,Black,Sedan,North America,2,Good,Yes
4410,AMG GT,Night Edition,2022,136193,114520,Plug-in Hybrid,Automatic,6.7,171,Red,Coupe,Africa,3,Good,No
4411,GLS,Night Edition,2023,86052,182438,Diesel,Manual,2.1,144,White,SUV,North America,1,Good,Yes
4412,E-Class,Night Edition,2013,80939,223058,Plug-in Hybrid,Automatic,1.3,395,Black,Roadster,North America,1,Excellent,Yes
4413,GLB,Avantgarde,2011,58011,212489,Plug-in Hybrid,Manual,4.6,438,Gold,Roadster,Latin America,2,Good,No
4414,B-Class,Luxury,2011,31288,189647,Plug-in Hybrid,Automatic,2.3,118,Blue,Sedan,Europe,4,Good,Yes
4415,AMG GT,Premium Plus,2009,128757,75458,Diesel,Automatic,2.9,169,Brown,Coupe,North America,2,Like New,No
4416,GLB,Premium,2013,70038,53795,Plug-in Hybrid,Automatic,3.4,319,White,Coupe,Africa,4,Like New,No
4417,EQC,Avantgarde,2021,84615,39579,Electric,Automatic,0,191,Red,SUV,Latin America,1,Good,Yes
4418,AMG GT,Base,2015,156985,135840,Plug-in Hybrid,Manual,6.7,385,White,Coupe,Europe,3,Like New,Yes
4419,CLA,Avantgarde,2024,53857,47229,Petrol,Automatic,1.9,114,Beige,Coupe,North America,1,Like New,Yes
4420,AMG GT,Exclusive,2020,155408,86542,Diesel,Manual,4.6,299,Black,Coupe,Latin America,3,New,Yes
4421,EQB,AMG Line,2016,83201,119951,Electric,Automatic,0,426,Green,SUV,Middle East,3,Very Good,No
4422,GLS,Night Edition,2022,130422,41603,Plug-in Hybrid,Manual,5.5,488,Gold,SUV,Europe,4,Good,Yes
4423,AMG GT,Base,2010,145770,107121,Diesel,Automatic,1.7,351,Black,Coupe,North America,4,New,Yes
4424,GLE,Avantgarde,2011,91053,108312,Hybrid,Manual,6.1,545,Gold,SUV,Africa,4,Very Good,Yes
4425,EQB,Base,2013,73428,84366,Electric,Automatic,0,350,Black,Sedan,Africa,3,Good,Yes
4426,CLA,AMG Line,2019,66707,180352,Diesel,Manual,6.5,368,Red,Coupe,Latin America,3,New,Yes
4427,AMG GT,Sport,2016,157384,89734,Hybrid,Automatic,3.7,518,Red,Coupe,Asia Pacific,1,Very Good,Yes
4428,GLB,Sport,2020,48292,71761,Petrol,Manual,4.8,218,Blue,SUV,North America,2,Good,Yes
4429,E-Class,Exclusive,2019,72872,144227,Hybrid,Manual,2.1,181,Green,Convertible,Asia Pacific,3,Like New,Yes
4430,E-Class,Luxury,2014,85932,89357,Petrol,Manual,3.2,332,Brown,Sedan,Latin America,2,New,No
4431,EQB,Exclusive,2025,89635,108350,Electric,Automatic,0,486,Green,Sedan,North America,4,Fair,Yes
4432,GLC,Sport,2018,80265,135067,Plug-in Hybrid,Manual,3.9,408,Silver,Liftback,North America,4,Excellent,Yes
4433,E-Class,Premium Plus,2010,46113,131722,Petrol,Automatic,4,274,Silver,SUV,Latin America,1,Fair,No
4434,GLA,Avantgarde,2014,62360,90133,Diesel,Manual,4.2,390,Blue,Coupe,Europe,1,Like New,No
4435,GLC,Premium,2010,77517,165995,Plug-in Hybrid,Manual,5,417,Brown,Coupe,Europe,2,Excellent,Yes
4436,GLS,Luxury,2011,99203,151645,Petrol,Manual,1.8,535,Red,SUV,North America,3,Fair,Yes
4437,A-Class,Base,2025,61498,16288,Hybrid,Manual,2,219,Brown,Coupe,Asia Pacific,3,Excellent,Yes
4438,B-Class,Luxury,2018,67977,170288,Hybrid,Automatic,1.8,502,Silver,SUV,Latin America,1,Excellent,Yes
4439,GLA,AMG Line,2011,62327,128733,Hybrid,Automatic,3.8,403,Brown,SUV,Latin America,2,Excellent,Yes
4440,GLA,Base,2013,63233,225469,Hybrid,Manual,2.8,620,Green,Roadster,Europe,4,Good,Yes
4441,EQA,Luxury,2023,90179,66896,Electric,Automatic,0,391,Beige,Sedan,Middle East,1,Excellent,No
4442,A-Class,Exclusive,2012,37278,208275,Diesel,Manual,6.8,131,Green,Coupe,North America,3,New,Yes
4443,E-Class,Night Edition,2020,78202,91159,Petrol,Manual,4.1,408,Black,Wagon,Middle East,2,Good,Yes
4444,B-Class,Premium Plus,2024,59942,84838,Plug-in Hybrid,Manual,6.1,301,Brown,Roadster,Asia Pacific,2,Very Good,Yes
4445,S-Class,AMG Line,2015,83321,126598,Petrol,Automatic,4.3,129,Green,SUV,Africa,3,Good,No
4446,C-Class,Premium Plus,2017,48422,202519,Petrol,Automatic,4.9,429,Gray,Sedan,Africa,1,Fair,Yes
4447,GLS,Base,2012,77272,181809,Diesel,Automatic,1.8,258,Red,SUV,Asia Pacific,4,Fair,Yes
4448,AMG GT,Premium Plus,2024,167396,9801,Hybrid,Automatic,6.9,532,Green,Coupe,Africa,2,Good,Yes
4449,GLB,Exclusive,2018,80772,137772,Petrol,Automatic,5,571,Gray,Coupe,North America,1,Like New,Yes
4450,B-Class,Night Edition,2016,63349,142681,Diesel,Automatic,2.4,387,Silver,Roadster,Africa,1,New,Yes
4451,A-Class,Premium,2021,67738,91133,Plug-in Hybrid,Automatic,5.9,304,Brown,Convertible,Latin America,1,Like New,No
4452,A-Class,Avantgarde,2018,39669,52915,Hybrid,Automatic,3.5,213,Blue,Wagon,North America,2,Good,No
4453,GLB,Avantgarde,2014,77972,50999,Petrol,Manual,5,440,Gray,Roadster,North America,4,New,Yes
4454,AMG GT,Premium,2016,148312,169390,Petrol,Manual,2.4,521,Red,Coupe,North America,1,Very Good,Yes
4455,GLB,Exclusive,2011,60820,109679,Diesel,Manual,5.5,476,Gold,Wagon,Asia Pacific,1,Very Good,No
4456,EQA,Night Edition,2010,59228,61808,Electric,Automatic,0,225,White,SUV,Middle East,3,Good,No
4457,CLA,Luxury,2024,49754,75780,Hybrid,Automatic,1.7,178,Red,Coupe,Latin America,3,Good,Yes
4458,EQC,Luxury,2023,98804,141743,Electric,Automatic,0,370,Green,SUV,Middle East,4,Like New,Yes
4459,AMG GT,Premium,2021,153180,135078,Plug-in Hybrid,Manual,1.9,338,Gray,Coupe,Europe,4,Very Good,Yes
4460,GLA,Luxury,2011,24209,107367,Petrol,Automatic,3.4,153,Brown,Coupe,Middle East,4,Fair,Yes
4461,GLC,Base,2017,49492,166015,Hybrid,Manual,3.4,180,Beige,Convertible,North America,3,Good,Yes
4462,A-Class,Night Edition,2014,60608,81861,Plug-in Hybrid,Manual,3.4,277,Beige,SUV,Middle East,3,Like New,Yes
4463,E-Class,Premium,2014,87353,101931,Petrol,Automatic,3.9,510,Red,Roadster,North America,4,Like New,Yes
4464,GLC,AMG Line,2017,90646,37561,Plug-in Hybrid,Automatic,2.4,519,Blue,Hatchback,Europe,4,Good,Yes
4465,C-Class,Avantgarde,2017,72874,86375,Diesel,Automatic,6,533,Black,Hatchback,Asia Pacific,4,Like New,No
4466,EQA,Premium,2022,64345,183886,Electric,Automatic,0,344,Black,SUV,Latin America,2,Fair,No
4467,GLC,Premium Plus,2008,60577,81561,Petrol,Manual,6.9,509,Silver,Sedan,North America,4,Fair,No
4468,AMG GT,Luxury,2009,147534,223010,Hybrid,Automatic,5.3,543,Green,Coupe,Latin America,4,Excellent,No
4469,AMG GT,Premium,2019,176719,100821,Plug-in Hybrid,Manual,2.6,513,Black,Coupe,Latin America,3,New,No
4470,EQC,Night Edition,2020,115364,162854,Electric,Automatic,0,584,Blue,Sedan,Latin America,3,New,Yes
4471,EQA,Luxury,2018,88322,57903,Electric,Automatic,0,333,White,SUV,Middle East,3,Like New,No
4472,E-Class,Premium,2011,52273,228526,Hybrid,Manual,5.8,150,Blue,SUV,Europe,4,Excellent,Yes
4473,GLS,AMG Line,2011,128057,153202,Plug-in Hybrid,Manual,5.6,581,Beige,SUV,Latin America,1,Excellent,Yes
4474,GLA,AMG Line,2016,40074,141765,Plug-in Hybrid,Automatic,5.3,178,Black,Convertible,Asia Pacific,3,Fair,No
4475,EQA,Luxury,2024,91396,80708,Electric,Automatic,0,403,Green,Sedan,Europe,4,Excellent,Yes
4476,GLC,Luxury,2021,65996,155761,Hybrid,Automatic,5,145,White,Roadster,Africa,1,Excellent,No
4477,B-Class,Exclusive,2008,45868,198301,Diesel,Automatic,4.3,315,Black,Wagon,North America,2,New,Yes
4478,GLC,AMG Line,2013,96259,58237,Hybrid,Automatic,1.8,604,Red,Liftback,Middle East,2,Like New,Yes
4479,GLE,Premium,2008,78266,154355,Diesel,Automatic,6.3,409,Gray,SUV,Europe,4,Excellent,No
4480,C-Class,Avantgarde,2008,61225,170798,Hybrid,Manual,6.9,549,Black,Roadster,Europe,1,Very Good,Yes
4481,EQA,AMG Line,2025,81343,6292,Electric,Automatic,0,358,Black,SUV,Latin America,3,Fair,Yes
4482,GLS,Sport,2013,133475,109221,Hybrid,Manual,3.3,502,Green,SUV,Africa,2,New,Yes
4483,GLE,Night Edition,2016,74483,114005,Hybrid,Automatic,5.8,145,Green,SUV,Europe,3,Excellent,No
4484,S-Class,Premium,2014,86171,194434,Hybrid,Automatic,2.2,118,Beige,SUV,Latin America,1,Very Good,Yes
4485,CLA,Exclusive,2015,52848,56059,Diesel,Manual,5.4,225,Gold,Coupe,Latin America,1,Like New,No
4486,GLB,Night Edition,2010,23967,132413,Diesel,Automatic,5.3,176,Green,Sedan,Asia Pacific,2,Fair,Yes
4487,E-Class,Base,2022,51803,74609,Diesel,Automatic,2,165,Silver,Wagon,North America,3,Fair,Yes
4488,GLE,Night Edition,2012,101164,142779,Hybrid,Manual,1.8,628,Silver,SUV,Asia Pacific,4,Excellent,Yes
4489,AMG GT,Luxury,2013,141386,59298,Petrol,Manual,2.2,336,Green,Coupe,Middle East,2,Excellent,Yes
4490,GLB,Premium Plus,2015,62228,104396,Diesel,Automatic,4.3,278,Black,Liftback,North America,1,New,No
4491,GLA,Premium,2008,39273,215256,Hybrid,Automatic,3.9,395,Gray,Coupe,Europe,2,Fair,No
4492,GLC,Avantgarde,2011,64930,60307,Diesel,Automatic,4.4,221,White,Roadster,Middle East,1,Like New,No
4493,AMG GT,Luxury,2009,138320,77023,Plug-in Hybrid,Manual,6.3,401,Beige,Coupe,North America,3,Fair,Yes
4494,C-Class,Sport,2010,42680,93678,Hybrid,Manual,2.1,158,Beige,Convertible,Africa,2,Very Good,Yes
4495,GLE,Base,2019,117063,76874,Hybrid,Automatic,3.7,581,Red,SUV,Latin America,2,New,Yes
4496,S-Class,Base,2021,141775,133679,Petrol,Automatic,3.1,608,Green,SUV,Africa,4,New,Yes
4497,GLB,Premium Plus,2008,45281,239161,Petrol,Automatic,5.1,510,Black,Liftback,Latin America,2,Good,No
4498,EQA,Luxury,2022,90339,88239,Electric,Automatic,0,524,Beige,SUV,Latin America,3,Very Good,No
4499,GLE,Base,2021,92344,134625,Hybrid,Manual,5.1,308,Red,SUV,Asia Pacific,2,Excellent,Yes
4500,GLE,AMG Line,2024,132629,75262,Plug-in Hybrid,Automatic,2.7,594,Brown,SUV,Asia Pacific,1,New,Yes
4501,EQC,Sport,2021,106795,45933,Electric,Automatic,0,512,Green,Sedan,Europe,3,Very Good,No
4502,B-Class,Night Edition,2017,57493,139764,Plug-in Hybrid,Manual,6.9,178,Red,Hatchback,Africa,4,Like New,Yes
4503,AMG GT,Luxury,2019,135264,173588,Petrol,Manual,5.2,319,Beige,Coupe,Middle East,3,Very Good,Yes
4504,EQC,AMG Line,2021,83830,149921,Electric,Automatic,0,242,Green,Sedan,North America,2,Very Good,Yes
4505,AMG GT,Luxury,2021,161686,36963,Plug-in Hybrid,Automatic,5,513,Red,Coupe,Middle East,4,Fair,Yes
4506,GLA,AMG Line,2025,44041,14851,Diesel,Manual,5.5,182,Blue,Wagon,Middle East,1,Fair,No
4507,CLA,AMG Line,2017,63154,60806,Diesel,Automatic,6.1,455,Black,Coupe,Latin America,3,Excellent,No
4508,C-Class,Sport,2014,60327,71588,Hybrid,Automatic,3.5,374,Brown,Wagon,North America,4,Good,Yes
4509,A-Class,Premium Plus,2023,51444,47065,Diesel,Manual,6.1,209,Red,Convertible,Asia Pacific,4,Like New,Yes
4510,A-Class,Sport,2024,73083,78237,Plug-in Hybrid,Manual,1.4,577,Brown,Sedan,Latin America,1,Good,Yes
4511,GLC,Sport,2010,60481,209261,Diesel,Automatic,4.6,502,Gold,Sedan,Europe,3,Good,No
4512,B-Class,Premium Plus,2023,72561,39305,Plug-in Hybrid,Manual,5,507,Blue,Liftback,Africa,2,Good,Yes
4513,GLC,Night Edition,2010,51857,229695,Hybrid,Automatic,5.8,161,Green,Roadster,North America,3,Like New,Yes
4514,EQA,Premium,2009,89266,69182,Electric,Automatic,0,427,Brown,SUV,Europe,3,New,Yes
4515,CLA,Base,2009,24497,149174,Diesel,Automatic,4.6,237,Black,Coupe,Europe,4,Fair,No
4516,EQB,Night Edition,2024,116116,52789,Electric,Automatic,0,479,Red,SUV,Africa,2,New,Yes
4517,AMG GT,Premium Plus,2015,153582,59360,Petrol,Manual,6.2,320,Black,Coupe,Latin America,3,New,No
4518,GLC,Exclusive,2014,67555,214874,Diesel,Manual,1.6,494,Black,Roadster,Asia Pacific,3,Excellent,Yes
4519,EQA,Avantgarde,2012,54219,226764,Electric,Automatic,0,351,Red,Sedan,Latin America,4,Fair,Yes
4520,GLS,Premium,2009,81125,194104,Petrol,Automatic,3.3,153,Brown,SUV,Asia Pacific,1,Good,Yes
4521,GLS,Luxury,2009,106599,133126,Hybrid,Automatic,5.7,158,Blue,SUV,Latin America,3,New,Yes
4522,GLE,Premium,2018,92890,60045,Plug-in Hybrid,Automatic,3,387,Silver,SUV,Middle East,3,Very Good,Yes
4523,GLE,Luxury,2013,56130,165015,Diesel,Manual,5.1,148,Green,SUV,Middle East,2,Good,No
4524,CLA,Premium Plus,2025,52025,78184,Hybrid,Automatic,3.9,183,Green,Coupe,Middle East,3,Very Good,Yes
4525,E-Class,Premium,2023,100867,16638,Plug-in Hybrid,Automatic,3.1,236,Red,Roadster,Europe,3,New,Yes
4526,C-Class,Sport,2014,40127,162123,Hybrid,Automatic,5,172,Gray,Hatchback,Middle East,4,Good,Yes
4527,EQB,Luxury,2025,81648,93560,Electric,Automatic,0,297,White,SUV,Africa,1,Very Good,Yes
4528,S-Class,Luxury,2024,96463,171204,Diesel,Manual,3.1,282,Black,SUV,Africa,2,Good,Yes
4529,EQB,Night Edition,2013,79450,224597,Electric,Automatic,0,619,Beige,Sedan,Asia Pacific,3,Fair,No
4530,GLS,Premium Plus,2019,96007,141426,Hybrid,Manual,4.7,165,Red,SUV,Latin America,4,Good,No
4531,C-Class,Base,2021,53108,94524,Petrol,Automatic,5,327,White,Sedan,Latin America,4,Good,Yes
4532,GLE,Premium Plus,2012,99455,57968,Hybrid,Automatic,5.6,464,Gold,SUV,Middle East,3,Like New,Yes
4533,A-Class,Premium,2017,65310,115783,Hybrid,Manual,6.6,548,White,Roadster,North America,4,Very Good,No
4534,GLS,Avantgarde,2009,110740,146102,Petrol,Automatic,2.6,606,Gray,SUV,Middle East,4,Good,Yes
4535,AMG GT,Avantgarde,2020,158348,124383,Petrol,Automatic,2.5,330,Brown,Coupe,North America,1,New,No
4536,AMG GT,Avantgarde,2014,140945,57953,Hybrid,Manual,3.9,407,Beige,Coupe,Europe,4,Fair,Yes
4537,AMG GT,Premium,2009,146078,139015,Hybrid,Automatic,1.8,294,Green,Coupe,Latin America,3,New,Yes
4538,EQC,Sport,2011,88382,218220,Electric,Automatic,0,393,Beige,Sedan,Middle East,3,Like New,Yes
4539,B-Class,Avantgarde,2013,52763,191303,Hybrid,Manual,4.8,459,Gray,Liftback,Middle East,1,Very Good,Yes
4540,GLA,Base,2021,81763,62590,Plug-in Hybrid,Automatic,4.6,569,Blue,Sedan,Middle East,4,Very Good,Yes
4541,EQC,Night Edition,2019,121616,35382,Electric,Automatic,0,586,Silver,Sedan,Africa,2,New,Yes
4542,GLE,Exclusive,2025,107498,71879,Diesel,Automatic,5.9,525,Blue,SUV,Africa,4,Excellent,No
4543,GLC,Exclusive,2010,66820,189239,Petrol,Automatic,3.8,470,Brown,Hatchback,North America,1,Excellent,Yes
4544,GLS,Luxury,2014,126860,152402,Petrol,Manual,2.6,586,Green,SUV,Asia Pacific,3,Like New,Yes
4545,B-Class,Premium,2019,36146,133687,Diesel,Manual,2.4,216,Green,Coupe,Europe,4,Good,Yes
4546,C-Class,Base,2008,47363,77216,Diesel,Automatic,5.8,303,Beige,Roadster,Asia Pacific,2,Excellent,Yes
4547,E-Class,Night Edition,2017,87359,156982,Hybrid,Manual,6,491,Red,Roadster,Asia Pacific,4,Excellent,Yes
4548,C-Class,AMG Line,2018,44419,76181,Petrol,Manual,3.8,220,White,Convertible,Europe,1,Fair,Yes
4549,EQC,Base,2013,81405,223480,Electric,Automatic,0,304,Green,Sedan,Africa,3,Like New,No
4550,S-Class,Night Edition,2019,115566,65286,Diesel,Automatic,5.5,238,Green,SUV,Latin America,4,New,No
4551,S-Class,Exclusive,2020,124228,124099,Petrol,Automatic,4.9,538,Gold,SUV,Asia Pacific,3,Excellent,No
4552,EQB,Luxury,2016,83321,112307,Electric,Automatic,0,338,Red,Sedan,Latin America,4,Excellent,Yes
4553,GLC,Sport,2022,93331,48468,Plug-in Hybrid,Automatic,1.8,638,Blue,Convertible,Latin America,4,Fair,Yes
4554,GLB,AMG Line,2025,82514,7411,Plug-in Hybrid,Automatic,3.6,259,Gold,Coupe,Middle East,4,Like New,Yes
4555,AMG GT,Sport,2008,119644,157273,Hybrid,Manual,7,228,Gray,Coupe,Africa,3,Fair,No
4556,A-Class,Sport,2019,74462,26200,Plug-in Hybrid,Manual,4.6,502,Red,Sedan,Asia Pacific,1,Very Good,No
4557,EQC,Avantgarde,2025,86335,22642,Electric,Automatic,0,272,Beige,Sedan,Latin America,2,Fair,No
4558,A-Class,Base,2014,40824,151581,Diesel,Manual,2.8,280,Black,Liftback,Africa,2,Like New,Yes
4559,C-Class,Exclusive,2013,56977,130166,Petrol,Automatic,6.8,359,White,SUV,Asia Pacific,4,Excellent,Yes
4560,CLA,AMG Line,2024,33982,99980,Diesel,Manual,3.5,118,Red,Coupe,Europe,1,Fair,Yes
4561,EQB,Exclusive,2010,95925,144668,Electric,Automatic,0,471,Black,SUV,Latin America,4,New,No
4562,B-Class,Luxury,2012,73069,156535,Petrol,Automatic,5.9,567,Green,Liftback,Asia Pacific,3,New,Yes
4563,CLA,Exclusive,2012,46255,74487,Petrol,Manual,2.6,438,Red,Coupe,Latin America,3,Fair,Yes
4564,CLA,Sport,2011,75388,142560,Plug-in Hybrid,Automatic,4.1,506,Brown,Coupe,Europe,1,Like New,No
4565,AMG GT,Night Edition,2020,154143,192523,Diesel,Manual,5,419,Beige,Coupe,Africa,3,New,Yes
4566,S-Class,Sport,2020,109188,58823,Hybrid,Automatic,4.2,155,Gray,SUV,Europe,4,Excellent,Yes
4567,C-Class,Avantgarde,2008,77100,67047,Petrol,Manual,2.3,632,Brown,Coupe,Africa,2,Excellent,Yes
4568,GLC,Night Edition,2023,87347,114950,Petrol,Automatic,3.5,577,Silver,SUV,Latin America,2,Very Good,No
4569,C-Class,Base,2017,70187,210601,Diesel,Manual,5.8,589,Silver,Liftback,Africa,2,Excellent,No
4570,EQA,Premium,2021,72740,39934,Electric,Automatic,0,307,Beige,SUV,Europe,3,Fair,No
4571,C-Class,Exclusive,2018,76942,31866,Petrol,Automatic,2.8,312,Black,Liftback,North America,4,New,No
4572,EQC,Base,2022,101972,64393,Electric,Automatic,0,235,Red,Sedan,Asia Pacific,3,New,Yes
4573,GLA,AMG Line,2014,62801,120280,Plug-in Hybrid,Automatic,3.5,309,Green,Convertible,Europe,2,Like New,No
4574,GLA,Night Edition,2019,71149,100634,Petrol,Automatic,7,417,Black,Liftback,Asia Pacific,4,Like New,Yes
4575,GLE,Exclusive,2018,115219,120820,Plug-in Hybrid,Automatic,1.5,491,Red,SUV,Asia Pacific,3,New,Yes
4576,GLE,Premium Plus,2008,73835,187688,Petrol,Manual,6.9,269,Silver,SUV,North America,3,Like New,Yes
4577,C-Class,Luxury,2010,49327,149117,Diesel,Manual,1.5,456,Black,Wagon,Middle East,4,Good,No
4578,GLS,Avantgarde,2013,105539,200168,Diesel,Manual,5.4,593,Gray,SUV,Latin America,3,Good,Yes
4579,B-Class,Base,2022,54361,151235,Diesel,Automatic,4.4,322,Gold,Convertible,Asia Pacific,4,Like New,Yes
4580,EQA,Base,2013,72057,219147,Electric,Automatic,0,389,Beige,SUV,Africa,1,Excellent,No
4581,EQA,Exclusive,2025,73416,161804,Electric,Automatic,0,352,Silver,SUV,North America,3,Good,Yes
4582,GLA,AMG Line,2011,66319,183777,Plug-in Hybrid,Automatic,3.3,541,Brown,Sedan,North America,4,Very Good,Yes
4583,AMG GT,Night Edition,2023,167926,118943,Plug-in Hybrid,Automatic,2,287,Red,Coupe,Africa,2,New,Yes
4584,CLA,Premium Plus,2023,50284,152484,Petrol,Manual,3.6,265,Blue,Coupe,Middle East,1,Very Good,No
4585,S-Class,Premium,2015,108604,170162,Petrol,Manual,1.4,558,Gray,SUV,Asia Pacific,2,Fair,Yes
4586,A-Class,AMG Line,2017,38344,57404,Plug-in Hybrid,Automatic,1.3,137,Blue,Convertible,Europe,4,Good,No
4587,GLE,Exclusive,2017,66397,32282,Diesel,Automatic,4.9,110,Blue,SUV,Latin America,3,Good,Yes
4588,GLA,Exclusive,2018,47400,58480,Diesel,Automatic,5,124,Blue,Coupe,Europe,4,Excellent,No
4589,AMG GT,Sport,2018,165458,123680,Plug-in Hybrid,Automatic,7,547,Silver,Coupe,Middle East,4,Very Good,Yes
4590,GLB,Avantgarde,2021,34079,196507,Diesel,Automatic,3.5,148,Gray,Wagon,Africa,1,Good,Yes
4591,B-Class,Exclusive,2021,42480,50124,Diesel,Manual,2.3,243,Gold,Liftback,Asia Pacific,3,Good,Yes
4592,GLA,Luxury,2009,26659,202463,Hybrid,Automatic,2.2,129,Brown,Hatchback,Africa,2,Good,Yes
4593,B-Class,AMG Line,2018,62238,157688,Hybrid,Automatic,2.5,637,Silver,Convertible,Asia Pacific,4,Fair,No
4594,E-Class,Night Edition,2015,69668,175478,Diesel,Manual,2.4,556,Gray,Coupe,Latin America,4,Fair,No
4595,GLC,Luxury,2014,58996,210419,Hybrid,Manual,6.3,330,Beige,Coupe,North America,1,Good,Yes
4596,C-Class,Premium Plus,2023,59341,69014,Hybrid,Manual,2,345,Beige,Wagon,Latin America,2,Fair,No
4597,CLA,Premium,2023,66642,36947,Diesel,Manual,5,412,Black,Coupe,Latin America,2,Very Good,Yes
4598,B-Class,Premium Plus,2017,47894,90649,Petrol,Automatic,3.1,312,Gold,Wagon,Latin America,1,Good,Yes
4599,C-Class,AMG Line,2009,84927,68859,Plug-in Hybrid,Manual,6.1,607,Silver,SUV,North America,4,Excellent,Yes
4600,C-Class,Sport,2024,84064,36062,Diesel,Manual,5.4,473,Black,Coupe,North America,2,New,No
4601,AMG GT,AMG Line,2020,161554,133009,Diesel,Automatic,3.2,506,Red,Coupe,Latin America,3,Like New,No
4602,E-Class,Avantgarde,2011,70693,71502,Diesel,Automatic,5.3,385,Gray,Convertible,Asia Pacific,3,Very Good,No
4603,GLB,Exclusive,2019,62697,162947,Plug-in Hybrid,Manual,6,350,Green,Wagon,Europe,4,Good,Yes
4604,A-Class,Premium,2013,49420,199912,Diesel,Automatic,6.5,448,White,Liftback,Latin America,4,Excellent,No
4605,E-Class,Premium Plus,2025,98314,152449,Hybrid,Manual,1.6,475,Gray,Sedan,Latin America,3,Like New,No
4606,AMG GT,Sport,2008,127418,220459,Hybrid,Automatic,6.5,466,Black,Coupe,Asia Pacific,4,Fair,No
4607,A-Class,Premium Plus,2022,35484,137977,Diesel,Automatic,6.4,302,Green,SUV,Middle East,3,Fair,No
4608,AMG GT,Premium Plus,2015,121513,135895,Plug-in Hybrid,Manual,6.5,152,Gold,Coupe,Europe,3,Fair,Yes
4609,EQA,Exclusive,2018,82247,151970,Electric,Automatic,0,477,Beige,SUV,Europe,4,Very Good,Yes
4610,EQB,Premium Plus,2008,92040,119651,Electric,Automatic,0,479,Gold,Sedan,Middle East,4,Like New,No
4611,B-Class,Premium Plus,2010,32240,148713,Plug-in Hybrid,Manual,2.4,204,Green,Sedan,Africa,2,Fair,Yes
4612,EQC,Base,2023,100930,183616,Electric,Automatic,0,474,Red,Sedan,North America,4,Excellent,No
4613,E-Class,Base,2025,72217,155335,Hybrid,Manual,4.8,217,Brown,SUV,Asia Pacific,1,Very Good,No
4614,CLA,Sport,2009,27586,149390,Diesel,Manual,6.9,273,Gray,Coupe,Latin America,2,Fair,Yes
4615,GLS,Luxury,2016,121994,96030,Plug-in Hybrid,Automatic,2.2,229,Black,SUV,Middle East,4,New,No
4616,GLA,Base,2023,46011,86729,Diesel,Manual,6.5,209,Brown,Liftback,Europe,1,Very Good,Yes
4617,GLB,Avantgarde,2019,71420,78437,Plug-in Hybrid,Manual,4.6,461,Gold,Convertible,Europe,2,Good,Yes
4618,GLA,Sport,2018,64142,118880,Plug-in Hybrid,Manual,6.8,327,Gold,Liftback,Asia Pacific,4,Excellent,Yes
4619,A-Class,Avantgarde,2016,28951,67337,Hybrid,Automatic,1.7,184,Green,Roadster,Europe,3,Fair,Yes
4620,GLA,Night Edition,2025,92023,13056,Petrol,Automatic,5.4,546,Gold,Coupe,Europe,4,New,No
4621,AMG GT,Base,2019,169853,125734,Hybrid,Automatic,1.8,635,Blue,Coupe,Africa,2,Excellent,Yes
4622,E-Class,Premium,2014,64544,93734,Diesel,Automatic,5.9,413,Green,Liftback,Middle East,4,Good,Yes
4623,GLC,Premium Plus,2011,60765,72929,Petrol,Manual,5.8,430,Red,Hatchback,Latin America,4,Fair,Yes
4624,C-Class,Exclusive,2021,99430,45376,Hybrid,Manual,6.4,584,Beige,Wagon,Asia Pacific,1,New,Yes
4625,EQB,Night Edition,2016,79659,210500,Electric,Automatic,0,480,Green,SUV,Middle East,4,Good,Yes
4626,AMG GT,AMG Line,2015,153687,134813,Petrol,Automatic,6.1,476,Gray,Coupe,North America,1,Excellent,No
4627,AMG GT,AMG Line,2008,151676,232429,Petrol,Automatic,6.9,567,Green,Coupe,Latin America,1,New,Yes
4628,CLA,Premium Plus,2013,59663,182728,Plug-in Hybrid,Automatic,6.5,416,Green,Coupe,Asia Pacific,3,Excellent,Yes
4629,S-Class,Premium Plus,2016,108497,118647,Hybrid,Automatic,6.7,354,Green,SUV,Asia Pacific,2,Good,No
4630,C-Class,AMG Line,2019,78398,98721,Hybrid,Automatic,5.7,556,White,Roadster,Africa,1,Very Good,No
4631,GLB,Base,2017,83598,95892,Plug-in Hybrid,Manual,5.2,336,Gold,Convertible,Africa,3,New,No
4632,GLC,Exclusive,2015,73796,44989,Diesel,Manual,3.9,618,Gold,Hatchback,Latin America,4,Fair,Yes
4633,GLA,Base,2022,71377,123748,Petrol,Manual,2.5,526,Silver,SUV,Europe,3,Excellent,Yes
4634,GLE,Exclusive,2023,104338,185245,Plug-in Hybrid,Manual,6.2,610,Red,SUV,Asia Pacific,3,Good,Yes
4635,B-Class,Sport,2021,52103,149418,Plug-in Hybrid,Manual,3.3,264,Green,Wagon,Europe,2,Good,Yes
4636,AMG GT,Premium,2020,158392,55730,Plug-in Hybrid,Automatic,3.4,482,Black,Coupe,Asia Pacific,1,Good,Yes
4637,EQA,Premium Plus,2022,98929,25026,Electric,Automatic,0,489,Red,SUV,Europe,4,Excellent,Yes
4638,S-Class,Avantgarde,2010,78989,143754,Petrol,Automatic,2.8,239,Brown,SUV,Middle East,1,Fair,Yes
4639,GLS,AMG Line,2024,113076,138521,Petrol,Automatic,4.1,267,Blue,SUV,Africa,1,Excellent,Yes
4640,CLA,Luxury,2019,52839,102839,Hybrid,Automatic,7,230,Silver,Coupe,Asia Pacific,2,Very Good,Yes
4641,B-Class,Night Edition,2019,51338,93617,Diesel,Manual,1.7,123,Gold,Wagon,North America,1,New,Yes
4642,A-Class,Luxury,2010,29278,224016,Diesel,Automatic,4.2,372,Brown,Liftback,Asia Pacific,2,Good,No
4643,AMG GT,Premium Plus,2023,140365,127050,Petrol,Manual,3.8,272,Beige,Coupe,Europe,4,Very Good,Yes
4644,S-Class,AMG Line,2012,102972,227912,Diesel,Manual,4.4,555,Silver,SUV,Africa,4,Very Good,Yes
4645,GLE,Sport,2016,86786,118507,Diesel,Automatic,3.6,423,Red,SUV,North America,2,Excellent,Yes
4646,GLE,Avantgarde,2015,93339,150877,Diesel,Automatic,2.6,369,Black,SUV,Europe,1,New,No
4647,EQC,Sport,2020,86196,74012,Electric,Automatic,0,309,Gold,Sedan,Middle East,3,Good,No
4648,B-Class,Night Edition,2021,48971,174340,Petrol,Manual,1.6,228,Silver,Coupe,Asia Pacific,3,Excellent,No
4649,B-Class,Luxury,2014,42755,121183,Petrol,Manual,4.8,402,Beige,SUV,Europe,2,Good,Yes
4650,EQB,Sport,2020,82620,195550,Electric,Automatic,0,423,Silver,SUV,Latin America,2,Good,Yes
4651,GLS,Premium,2015,109250,109059,Hybrid,Automatic,3.2,402,Gold,SUV,Latin America,4,Good,No
4652,B-Class,Avantgarde,2011,46788,187723,Hybrid,Automatic,2.4,418,Blue,Wagon,Middle East,3,Very Good,Yes
4653,GLC,Exclusive,2021,56767,192579,Diesel,Automatic,2,269,Silver,Roadster,Europe,3,Good,Yes
4654,EQA,Base,2009,85714,119106,Electric,Automatic,0,405,Brown,Sedan,Asia Pacific,1,New,No
4655,EQC,Luxury,2022,128053,20121,Electric,Automatic,0,590,Brown,SUV,Europe,1,New,Yes
4656,AMG GT,Sport,2009,108661,216474,Plug-in Hybrid,Manual,5.2,114,Red,Coupe,Asia Pacific,3,Fair,Yes
4657,EQA,Sport,2016,75767,77546,Electric,Automatic,0,363,Red,SUV,Europe,2,Good,No
4658,EQB,Base,2009,89674,70630,Electric,Automatic,0,466,Blue,Sedan,Middle East,3,Like New,Yes
4659,E-Class,Base,2024,77224,132970,Hybrid,Automatic,2.4,347,Silver,Coupe,Latin America,1,Good,No
4660,CLA,Premium Plus,2014,41349,200583,Plug-in Hybrid,Automatic,2.4,189,Black,Coupe,Europe,4,Very Good,Yes
4661,EQC,Exclusive,2016,73286,125436,Electric,Automatic,0,196,Beige,Sedan,Latin America,3,Very Good,No
4662,S-Class,AMG Line,2008,89779,69393,Plug-in Hybrid,Automatic,1.7,150,Red,SUV,Asia Pacific,4,Fair,No
4663,A-Class,Sport,2012,50258,191734,Hybrid,Automatic,6.2,373,Silver,Liftback,Middle East,3,Excellent,Yes
4664,EQB,Premium Plus,2018,65409,35972,Electric,Automatic,0,209,Red,SUV,North America,1,Fair,Yes
4665,EQC,Exclusive,2025,117060,43312,Electric,Automatic,0,584,Silver,SUV,Europe,4,Excellent,Yes
4666,EQA,Sport,2016,87018,180814,Electric,Automatic,0,396,Black,SUV,North America,4,New,Yes
4667,GLE,Premium,2023,106716,154024,Petrol,Manual,5,510,Red,SUV,Middle East,3,New,No
4668,GLS,Luxury,2025,118783,56232,Diesel,Manual,3.1,326,Blue,SUV,North America,4,Like New,Yes
4669,EQA,Premium Plus,2016,78938,181007,Electric,Automatic,0,450,Beige,Sedan,Asia Pacific,2,Very Good,No
4670,GLE,Premium,2008,78227,88393,Hybrid,Automatic,3,393,Beige,SUV,Middle East,2,Good,Yes
4671,A-Class,Avantgarde,2014,61561,45764,Petrol,Automatic,4.3,565,Gold,Sedan,North America,2,Very Good,Yes
4672,GLA,Night Edition,2013,48043,124856,Diesel,Manual,3.6,127,Gray,Liftback,Africa,3,New,Yes
4673,GLC,Sport,2024,72583,152738,Hybrid,Manual,1.6,338,Blue,Coupe,Asia Pacific,2,Good,No
4674,S-Class,Sport,2014,88137,218701,Diesel,Manual,5.1,136,Gray,SUV,Latin America,3,Excellent,No
4675,GLS,AMG Line,2017,118773,62741,Diesel,Manual,3.1,361,Green,SUV,Middle East,2,Like New,No
4676,GLE,Sport,2023,112215,36500,Plug-in Hybrid,Automatic,6.2,419,Gold,SUV,Africa,4,Excellent,Yes
4677,GLA,AMG Line,2013,62097,143070,Hybrid,Manual,4.2,618,Beige,Hatchback,Asia Pacific,2,Fair,Yes
4678,A-Class,Luxury,2023,36591,170736,Plug-in Hybrid,Manual,5.4,167,Beige,SUV,North America,1,Fair,No
4679,C-Class,AMG Line,2008,64260,135224,Petrol,Automatic,5,594,Gold,Sedan,Africa,1,Very Good,No
4680,GLB,Premium Plus,2008,28418,227364,Diesel,Automatic,1.8,192,Green,Sedan,Europe,4,Very Good,Yes
4681,B-Class,Premium Plus,2019,68420,89983,Hybrid,Automatic,2.2,524,Gray,Sedan,Africa,4,Very Good,No
4682,E-Class,Premium Plus,2022,78592,73317,Diesel,Manual,2.3,365,Beige,Convertible,Africa,1,Excellent,No
4683,GLC,Luxury,2025,59587,97029,Diesel,Manual,4.7,219,Silver,SUV,Europe,1,Good,Yes
4684,EQC,Avantgarde,2021,86754,108570,Electric,Automatic,0,322,White,Sedan,Latin America,4,Good,No
4685,C-Class,Luxury,2019,56987,175922,Hybrid,Manual,1.8,145,Brown,Coupe,Europe,2,Like New,Yes
4686,GLC,Premium Plus,2014,87930,62455,Hybrid,Automatic,4.2,597,Beige,Liftback,Latin America,2,Excellent,Yes
4687,GLS,Night Edition,2012,113783,228006,Diesel,Manual,4.5,577,Gray,SUV,Europe,1,Excellent,Yes
4688,GLS,Luxury,2013,111909,134742,Diesel,Automatic,2.7,578,Gray,SUV,North America,2,Good,Yes
4689,CLA,Avantgarde,2019,55916,176516,Diesel,Automatic,3.9,504,Black,Coupe,Europe,1,Good,Yes
4690,EQA,Sport,2010,84339,180898,Electric,Automatic,0,500,Blue,SUV,North America,3,Like New,No
4691,AMG GT,Luxury,2025,154167,160708,Diesel,Automatic,3.3,545,Gold,Coupe,Latin America,1,Very Good,Yes
4692,CLA,Sport,2010,42060,81289,Petrol,Automatic,2.1,390,Blue,Coupe,Africa,4,Fair,No
4693,GLB,Night Edition,2011,53256,138663,Diesel,Automatic,4.9,518,White,Convertible,Africa,4,Good,No
4694,GLS,Exclusive,2014,94226,181053,Diesel,Automatic,2.6,412,Silver,SUV,Asia Pacific,1,Fair,Yes
4695,C-Class,Premium Plus,2017,47066,177146,Hybrid,Manual,1.7,155,White,Coupe,Latin America,2,Excellent,No
4696,CLA,Sport,2010,65321,225227,Diesel,Automatic,3.8,590,White,Coupe,Europe,1,New,No
4697,GLA,Sport,2009,67220,64649,Plug-in Hybrid,Automatic,2.7,295,Silver,Convertible,Asia Pacific,4,Like New,Yes
4698,GLB,AMG Line,2020,59073,27235,Diesel,Automatic,3,416,Blue,Convertible,Latin America,3,Fair,Yes
4699,GLA,Sport,2021,72132,161151,Hybrid,Automatic,1.5,608,Gold,SUV,Asia Pacific,1,Very Good,No
4700,EQC,Premium Plus,2010,87223,226502,Electric,Automatic,0,530,Gray,SUV,Latin America,2,Very Good,Yes
4701,GLB,Avantgarde,2010,62591,207719,Hybrid,Manual,5.5,586,Silver,Roadster,Middle East,4,Very Good,Yes
4702,AMG GT,Exclusive,2010,147857,131635,Hybrid,Automatic,4.4,606,Gold,Coupe,Latin America,3,Fair,Yes
4703,AMG GT,Sport,2009,148229,124373,Plug-in Hybrid,Manual,6.5,531,Silver,Coupe,Africa,3,Good,No
4704,CLA,Luxury,2018,57927,115569,Diesel,Manual,6,551,Gold,Coupe,Europe,2,Good,Yes
4705,C-Class,AMG Line,2021,89126,33068,Hybrid,Automatic,5.3,515,Gold,Roadster,Middle East,3,Like New,Yes
4706,GLC,Avantgarde,2018,67718,52875,Diesel,Automatic,1.4,244,White,Convertible,Africa,2,Excellent,No
4707,GLE,Premium Plus,2020,83362,152892,Hybrid,Manual,6,204,Black,SUV,Asia Pacific,2,Like New,Yes
4708,EQA,Night Edition,2011,76139,211147,Electric,Automatic,0,261,Green,Sedan,Asia Pacific,1,New,No
4709,E-Class,Premium,2020,83822,73452,Plug-in Hybrid,Manual,1.4,449,White,Coupe,Europe,4,Fair,Yes
4710,EQC,Exclusive,2021,85008,93799,Electric,Automatic,0,254,White,SUV,Europe,2,Good,Yes
4711,A-Class,Premium Plus,2016,40857,127872,Petrol,Manual,2.8,276,White,Hatchback,Latin America,4,Excellent,Yes
4712,GLS,Sport,2023,103365,109088,Hybrid,Automatic,3.9,207,Beige,SUV,Latin America,2,Good,No
4713,C-Class,Base,2009,45301,163965,Hybrid,Automatic,2.4,331,Gray,SUV,Africa,2,Good,Yes
4714,CLA,Avantgarde,2020,59739,160178,Petrol,Automatic,3.3,505,Gray,Coupe,Asia Pacific,3,Good,Yes
4715,C-Class,Sport,2015,44952,188296,Hybrid,Automatic,6.5,123,Red,Hatchback,Middle East,3,Like New,Yes
4716,A-Class,Sport,2010,62300,68485,Hybrid,Automatic,3.9,593,Gray,SUV,Europe,2,Good,Yes
4717,EQB,Sport,2008,95822,164626,Electric,Automatic,0,539,Black,Sedan,Europe,4,New,No
4718,B-Class,Premium,2009,51008,160170,Hybrid,Manual,4.9,474,Gold,Roadster,Europe,3,Very Good,Yes
4719,GLB,Avantgarde,2012,60464,106880,Petrol,Automatic,3.5,511,Gold,Convertible,Europe,4,Very Good,No
4720,EQC,Luxury,2019,99177,195152,Electric,Automatic,0,593,Green,Sedan,North America,1,Good,Yes
4721,S-Class,Avantgarde,2015,98938,98224,Diesel,Automatic,3,389,Gold,SUV,Africa,4,Good,Yes
4722,B-Class,Exclusive,2008,37948,182904,Diesel,Manual,4.6,432,Red,Coupe,Africa,1,Good,No
4723,A-Class,Exclusive,2013,39658,121102,Plug-in Hybrid,Automatic,3.3,221,Blue,Roadster,Middle East,4,Very Good,Yes
4724,EQA,Premium Plus,2008,88337,65540,Electric,Automatic,0,386,Black,SUV,Europe,1,New,Yes
4725,GLE,Night Edition,2012,86758,68041,Diesel,Manual,5.9,458,Silver,SUV,North America,3,Very Good,Yes
4726,EQC,Luxury,2010,91358,145913,Electric,Automatic,0,261,Silver,Sedan,Middle East,3,New,Yes
4727,AMG GT,AMG Line,2024,146797,30019,Plug-in Hybrid,Automatic,5.3,155,Red,Coupe,Middle East,3,Very Good,Yes
4728,GLE,Night Edition,2018,106020,75463,Petrol,Manual,5.5,565,Gold,SUV,North America,2,Excellent,No
4729,GLC,Base,2024,93586,151459,Plug-in Hybrid,Manual,4.4,512,White,Convertible,Middle East,4,Excellent,Yes
4730,CLA,Luxury,2020,67562,188363,Petrol,Manual,3.4,587,Beige,Coupe,North America,2,Very Good,Yes
4731,GLC,Base,2021,69617,57800,Plug-in Hybrid,Automatic,5.4,193,Black,Convertible,North America,1,Very Good,No
4732,GLA,Premium Plus,2015,32273,136292,Diesel,Automatic,3.8,160,Gray,Sedan,Europe,2,Good,No
4733,GLA,Exclusive,2009,52229,193166,Petrol,Automatic,2.5,464,Black,Coupe,Latin America,4,Very Good,Yes
4734,EQB,Exclusive,2014,76234,164749,Electric,Automatic,0,514,White,Sedan,Latin America,3,Fair,Yes
4735,GLE,Premium,2014,63507,105036,Diesel,Automatic,5.5,177,Beige,SUV,Africa,1,Very Good,Yes
4736,GLA,Night Edition,2023,88382,111086,Diesel,Automatic,2.3,606,Green,Roadster,Europe,4,New,Yes
4737,EQB,Premium Plus,2008,76636,73625,Electric,Automatic,0,387,Gray,SUV,Asia Pacific,2,Good,No
4738,EQC,Exclusive,2018,101656,29937,Electric,Automatic,0,547,Beige,Sedan,Latin America,2,Good,No
4739,S-Class,AMG Line,2016,104061,127888,Diesel,Manual,5.6,127,Gray,SUV,Asia Pacific,3,New,Yes
4740,A-Class,Luxury,2019,46653,99636,Hybrid,Automatic,6.1,311,Green,Liftback,Europe,2,Good,No
4741,S-Class,AMG Line,2010,133332,195741,Plug-in Hybrid,Manual,4.5,629,Silver,SUV,Africa,1,Like New,Yes
4742,S-Class,Premium Plus,2025,124250,126718,Hybrid,Manual,6.9,482,Blue,SUV,North America,1,Good,Yes
4743,GLE,Avantgarde,2012,78785,84382,Petrol,Manual,5.6,322,Blue,SUV,North America,4,Very Good,Yes
4744,CLA,Exclusive,2022,68279,14908,Plug-in Hybrid,Manual,1.7,215,Blue,Coupe,Africa,2,Excellent,Yes
4745,GLA,Base,2022,61036,145239,Diesel,Automatic,1.7,508,Gold,Wagon,North America,4,Very Good,Yes
4746,C-Class,Avantgarde,2020,89907,74249,Petrol,Automatic,3.2,612,Beige,Coupe,Middle East,2,Like New,Yes
4747,GLE,Avantgarde,2009,90305,84821,Plug-in Hybrid,Manual,1.3,520,Green,SUV,Europe,4,Good,Yes
4748,C-Class,Avantgarde,2023,75924,38652,Petrol,Automatic,6.5,432,Beige,Hatchback,Latin America,2,Excellent,No
4749,AMG GT,Sport,2023,158213,56352,Plug-in Hybrid,Manual,5.2,439,Blue,Coupe,Europe,4,Fair,Yes
4750,GLC,Premium Plus,2025,87470,144933,Petrol,Automatic,4.9,438,Red,Roadster,Latin America,3,Like New,Yes
4751,EQB,Sport,2023,77065,34366,Electric,Automatic,0,199,Silver,Sedan,Latin America,3,Good,No
4752,GLB,Luxury,2011,65512,170169,Petrol,Automatic,1.7,520,Gray,Roadster,North America,1,Like New,Yes
4753,S-Class,Premium Plus,2019,91437,36796,Diesel,Automatic,6.4,183,Beige,SUV,North America,3,Fair,No
4754,EQC,Sport,2025,96747,168851,Electric,Automatic,0,455,Gold,Sedan,Asia Pacific,2,Good,Yes
4755,GLB,Sport,2017,68236,166217,Diesel,Manual,6.4,370,Gray,Sedan,Africa,2,New,Yes
4756,AMG GT,AMG Line,2025,165343,178649,Hybrid,Automatic,3.3,550,Brown,Coupe,Latin America,1,Excellent,Yes
4757,EQA,Sport,2025,84679,16487,Electric,Automatic,0,475,Gold,SUV,Middle East,3,Fair,No
4758,EQC,AMG Line,2023,76226,94546,Electric,Automatic,0,192,Green,Sedan,North America,1,Fair,Yes
4759,CLA,Premium,2010,51209,77302,Petrol,Manual,4.8,247,Blue,Coupe,North America,3,Like New,Yes
4760,S-Class,Night Edition,2019,128749,46157,Petrol,Manual,6.9,366,Black,SUV,Africa,1,New,Yes
4761,EQB,Night Edition,2015,71286,176448,Electric,Automatic,0,327,Red,Sedan,Latin America,1,Good,Yes
4762,AMG GT,Night Edition,2025,150768,89767,Hybrid,Manual,7,406,White,Coupe,Africa,2,Good,No
4763,GLS,Luxury,2014,117089,220886,Petrol,Automatic,4.1,624,Beige,SUV,Latin America,2,Excellent,No
4764,EQC,Avantgarde,2010,63019,207117,Electric,Automatic,0,324,Blue,SUV,Latin America,2,Fair,Yes
4765,EQC,Premium,2024,98675,109086,Electric,Automatic,0,410,Brown,Sedan,Africa,2,Very Good,Yes
4766,GLE,AMG Line,2012,73764,190771,Diesel,Manual,3.4,558,White,SUV,Asia Pacific,4,Fair,Yes
4767,S-Class,Luxury,2010,123845,131572,Diesel,Manual,4.3,630,Black,SUV,Africa,1,Like New,No
4768,C-Class,Premium,2017,58043,42817,Diesel,Automatic,2.9,155,Green,Convertible,Europe,4,New,No
4769,B-Class,Luxury,2014,44501,120709,Plug-in Hybrid,Manual,1.9,227,Black,Hatchback,Latin America,1,Very Good,No
4770,AMG GT,Exclusive,2015,155035,176852,Hybrid,Automatic,3.2,406,Brown,Coupe,Africa,3,New,No
4771,GLA,Exclusive,2014,62766,204906,Plug-in Hybrid,Automatic,5.1,333,Silver,Hatchback,Middle East,2,Like New,No
4772,CLA,Premium Plus,2017,66721,64832,Plug-in Hybrid,Automatic,4.2,418,Silver,Coupe,Latin America,4,Very Good,Yes
4773,EQA,Premium Plus,2012,96082,69108,Electric,Automatic,0,516,Gold,Sedan,Africa,3,Like New,No
4774,B-Class,Base,2011,43224,127158,Diesel,Automatic,1.5,488,Brown,Liftback,Latin America,4,Fair,Yes
4775,AMG GT,Luxury,2025,143575,170460,Diesel,Manual,3.4,390,Red,Coupe,Middle East,1,Very Good,No
4776,GLS,Exclusive,2018,130679,70152,Plug-in Hybrid,Automatic,4.1,301,Silver,SUV,Latin America,3,New,Yes
4777,EQA,Night Edition,2015,88308,91227,Electric,Automatic,0,539,Red,Sedan,Africa,4,Excellent,No
4778,GLS,Premium,2018,131763,84083,Petrol,Manual,4.2,476,Beige,SUV,Asia Pacific,3,New,No
4779,GLA,Exclusive,2020,57562,91302,Petrol,Manual,5.8,441,Brown,Wagon,North America,3,Fair,Yes
4780,AMG GT,AMG Line,2018,157715,144544,Plug-in Hybrid,Manual,1.4,529,Red,Coupe,Europe,2,Good,No
4781,CLA,Premium,2023,54590,83925,Hybrid,Automatic,1.6,228,Gold,Coupe,Europe,4,Good,Yes
4782,GLE,Premium Plus,2011,77924,128440,Plug-in Hybrid,Manual,2.9,253,Blue,SUV,Africa,4,Very Good,Yes
4783,EQB,Sport,2022,90892,87012,Electric,Automatic,0,304,Blue,Sedan,Asia Pacific,2,Like New,Yes
4784,EQB,Premium,2017,86166,155325,Electric,Automatic,0,449,Silver,SUV,Europe,1,Very Good,No
4785,GLA,Night Edition,2012,80239,62712,Plug-in Hybrid,Automatic,5.7,602,Red,Liftback,North America,2,Excellent,Yes
4786,GLE,Premium Plus,2013,88952,199703,Hybrid,Automatic,3.8,612,Gray,SUV,Europe,4,Good,Yes
4787,S-Class,Premium,2020,108420,150519,Plug-in Hybrid,Manual,3.7,114,Green,SUV,North America,2,Like New,Yes
4788,CLA,Avantgarde,2020,50784,129900,Petrol,Automatic,6.9,414,Gold,Coupe,Latin America,2,Fair,Yes
4789,GLB,AMG Line,2025,85568,130049,Petrol,Manual,6.9,479,Green,SUV,Latin America,1,New,Yes
4790,AMG GT,Base,2019,135529,94470,Petrol,Manual,4.5,133,Brown,Coupe,Middle East,1,Excellent,Yes
4791,CLA,Avantgarde,2010,71221,56159,Hybrid,Automatic,6.3,403,Blue,Coupe,Latin America,1,New,No
4792,GLE,Premium,2018,60751,163157,Diesel,Automatic,1.7,274,Gold,SUV,Europe,2,Fair,Yes
4793,GLE,Premium Plus,2010,90695,71987,Plug-in Hybrid,Automatic,3.2,590,Blue,SUV,North America,3,Fair,No
4794,EQB,Premium Plus,2011,72327,99023,Electric,Automatic,0,227,Black,Sedan,North America,4,Excellent,Yes
4795,GLC,Base,2012,71896,177481,Petrol,Manual,4.7,611,Black,SUV,Latin America,4,Very Good,No
4796,GLS,Premium,2025,123971,123280,Petrol,Manual,6.1,352,Beige,SUV,North America,1,Like New,Yes
4797,AMG GT,Base,2008,146237,76842,Diesel,Manual,3,448,Beige,Coupe,Asia Pacific,3,Like New,Yes
4798,S-Class,Night Edition,2010,92880,135201,Petrol,Manual,5.5,258,Brown,SUV,Latin America,2,Very Good,Yes
4799,EQC,Premium,2014,104446,93275,Electric,Automatic,0,517,Gray,SUV,North America,2,Like New,Yes
4800,EQB,Base,2013,75453,130194,Electric,Automatic,0,426,White,SUV,Asia Pacific,3,Good,No
4801,A-Class,Sport,2010,23085,144136,Hybrid,Automatic,5,163,Blue,Convertible,Europe,3,Good,Yes
4802,B-Class,Base,2022,45133,178764,Petrol,Manual,1.9,462,Gold,Sedan,Europe,1,Fair,Yes
4803,GLA,Exclusive,2014,77085,60301,Diesel,Manual,5.2,614,White,Wagon,North America,4,Like New,Yes
4804,GLC,AMG Line,2017,62676,129510,Hybrid,Automatic,5,121,Red,SUV,Middle East,1,Like New,Yes
4805,A-Class,Sport,2019,37236,199213,Diesel,Automatic,1.7,187,Green,Coupe,Africa,2,Like New,Yes
4806,CLA,Night Edition,2025,81229,56758,Diesel,Manual,6.8,494,Gray,Coupe,Latin America,3,Like New,No
4807,B-Class,Sport,2011,22385,81688,Diesel,Manual,1.6,201,Blue,Coupe,Europe,1,Fair,No
4808,E-Class,Base,2016,81223,43345,Hybrid,Automatic,6.1,187,Gray,Roadster,Europe,3,New,No
4809,C-Class,Premium Plus,2009,54650,86167,Petrol,Automatic,2.7,307,Black,SUV,Asia Pacific,3,Like New,No
4810,E-Class,Premium,2018,95415,114827,Petrol,Manual,5.2,451,Black,Convertible,North America,3,New,No
4811,E-Class,Premium,2020,58125,176601,Hybrid,Automatic,1.8,287,Brown,SUV,North America,4,Fair,Yes
4812,GLC,Sport,2021,63988,181480,Plug-in Hybrid,Automatic,5.7,238,Black,Hatchback,Middle East,2,Good,Yes
4813,CLA,Avantgarde,2011,56736,153594,Petrol,Automatic,4.6,453,Silver,Coupe,Middle East,4,Excellent,No
4814,C-Class,Luxury,2018,57661,197060,Hybrid,Manual,2.9,186,Blue,Convertible,Latin America,3,New,Yes
4815,E-Class,Premium Plus,2020,84516,25151,Plug-in Hybrid,Manual,4.7,383,Gray,SUV,Europe,1,Good,Yes
4816,AMG GT,Night Edition,2012,144203,71828,Petrol,Manual,6.6,619,Black,Coupe,North America,3,Fair,Yes
4817,EQA,AMG Line,2012,75431,69350,Electric,Automatic,0,253,White,Sedan,Middle East,2,Like New,Yes
4818,C-Class,Base,2012,42326,120158,Hybrid,Manual,7,316,Silver,Coupe,Middle East,3,Fair,Yes
4819,GLE,Luxury,2016,85384,208612,Diesel,Manual,4.4,434,Silver,SUV,Africa,4,Excellent,Yes
4820,CLA,AMG Line,2024,68482,179430,Hybrid,Manual,6.2,491,Black,Coupe,Europe,4,Very Good,Yes
4821,EQC,Night Edition,2019,102763,152651,Electric,Automatic,0,554,Brown,Sedan,Middle East,3,Very Good,Yes
4822,GLE,Premium,2022,90386,112721,Hybrid,Automatic,5.1,132,Beige,SUV,Latin America,3,New,Yes
4823,GLA,Luxury,2013,49087,140154,Diesel,Manual,6.3,455,Gray,Hatchback,Asia Pacific,1,Good,No
4824,GLS,Exclusive,2016,124077,68877,Plug-in Hybrid,Automatic,3.7,591,Black,SUV,Asia Pacific,2,Fair,No
4825,S-Class,Avantgarde,2025,116096,167575,Hybrid,Automatic,5.3,277,Brown,SUV,Europe,1,Excellent,Yes
4826,C-Class,Exclusive,2018,42861,180643,Diesel,Automatic,2.9,177,Gold,Wagon,North America,1,Excellent,Yes
4827,S-Class,Avantgarde,2020,110610,121275,Diesel,Automatic,4.3,239,Blue,SUV,Latin America,4,Like New,Yes
4828,GLA,Premium Plus,2017,64240,85089,Hybrid,Manual,5.2,286,Black,Roadster,North America,2,Like New,No
4829,EQA,AMG Line,2015,54864,167424,Electric,Automatic,0,246,Blue,SUV,Asia Pacific,4,Fair,Yes
4830,B-Class,Exclusive,2025,87418,55221,Plug-in Hybrid,Automatic,5.3,555,Brown,Liftback,Europe,1,Excellent,Yes
4831,EQB,Premium,2011,67930,228206,Electric,Automatic,0,409,Gold,Sedan,Asia Pacific,2,Good,Yes
4832,EQB,Premium,2022,89502,170779,Electric,Automatic,0,266,Gold,SUV,Middle East,3,New,Yes
4833,CLA,Night Edition,2013,53930,160155,Diesel,Automatic,7,378,Blue,Coupe,Middle East,3,Like New,No
4834,B-Class,Base,2013,49059,224927,Diesel,Automatic,4,367,Silver,Wagon,Middle East,1,New,Yes
4835,C-Class,AMG Line,2016,41514,125297,Plug-in Hybrid,Manual,2.4,178,White,Convertible,Middle East,2,Fair,Yes
4836,GLB,Exclusive,2015,82987,87680,Petrol,Automatic,3.4,607,White,Sedan,Europe,2,Like New,Yes
4837,EQB,Night Edition,2021,85982,98569,Electric,Automatic,0,331,Blue,Sedan,Africa,4,Very Good,Yes
4838,C-Class,Base,2024,88326,24854,Hybrid,Automatic,5.2,432,Gold,Coupe,North America,1,Like New,No
4839,GLC,AMG Line,2016,66492,159246,Diesel,Manual,1.7,495,Gold,Sedan,Africa,1,Good,No
4840,AMG GT,Exclusive,2018,133296,52041,Petrol,Automatic,1.4,195,Gold,Coupe,Middle East,3,Good,No
4841,GLE,Premium Plus,2015,76450,49885,Diesel,Automatic,4.9,184,Black,SUV,Asia Pacific,1,Like New,Yes
4842,S-Class,Premium Plus,2011,117354,98851,Plug-in Hybrid,Automatic,3.8,504,Red,SUV,Asia Pacific,4,Very Good,Yes
4843,GLS,Base,2015,98825,139807,Hybrid,Automatic,1.7,220,Gold,SUV,Africa,1,Very Good,Yes
4844,B-Class,Premium,2012,35023,111956,Diesel,Manual,2.5,342,Gold,Roadster,Europe,3,Good,Yes
4845,GLC,Base,2023,83311,99638,Hybrid,Automatic,5.2,273,Gold,SUV,North America,3,New,No
4846,AMG GT,Sport,2010,145225,204557,Hybrid,Automatic,4.8,443,Green,Coupe,Asia Pacific,3,Excellent,No
4847,EQB,Premium Plus,2012,61460,76817,Electric,Automatic,0,193,White,Sedan,Middle East,3,Fair,Yes
4848,AMG GT,Sport,2012,126460,170434,Hybrid,Manual,2.6,285,Silver,Coupe,Middle East,4,Fair,Yes
4849,EQC,Premium,2017,102903,172365,Electric,Automatic,0,585,Gray,Sedan,Asia Pacific,1,Very Good,Yes
4850,EQA,Sport,2010,82772,86094,Electric,Automatic,0,526,Blue,Sedan,Latin America,3,Very Good,No
4851,A-Class,Exclusive,2013,74056,100982,Hybrid,Manual,6.3,576,Green,Sedan,North America,1,Like New,Yes
4852,S-Class,Exclusive,2021,141484,107512,Hybrid,Automatic,5.4,612,Black,SUV,Europe,1,Like New,Yes
4853,GLC,Premium Plus,2012,70667,57941,Plug-in Hybrid,Automatic,5,219,Black,Roadster,Middle East,2,Excellent,Yes
4854,EQA,Premium Plus,2009,68372,221359,Electric,Automatic,0,343,Gray,SUV,Latin America,3,Like New,No
4855,GLA,Base,2009,51759,217601,Hybrid,Automatic,3,495,Gold,Roadster,Africa,2,Good,No
4856,E-Class,Exclusive,2009,74596,65680,Plug-in Hybrid,Automatic,3.2,434,Gray,Convertible,Middle East,2,Good,No
4857,B-Class,Exclusive,2017,48529,112622,Hybrid,Automatic,3.9,463,White,Convertible,Africa,2,Fair,Yes
4858,EQA,Base,2022,86736,143975,Electric,Automatic,0,239,Black,Sedan,Latin America,3,New,Yes
4859,GLB,Avantgarde,2013,51168,154114,Plug-in Hybrid,Manual,5.2,166,White,Liftback,North America,2,Very Good,Yes
4860,GLA,Avantgarde,2018,58052,177719,Hybrid,Manual,5.9,297,Black,Hatchback,Africa,3,Excellent,No
4861,B-Class,Night Edition,2018,50705,190140,Hybrid,Automatic,2.9,403,Silver,Coupe,North America,1,Good,Yes
4862,GLA,Night Edition,2024,72847,32433,Hybrid,Manual,6.2,375,Silver,SUV,Africa,4,Excellent,Yes
4863,GLS,Luxury,2019,103295,92652,Hybrid,Manual,6,176,Black,SUV,Africa,3,Excellent,No
4864,GLA,Night Edition,2016,70428,135971,Hybrid,Manual,3.2,512,Black,Liftback,Africa,1,Excellent,No
4865,GLE,Sport,2014,90521,51054,Diesel,Automatic,3.1,528,Red,SUV,Asia Pacific,3,Very Good,No
4866,GLA,Premium Plus,2018,78658,182555,Plug-in Hybrid,Manual,4.1,531,Black,Sedan,Middle East,2,Like New,No
4867,C-Class,AMG Line,2020,75102,159353,Hybrid,Manual,5.3,548,Beige,Roadster,Africa,4,Very Good,No
4868,GLS,AMG Line,2015,105912,201040,Diesel,Manual,4.9,310,White,SUV,North America,4,New,Yes
4869,AMG GT,AMG Line,2020,138027,69946,Hybrid,Automatic,3.7,272,Beige,Coupe,Latin America,4,Fair,Yes
4870,S-Class,Luxury,2008,115091,199589,Hybrid,Manual,4.7,636,Red,SUV,Middle East,2,Good,Yes
4871,GLE,Luxury,2009,74006,187294,Hybrid,Manual,1.7,239,Blue,SUV,Middle East,4,Like New,Yes
4872,GLA,Premium Plus,2013,65096,152697,Plug-in Hybrid,Automatic,2.5,607,Brown,Roadster,Middle East,3,Fair,No
4873,E-Class,Premium,2009,80924,237603,Diesel,Automatic,5.8,570,Green,Wagon,North America,2,New,Yes
4874,S-Class,AMG Line,2017,104126,75767,Hybrid,Automatic,2.2,188,Beige,SUV,Middle East,3,Excellent,Yes
4875,C-Class,Exclusive,2009,41254,116637,Hybrid,Automatic,3.2,316,Blue,Sedan,Latin America,3,Fair,Yes
4876,GLS,Avantgarde,2008,116181,166752,Hybrid,Manual,2.9,467,Gray,SUV,North America,1,Like New,Yes
4877,CLA,Premium Plus,2012,50199,79900,Hybrid,Manual,5.1,187,Gold,Coupe,Africa,2,Excellent,Yes
4878,GLC,Premium Plus,2010,68154,130200,Hybrid,Manual,4.1,537,Brown,Wagon,Africa,1,Fair,Yes
4879,B-Class,AMG Line,2024,63807,170801,Hybrid,Automatic,3.8,228,Brown,Sedan,Asia Pacific,4,New,Yes
4880,EQC,Luxury,2018,115548,107096,Electric,Automatic,0,487,Gold,Sedan,Latin America,4,New,Yes
4881,EQB,Exclusive,2008,96881,75657,Electric,Automatic,0,585,Black,SUV,Latin America,2,Like New,No
4882,EQB,AMG Line,2010,78637,223130,Electric,Automatic,0,595,Beige,Sedan,North America,1,Good,Yes
4883,EQC,Premium,2019,88408,53212,Electric,Automatic,0,325,Blue,Sedan,Europe,1,Very Good,Yes
4884,C-Class,Base,2025,79858,167888,Diesel,Manual,2.9,537,White,SUV,Asia Pacific,3,Like New,Yes
4885,GLA,Sport,2021,72824,43496,Hybrid,Manual,1.9,287,White,Convertible,Latin America,1,Like New,No
4886,GLB,Premium Plus,2023,97966,25653,Hybrid,Manual,6.4,584,Green,Hatchback,Asia Pacific,3,Like New,Yes
4887,EQB,Premium Plus,2024,101357,116935,Electric,Automatic,0,307,Blue,Sedan,Asia Pacific,1,New,Yes
4888,GLE,Premium Plus,2010,109917,107264,Plug-in Hybrid,Automatic,6.9,524,Red,SUV,Middle East,4,New,Yes
4889,A-Class,Luxury,2024,66051,22266,Plug-in Hybrid,Automatic,4.2,344,Red,Hatchback,Africa,2,Very Good,No
4890,GLC,Avantgarde,2017,84014,77595,Petrol,Automatic,5.6,602,Beige,Coupe,Africa,2,Good,Yes
4891,B-Class,Premium,2009,47173,181572,Diesel,Automatic,5,451,Red,Hatchback,Europe,3,Like New,No
4892,GLE,Avantgarde,2015,73823,94169,Diesel,Manual,6.6,178,Gold,SUV,North America,1,Like New,Yes
4893,GLA,Night Edition,2018,63312,156005,Hybrid,Manual,1.7,270,Gold,SUV,Middle East,2,Like New,Yes
4894,AMG GT,AMG Line,2009,134223,90426,Plug-in Hybrid,Automatic,2.9,163,Blue,Coupe,Europe,2,Very Good,No
4895,GLC,Premium,2010,54957,77059,Diesel,Manual,6.5,323,Beige,Hatchback,Asia Pacific,1,Very Good,No
4896,A-Class,Sport,2014,76464,47539,Petrol,Manual,5.1,588,Black,Convertible,Asia Pacific,1,New,No
4897,GLB,AMG Line,2013,39005,86219,Hybrid,Automatic,3.3,142,Blue,Roadster,Latin America,2,Good,Yes
4898,GLE,Night Edition,2015,72190,211537,Hybrid,Automatic,5.1,184,Silver,SUV,Africa,2,Like New,Yes
4899,CLA,Base,2008,62589,221664,Petrol,Automatic,6.3,622,Green,Coupe,Africa,1,Like New,Yes
4900,CLA,Luxury,2020,50914,32484,Petrol,Manual,3.7,306,Beige,Coupe,Africa,3,Good,Yes
4901,A-Class,Sport,2009,25849,225269,Plug-in Hybrid,Manual,4.7,273,Green,Coupe,North America,4,Fair,No
4902,S-Class,Premium Plus,2019,106024,165009,Diesel,Manual,4,426,Gold,SUV,Asia Pacific,3,Very Good,No
4903,GLA,Exclusive,2010,50040,100179,Plug-in Hybrid,Automatic,1.7,348,Blue,Liftback,Latin America,2,Fair,Yes
4904,S-Class,Luxury,2021,136756,152488,Petrol,Automatic,1.4,581,Gray,SUV,Asia Pacific,2,New,No
4905,S-Class,Premium Plus,2020,125176,151074,Petrol,Manual,4.6,449,Silver,SUV,Africa,2,New,Yes
4906,GLE,Premium,2021,108034,26158,Plug-in Hybrid,Manual,3.1,496,Blue,SUV,Africa,4,Very Good,Yes
4907,EQC,Night Edition,2015,109499,99538,Electric,Automatic,0,454,Red,Sedan,Africa,2,New,Yes
4908,C-Class,Premium Plus,2022,59033,80294,Plug-in Hybrid,Automatic,6.3,246,Blue,Sedan,Asia Pacific,3,Good,No
4909,GLC,Sport,2022,50783,151891,Diesel,Automatic,5.2,292,Gold,SUV,Asia Pacific,2,Fair,Yes
4910,EQB,Luxury,2017,80021,95597,Electric,Automatic,0,469,Brown,SUV,Africa,1,Fair,Yes
4911,E-Class,AMG Line,2008,68010,89303,Hybrid,Automatic,4.6,342,Black,Convertible,Europe,1,Good,No
4912,GLA,Exclusive,2018,74052,66888,Hybrid,Automatic,6.2,562,Green,Liftback,Middle East,1,Good,Yes
4913,EQC,Sport,2018,94184,186185,Electric,Automatic,0,372,White,SUV,Europe,4,Like New,Yes
4914,AMG GT,Base,2021,142780,78605,Petrol,Manual,5.1,373,Green,Coupe,North America,2,Good,Yes
4915,CLA,Avantgarde,2015,57762,126374,Plug-in Hybrid,Manual,6.7,475,Silver,Coupe,Europe,1,Fair,Yes
4916,B-Class,Premium Plus,2024,44243,176790,Diesel,Automatic,6.1,155,White,SUV,Latin America,1,Excellent,No
4917,GLE,AMG Line,2015,89629,77491,Hybrid,Automatic,2.3,319,Black,SUV,Middle East,3,Like New,No
4918,GLC,Night Edition,2023,76316,69391,Petrol,Automatic,3.5,487,Black,SUV,Asia Pacific,1,Good,Yes
4919,GLA,Premium,2011,39365,199460,Plug-in Hybrid,Manual,2.5,159,Brown,Hatchback,Europe,3,Very Good,Yes
4920,S-Class,Base,2011,116257,180768,Hybrid,Manual,2.6,615,Red,SUV,Europe,3,Good,Yes
4921,A-Class,Luxury,2016,63759,53001,Diesel,Automatic,6.8,452,Brown,Roadster,Middle East,4,Like New,Yes
4922,GLC,Premium,2025,79991,126257,Diesel,Automatic,5.5,553,Blue,SUV,Asia Pacific,2,Very Good,No
4923,A-Class,Sport,2016,50375,120781,Petrol,Automatic,6.1,545,Beige,Roadster,Middle East,2,Fair,No
4924,EQC,Avantgarde,2016,81453,64189,Electric,Automatic,0,315,Beige,Sedan,Middle East,3,Good,No
4925,GLE,Premium Plus,2009,61121,169128,Hybrid,Automatic,4.6,281,Black,SUV,Latin America,1,Fair,No
4926,GLE,Avantgarde,2021,67579,179297,Petrol,Manual,6.3,121,Gray,SUV,Middle East,1,Very Good,Yes
4927,E-Class,Exclusive,2012,90450,70738,Petrol,Automatic,2.8,500,Red,Wagon,Latin America,4,Like New,Yes
4928,EQA,Avantgarde,2021,89177,39428,Electric,Automatic,0,483,Black,Sedan,Europe,4,Very Good,No
4929,GLE,Base,2025,69735,166409,Petrol,Automatic,5.8,157,Gray,SUV,Asia Pacific,4,Very Good,Yes
4930,CLA,Exclusive,2015,39989,44635,Petrol,Automatic,3.4,175,Beige,Coupe,Europe,4,Very Good,Yes
4931,GLE,Premium Plus,2024,74284,149628,Petrol,Manual,5.9,239,Black,SUV,Latin America,2,Good,Yes
4932,CLA,Base,2012,53613,97999,Plug-in Hybrid,Automatic,3.2,218,Beige,Coupe,North America,2,Excellent,No
4933,CLA,Base,2025,56567,171444,Diesel,Manual,4,586,Gray,Coupe,Latin America,1,Fair,Yes
4934,GLE,Base,2014,92283,112255,Plug-in Hybrid,Manual,5.4,438,Brown,SUV,Middle East,3,Very Good,Yes
4935,E-Class,Premium Plus,2019,74717,33296,Hybrid,Manual,5.5,338,Blue,Coupe,Africa,2,Good,No
4936,C-Class,Luxury,2025,93495,20356,Petrol,Automatic,6.8,521,Gray,Convertible,Latin America,4,New,Yes
4937,GLB,Luxury,2024,76607,19595,Hybrid,Automatic,3.2,136,Red,Coupe,Asia Pacific,1,New,Yes
4938,GLS,Sport,2012,95079,146949,Diesel,Manual,3.9,272,Beige,SUV,Asia Pacific,4,Very Good,Yes
4939,EQB,Premium,2010,71694,120946,Electric,Automatic,0,309,Brown,Sedan,Latin America,2,Very Good,Yes
4940,GLC,Sport,2009,51103,65134,Hybrid,Automatic,6.4,316,Red,Wagon,Africa,3,Fair,No
4941,GLC,Exclusive,2012,75035,190206,Hybrid,Automatic,2.4,360,Silver,Wagon,Europe,3,New,Yes
4942,B-Class,Exclusive,2022,53430,161212,Petrol,Automatic,4,217,Gold,Convertible,Asia Pacific,1,New,Yes
4943,EQC,Premium,2018,109251,70960,Electric,Automatic,0,599,White,Sedan,North America,1,Very Good,No
4944,GLC,Sport,2009,56010,106411,Petrol,Automatic,6,178,Gray,Convertible,Asia Pacific,1,Excellent,No
4945,A-Class,Premium Plus,2016,27935,157470,Plug-in Hybrid,Automatic,2.1,144,Blue,Hatchback,Middle East,1,Fair,No
4946,EQB,Night Edition,2008,83480,198039,Electric,Automatic,0,417,Blue,SUV,Middle East,4,New,No
4947,EQA,Premium,2015,99924,77545,Electric,Automatic,0,509,Gray,SUV,Asia Pacific,3,New,Yes
4948,GLB,Avantgarde,2022,60806,17668,Diesel,Automatic,5.5,318,Brown,Sedan,Europe,3,Good,No
4949,GLA,Sport,2021,63798,76328,Diesel,Automatic,4.6,422,Gray,Coupe,Middle East,3,Very Good,Yes
4950,EQC,AMG Line,2015,86487,147986,Electric,Automatic,0,406,Gold,Sedan,North America,1,Good,Yes
4951,AMG GT,Avantgarde,2025,162919,31947,Plug-in Hybrid,Manual,1.6,420,White,Coupe,North America,3,Good,No
4952,GLC,Avantgarde,2015,88366,150775,Hybrid,Automatic,4.8,538,White,Liftback,Asia Pacific,4,Like New,Yes
4953,EQB,Avantgarde,2012,78245,128268,Electric,Automatic,0,343,Blue,Sedan,Latin America,3,Excellent,Yes
4954,AMG GT,Base,2013,153965,60559,Diesel,Automatic,5.9,609,Gold,Coupe,Middle East,3,Very Good,Yes
4955,B-Class,AMG Line,2020,72755,74221,Petrol,Manual,6.4,607,Black,Coupe,Asia Pacific,4,Excellent,Yes
4956,GLE,Sport,2022,100303,60395,Hybrid,Manual,4.6,366,Silver,SUV,Latin America,2,Like New,No
4957,B-Class,AMG Line,2022,46995,106546,Petrol,Automatic,6.3,203,Black,Hatchback,Africa,1,Very Good,Yes
4958,B-Class,Luxury,2023,58306,145657,Plug-in Hybrid,Manual,1.9,191,Red,Liftback,Latin America,4,Excellent,Yes
4959,EQC,Premium Plus,2019,91157,153976,Electric,Automatic,0,247,Gold,SUV,Latin America,1,Like New,Yes
4960,AMG GT,Avantgarde,2011,133284,65248,Plug-in Hybrid,Automatic,4.6,155,Silver,Coupe,Middle East,2,Very Good,Yes
4961,C-Class,Premium Plus,2011,69817,116694,Hybrid,Automatic,3.3,466,Brown,Coupe,Europe,4,Excellent,No
4962,AMG GT,Exclusive,2024,167998,172662,Petrol,Automatic,6.6,620,Blue,Coupe,Europe,1,Like New,No
4963,GLC,Premium Plus,2012,70091,129130,Hybrid,Manual,6.4,180,Red,Liftback,Middle East,3,New,Yes
4964,C-Class,Premium Plus,2012,60599,197067,Petrol,Automatic,1.7,356,Gold,Liftback,Latin America,2,New,No
4965,GLE,Avantgarde,2024,99386,34119,Petrol,Manual,4.9,480,Silver,SUV,Africa,4,Good,Yes
4966,CLA,Luxury,2019,73390,99152,Petrol,Automatic,3.6,533,Red,Coupe,Asia Pacific,2,Excellent,No
4967,CLA,AMG Line,2020,68346,169476,Plug-in Hybrid,Manual,4.1,355,Red,Coupe,Africa,1,Excellent,Yes
4968,GLC,Base,2021,70581,197359,Plug-in Hybrid,Automatic,3.1,422,Beige,Coupe,Africa,2,Fair,Yes
4969,GLE,Luxury,2017,78670,73766,Plug-in Hybrid,Automatic,3.6,163,Beige,SUV,Europe,4,Very Good,Yes
4970,GLA,Base,2012,46634,140301,Hybrid,Automatic,4.4,278,Brown,Coupe,North America,2,Good,Yes
4971,CLA,Avantgarde,2023,74785,125538,Plug-in Hybrid,Manual,3.6,577,Gold,Coupe,North America,3,Good,Yes
4972,B-Class,Exclusive,2025,62025,49770,Petrol,Manual,2.4,280,Red,Hatchback,North America,3,Excellent,No
4973,EQC,Avantgarde,2014,71588,169772,Electric,Automatic,0,293,Blue,Sedan,North America,3,Good,Yes
4974,B-Class,Premium Plus,2022,55040,186810,Petrol,Automatic,2.5,343,Black,SUV,Asia Pacific,2,Like New,Yes
4975,EQB,Exclusive,2008,101046,140340,Electric,Automatic,0,576,Blue,SUV,Europe,4,New,Yes
4976,EQA,Exclusive,2021,95700,72288,Electric,Automatic,0,443,Blue,Sedan,Asia Pacific,3,Like New,Yes
4977,EQB,Premium Plus,2013,91071,99766,Electric,Automatic,0,528,Gold,SUV,North America,1,Excellent,No
4978,GLE,Night Edition,2019,100067,43652,Plug-in Hybrid,Manual,2.7,513,Green,SUV,Africa,4,Good,Yes
4979,E-Class,Exclusive,2014,95037,98519,Hybrid,Manual,4.6,421,Brown,Coupe,North America,3,New,Yes
4980,E-Class,Premium,2022,60842,93048,Hybrid,Automatic,6.7,143,Brown,Wagon,Latin America,4,Good,No
4981,C-Class,Exclusive,2019,64695,131568,Hybrid,Manual,6.4,413,Blue,Liftback,North America,1,Very Good,No
4982,C-Class,Premium Plus,2016,42799,201145,Diesel,Manual,3.7,125,Red,Coupe,Europe,4,Like New,Yes
4983,EQC,AMG Line,2022,95908,114298,Electric,Automatic,0,258,Blue,SUV,Africa,3,Like New,No
4984,E-Class,Luxury,2016,49686,154077,Diesel,Manual,4.7,212,Blue,SUV,Latin America,4,Good,No
4985,GLE,AMG Line,2020,88546,112372,Hybrid,Automatic,6.4,456,Gray,SUV,Asia Pacific,1,Fair,Yes
4986,B-Class,AMG Line,2008,57072,73908,Hybrid,Manual,4.5,463,Blue,SUV,Africa,4,Excellent,Yes
4987,GLB,Premium,2023,50822,104782,Petrol,Automatic,4.3,309,Red,Convertible,North America,2,Fair,No
4988,AMG GT,Sport,2011,113427,171999,Petrol,Manual,5.5,233,Red,Coupe,North America,1,Fair,Yes
4989,GLB,Luxury,2014,76509,116619,Diesel,Manual,5.2,629,Green,SUV,Latin America,2,Like New,Yes
4990,GLB,Avantgarde,2016,50183,211100,Petrol,Automatic,4.2,273,Gold,Wagon,Europe,3,Excellent,Yes
4991,GLS,Premium Plus,2020,132636,73925,Plug-in Hybrid,Automatic,6.6,599,Gold,SUV,North America,1,Very Good,Yes
4992,CLA,AMG Line,2022,89824,28982,Petrol,Automatic,6.4,607,Gray,Coupe,Middle East,2,New,Yes
4993,A-Class,Sport,2020,53654,88525,Plug-in Hybrid,Automatic,5.7,156,White,SUV,Asia Pacific,4,Excellent,No
4994,EQB,Exclusive,2018,117973,38731,Electric,Automatic,0,610,Blue,Sedan,Europe,4,New,Yes
4995,AMG GT,Premium,2013,142731,179572,Diesel,Manual,6.4,577,Red,Coupe,Europe,2,Good,Yes
4996,GLC,AMG Line,2015,61964,88890,Plug-in Hybrid,Manual,2,243,Black,Liftback,Latin America,4,Fair,Yes
4997,C-Class,Base,2010,70170,118176,Plug-in Hybrid,Automatic,5.7,476,Black,Wagon,Europe,2,Excellent,Yes
4998,A-Class,AMG Line,2017,37448,207939,Diesel,Automatic,3.5,318,Gray,Roadster,Europe,4,Very Good,Yes
4999,EQC,Sport,2023,101526,172176,Electric,Automatic,0,398,Silver,SUV,Africa,4,Like New,Yes
5000,GLS,Luxury,2015,119405,88645,Diesel,Automatic,6.6,619,White,SUV,Asia Pacific,4,Good,Yes
